Candidate_Id,Full_Name,Gender,Age,Graduation_Year,College,Degree,Branch,CGPA,Backlogs,Gap_Year,Prior_Internship,Projects_Count,Certifications_Count,Top_Skills,Job_Application_Platform,Company_Applied,Sector,Job_Role,Work_Type,Job_Location,Application_Date,Hiring_Stage,Interview_Rounds,Response_Time_Days,Offered_Salary_Inr,Linkedin_Connections,Profile_Completion_Pct,Linkedin_Premium,Referral_Applied,Skill_Set_Count,Career_Gap
1,Deepika Shukla,Female,23,2021,BITS Goa,B.E.,Electrical,5.89,3,Yes,Yes,1,4,Ruby on Rails | Data Analysis,AngelList,Fractal Analytics,EdTech,QA Engineer,Internship,Bengaluru,2021-11-23,Technical Interview,3.0,22,Not Available,1188,64,Not Available,No,5,0
4,Darshan Dey,Male,22,2022,BITS Goa,B.Sc (CS),Computer Science,8.86,3,No,Yes,1,1,Node.js | JavaScript | MongoDB | Azure | Hive,LinkedIn,Absolutdata,Automotive,Business Analyst,Full-time,Coimbatore,2023-08-17,Online Assessment,Not Available,36,Not Available,97,98,No,No,2,1
5,Uma Grewal,Female,25,2020,Pune University,MCA,Computer Applications,7.54,2,No,No,4,0,Hive | Flutter | Hadoop | Data Analysis,LinkedIn,Zoho,Retail,Systems Engineer,Contract,Bengaluru,2024-05-11,Shortlisted,Not Available,2,Not Available,508,78,No,No,4,4
6,Siddharth Kulkarni,Male,21,2020,Osmania University Hyderabad,M.Tech,Computer Science,9.9,1,No,No,4,1,PHP | Hadoop | Figma | Excel,Glassdoor,MakeMyTrip,Media & Entertainment,Product Manager,Full-time,Mysuru,2024-08-23,Shortlisted,Not Available,34,Not Available,1899,62,Not Available,No,5,4
7,Rohan Bhatt,Male,23,2024,VIT Vellore,B.Tech,Electronics & Communication,8.69,0,No,No,6,2,Flutter | Tableau,Naukri,Cure.fit,EdTech,Cybersecurity Analyst,Full-time,Visakhapatnam,2024-03-26,Online Assessment,Not Available,31,Not Available,1717,67,Not Available,Yes,8,0
9,Gargi Choudhury,Female,27,2023,NIT Calicut,MCA,Computer Applications,6.24,0,No,Yes,6,3,Figma | Linux | Networking | Ruby on Rails,Cutshort,Cure.fit,E-commerce,DevOps Engineer,Full-time,Mumbai,2024-04-01,HR Interview,4.0,4,Not Available,1334,58,Not Available,Yes,9,1
11,Nikhil Patel,Male,27,2024,Symbiosis Pune,B.E.,Computer Science,7.92,2,No,Yes,0,1,Leadership | Machine Learning | Selenium | Laravel,AngelList,Upstox,IT/Software,iOS Developer,Internship,Gurugram,2024-09-20,Applied,Not Available,9,Not Available,1133,62,Not Available,No,1,0
14,Ojaswini Chopra,Female,23,2022,NIT Trichy,B.E.,Civil,9.42,3,No,No,3,2,Power BI | Java | R | Data Analysis,Indeed,Citi India,AgriTech,Business Analyst,Contract,Noida,2022-12-21,Technical Interview,1.0,26,Not Available,2833,89,Not Available,No,5,0
15,Abhinav Srivastava,Male,24,2020,IIT Hyderabad,BBA,HR,7.06,2,No,No,0,3,Communication | C++ | Bash Scripting,Indeed,Angel One,FinTech,Cybersecurity Analyst,Internship,Patna,2024-10-05,Applied,Not Available,28,Not Available,336,97,Not Available,No,3,4
16,Charmi Malhotra,Female,24,2024,Delhi University,MCA,Computer Applications,7.31,2,No,Yes,5,3,Spark | TypeScript | Teamwork,Indeed,Infosys,HealthTech,Product Manager,Full-time,Visakhapatnam,2024-05-27,Technical Interview,5.0,30,Not Available,1859,83,Not Available,No,8,0
17,Lakshay Sethi,Male,21,2022,COEP Pune,BBA,Finance,5.92,1,No,Yes,1,1,C++ | Tableau,Shine,Deloitte,Telecom,Operations Analyst,Part-time,Visakhapatnam,2022-02-03,HR Interview,1.0,25,Not Available,2074,80,Not Available,No,2,0
18,Tanvi Sengupta,Female,23,2021,IIM Bangalore,B.Com,Accounting,5.73,1,No,Yes,1,3,Selenium | Spark | Networking | Flutter,Indeed,Urban Company,E-commerce,Database Administrator,Part-time,Bhopal,2022-06-15,HR Interview,2.0,41,Not Available,1185,88,Not Available,No,4,1
19,Nikhil Agarwal,Male,23,2022,Bangalore University,MBA,Business Analytics,5.86,1,No,No,5,1,PyTorch | Docker,Internshala,Fractal Analytics,IT/Software,DevOps Engineer,Part-time,Indore,2024-04-11,Rejected,3.0,2,Not Available,2408,79,Not Available,No,6,2
20,Qasim Majumdar,Male,23,2023,VIT Vellore,B.Sc (IT),Information Technology,7.69,3,No,No,3,5,REST APIs | AWS | Spark,Internshala,Coforge,Automotive,Sales Executive,Internship,Delhi NCR,2024-08-09,Shortlisted,Not Available,30,Not Available,794,58,Not Available,No,8,1
22,Zaid Negi,Male,22,2024,IIEST Shibpur,B.E.,Electronics,9.84,0,No,No,4,5,TensorFlow | Bash Scripting | Data Analysis | React | GraphQL,Cutshort,Goldman Sachs,Banking & Finance,Data Scientist,Internship,Mysuru,2024-05-14,Offer,3.0,37,34090.0,218,77,Not Available,No,9,0
24,Brijesh Lodha,Male,26,2022,IIT Delhi,M.Tech,AI/ML,6.32,1,No,Yes,2,4,Ruby on Rails | Python | PHP | Data Analysis,LinkedIn,Mu Sigma,Telecom,Cybersecurity Analyst,Internship,Vadodara,2023-09-03,Technical Interview,2.0,32,Not Available,1885,56,Yes,No,6,1
25,Raghav Negi,Male,27,2024,RV College Bangalore,MBA,Operations,9.98,2,No,No,2,2,MongoDB | Networking | Data Analysis,Naukri,Ola,EdTech,DevOps Engineer,Internship,Noida,2024-04-22,Withdrawn,Not Available,34,Not Available,2494,73,Not Available,No,4,0
26,Zara Naik,Female,25,2021,Delhi University,B.Tech,Mechanical Engineering,6.73,0,No,No,1,5,SQL | Python | TypeScript | Leadership | Kotlin,Indeed,Tata Steel,E-commerce,Data Analyst,Full-time,Nagpur,2021-08-22,Offer,1.0,32,720172.0,353,91,Not Available,No,6,0
27,Onkar Garg,Male,21,2021,BITS Pilani,B.Com,Accounting,8.23,1,No,Yes,3,2,Teamwork | TypeScript | Spark | JavaScript | Cybersecurity,LinkedIn,Nykaa,Logistics,DevOps Engineer,Full-time,Delhi NCR,2021-11-18,Applied,Not Available,36,Not Available,357,65,Yes,No,5,0
31,Furqan Oberoi,Male,27,2020,NIT Calicut,B.Sc (IT),Information Technology,9.67,3,No,No,0,5,Bash Scripting | Machine Learning | Teamwork,Internshala,Mu Sigma,Banking & Finance,ML Engineer,Contract,Hyderabad,2023-08-04,Rejected,3.0,42,Not Available,680,86,Not Available,No,5,3
32,Bharat Majumdar,Male,27,2023,SRM University Chennai,M.Tech,Software Engineering,6.15,1,No,No,1,0,PyTorch | Docker | Flutter | Problem Solving,Campus Placement,Samsung India,Media & Entertainment,Product Manager,Part-time,Visakhapatnam,2024-09-13,Online Assessment,Not Available,10,Not Available,1879,89,Not Available,No,1,1
35,Deepika Mehta,Female,25,2020,Pune University,MBA,HR,7.44,1,No,No,6,1,Deep Learning | Node.js | Spark,Referral,Axis Bank,Telecom,Recruiter,Internship,Ahmedabad,2023-08-03,Technical Interview,4.0,30,Not Available,1095,97,Not Available,Yes,7,3
36,Eisha Swamy,Female,22,2020,IIIT Allahabad,MBA,Business Analytics,6.85,3,No,No,2,1,Kotlin | SQL | Tableau | Spring Boot | TypeScript,Naukri,Intel India,Media & Entertainment,Product Manager,Full-time,Mysuru,2023-03-22,Applied,Not Available,37,Not Available,2859,58,Not Available,No,3,3
37,Yukti Naik,Female,25,2021,BIT Mesra Ranchi,B.Sc (CS),Computer Science,8.55,1,No,No,5,0,Selenium | C++ | GraphQL | Django,AngelList,Google India,HealthTech,HR Executive,Internship,Chennai,2022-02-16,Applied,Not Available,35,Not Available,1548,88,Not Available,No,5,1
38,Lakshay Patil,Male,27,2022,JNTUH Hyderabad,MBA,Finance,7.61,0,No,No,6,5,Ruby on Rails | Django | Node.js | TensorFlow | Python,Naukri,Zomato,Telecom,Marketing Analyst,Internship,Mysuru,2022-06-21,Online Assessment,Not Available,41,Not Available,1571,61,Not Available,No,11,0
39,Akhil Soni,Male,25,2024,VIT Vellore,B.E.,Civil,9.59,2,No,Yes,0,0,Swift | MongoDB | SQL | Tableau,Referral,PhonePe,Consulting,QA Engineer,Full-time,Patna,2024-11-27,Rejected,1.0,27,Not Available,2455,64,Not Available,No,0,0
40,Usha Choudhury,Female,24,2020,SRMIST Chennai,MBA,Marketing,7.5,1,No,Yes,5,2,JavaScript | TensorFlow | Problem Solving | Data Analysis,Apna,Delhivery,Banking & Finance,iOS Developer,Full-time,Remote,2024-05-07,Withdrawn,Not Available,4,Not Available,1416,70,Not Available,No,7,4
43,Tushar Sundaram,Male,24,2023,COEP Pune,BBA,HR,5.95,0,No,No,6,4,Figma | Selenium | Power BI,Indeed,Delhivery,Consulting,Operations Analyst,Internship,Jaipur,2023-05-25,Shortlisted,Not Available,17,Not Available,1583,64,Not Available,No,10,0
49,Jay Bhatia,Male,21,2021,Nirma University Ahmedabad,M.Tech,VLSI,8.9,3,No,No,5,5,Hive | Git | Azure | Selenium,LinkedIn,Lenskart,Logistics,Product Manager,Internship,Visakhapatnam,2021-04-26,Shortlisted,Not Available,5,Not Available,1321,84,No,Yes,10,0
52,Ekansh Sandhu,Male,26,2021,IIEST Shibpur,B.E.,Mechanical,8.02,2,No,No,6,5,Scala | R,Indeed,Hexaware,IT/Software,Marketing Analyst,Full-time,Kolkata,2022-12-01,Rejected,2.0,32,Not Available,836,69,Not Available,No,11,1
55,Wasim Mishra,Male,23,2023,Amity University Noida,B.Tech,Electrical Engineering,5.74,2,No,No,2,1,Git | SQL,Campus Placement,L&T Infotech,FinTech,Backend Developer,Full-time,Gurugram,2023-08-26,Technical Interview,1.0,9,Not Available,2939,85,Not Available,No,3,0
56,Neha Patil,Female,23,2021,Christ University Bangalore,BBA,HR,6.0,2,No,Yes,1,3,React | MongoDB | Swift | Hadoop | Laravel,LinkedIn,Zerodha,Automotive,ML Engineer,Internship,Gurugram,2023-05-30,Applied,Not Available,23,Not Available,1035,91,No,No,4,2
57,Neeraj Nair,Male,20,2023,MDI Gurgaon,M.Tech,Computer Science,8.36,2,No,Yes,6,0,Tableau | Networking | R | Hive,LinkedIn,L&T Infotech,E-commerce,Data Analyst,Full-time,Jaipur,2024-08-09,Applied,Not Available,44,Not Available,1953,99,No,No,6,1
58,Arnav Kumar,Male,24,2021,IIT Madras,B.Sc (CS),Computer Science,6.92,2,No,No,4,3,C++ | Scala | Data Analysis | Leadership,Naukri,Accenture,AgriTech,Android Developer,Full-time,Hyderabad,2023-01-24,Shortlisted,Not Available,26,Not Available,1851,79,Not Available,No,7,2
59,Jignesh Venkatesh,Male,25,2024,Anna University Chennai,B.E.,Civil,5.86,1,No,Yes,0,2,Teamwork | Selenium | Hadoop | Bash Scripting,Indeed,Lenskart,Manufacturing,QA Engineer,Full-time,Chandigarh,2024-06-13,Withdrawn,Not Available,18,Not Available,2669,58,Not Available,Yes,2,0
60,Indira Natarajan,Female,22,2020,BITS Hyderabad,BBA,HR,5.66,0,No,No,2,3,Hadoop | Azure,Cutshort,Persistent Systems,Manufacturing,QA Engineer,Internship,Visakhapatnam,2021-10-09,Online Assessment,Not Available,26,Not Available,1337,96,Not Available,No,5,1
61,Deepika Dubey,Female,27,2024,KIIT Bhubaneswar,B.Com,Commerce,6.68,2,No,Yes,4,2,Data Analysis | MongoDB | AWS | React | Selenium,LinkedIn,Lenskart,Banking & Finance,Technical Support Engineer,Internship,Jaipur,2024-09-29,Shortlisted,Not Available,5,Not Available,2302,89,No,No,6,0
62,Kamlesh Sodhi,Male,22,2022,COEP Pune,B.Sc (CS),Computer Science,9.93,1,No,No,2,4,REST APIs | Ruby on Rails | AWS | Spark,Referral,IBM India,HealthTech,Finance Analyst,Contract,Patna,2023-09-08,Online Assessment,Not Available,27,Not Available,2404,59,Not Available,Yes,6,1
64,Balram Garg,Male,21,2024,MNNIT Allahabad,BCA,Computer Applications,6.27,2,No,No,6,0,C++ | Scala,HackerEarth,Morgan Stanley India,Logistics,DevOps Engineer,Internship,Kochi,2024-06-19,Technical Interview,3.0,32,Not Available,2618,89,Not Available,No,6,0
66,Usha Majumdar,Female,23,2021,IIM Calcutta,MBA,Business Analytics,8.75,1,No,No,4,3,Teamwork | Swift | Java | Node.js | TensorFlow,Internshala,Axis Bank,EdTech,Sales Executive,Full-time,Mumbai,2022-07-31,Online Assessment,Not Available,42,Not Available,2804,85,Not Available,No,7,1
71,Parth Ahuja,Male,26,2023,IIM Calcutta,MBA,Marketing,6.81,2,No,Yes,3,5,Cybersecurity | Kotlin | Excel | Data Analysis,Campus Placement,Barclays India,Retail,Data Scientist,Full-time,Hyderabad,2024-06-14,HR Interview,5.0,16,Not Available,1043,58,Not Available,No,8,1
72,Uday Joshi,Male,21,2023,Bangalore University,M.Tech,Computer Science,8.57,1,Yes,No,1,3,Kotlin | Scala | Data Analysis | Leadership | Git,Naukri,Capgemini,FinTech,Business Analyst,Internship,Ahmedabad,2024-01-01,HR Interview,2.0,3,Not Available,767,81,Not Available,No,4,1
73,Shreya Bajaj,Female,27,2021,JNTUH Hyderabad,B.Sc (IT),Information Technology,5.54,0,No,Yes,3,5,AWS | Flutter | REST APIs | Problem Solving | Data Analysis,Campus Placement,L&T Infotech,E-commerce,Database Administrator,Full-time,Noida,2022-01-17,Applied,Not Available,22,Not Available,1258,91,Not Available,No,8,1
77,Madhuri Porwal,Female,21,2020,IIIT Hyderabad,MBA,Strategy,5.79,0,No,Yes,3,0,PyTorch | Deep Learning | AWS | Scala,Shine,Fractal Analytics,Manufacturing,Digital Marketing Executive,Full-time,Indore,2023-02-09,Applied,Not Available,43,Not Available,2258,63,Not Available,No,3,3
82,Vishal Jain,Male,25,2022,KIIT Bhubaneswar,M.Tech,Software Engineering,8.42,2,No,No,3,3,Networking | Kotlin,HackerEarth,Bosch India,EdTech,Marketing Analyst,Full-time,Mumbai,2024-02-27,Offer,5.0,2,403011.0,1118,90,Not Available,No,6,2
85,Varun Sundaram,Male,22,2021,NIT Surathkal,BBA,Finance,9.17,2,No,Yes,3,3,Linux | Power BI | Teamwork,Cutshort,Amazon India,Logistics,SEO Analyst,Internship,Mumbai,2021-07-11,Shortlisted,Not Available,25,Not Available,2313,85,Not Available,Yes,6,0
87,Qasim Ahuja,Male,25,2023,SVNIT Surat,BCA,Computer Applications,7.75,2,Yes,Yes,6,0,Hadoop | Spark | TensorFlow | Git,LinkedIn,Barclays India,FinTech,QA Engineer,Full-time,Chandigarh,2024-02-07,Rejected,5.0,28,Not Available,810,98,No,No,6,1
89,Eshan Choudhury,Male,26,2020,Osmania University Hyderabad,B.Com,Commerce,8.07,1,No,Yes,2,2,Swift | Azure | React | Machine Learning,Indeed,Fractal Analytics,HealthTech,Embedded Engineer,Internship,Chandigarh,2022-05-31,Rejected,4.0,41,Not Available,2080,93,Not Available,No,4,2
90,Farhan Sharma,Male,26,2022,XLRI Jamshedpur,BBA,HR,9.12,2,No,Yes,6,5,Teamwork | Git | Hadoop,IIMJobs,MakeMyTrip,Telecom,HR Executive,Full-time,Indore,2022-10-16,Shortlisted,Not Available,45,Not Available,2642,86,Not Available,No,11,0
92,Sarika Porwal,Prefer not to say,26,2024,COEP Pune,MCA,Computer Applications,9.06,2,No,No,4,5,SQL | Tableau,Cutshort,Mphasis,E-commerce,Android Developer,Internship,Visakhapatnam,2024-08-14,Technical Interview,1.0,26,Not Available,1408,82,Not Available,Yes,9,0
93,Hitesh Balakrishnan,Male,23,2023,Lovely Professional University,MCA,Computer Applications,8.98,1,No,Yes,0,2,Node.js | MongoDB | Networking | Azure | Kubernetes,Naukri,Delhivery,FinTech,DevOps Engineer,Full-time,Chandigarh,2023-09-03,Applied,Not Available,45,Not Available,1903,75,Not Available,Yes,2,0
97,Aditya Lodha,Male,20,2021,Pune University,B.Tech,Information Technology,6.51,2,No,No,5,3,TypeScript | MongoDB,Naukri,Hexaware,Retail,Content Writer,Internship,Bhubaneswar,2023-06-23,Online Assessment,Not Available,28,Not Available,469,96,Not Available,No,8,2
98,Karan Ghosh,Male,24,2022,MDI Gurgaon,B.E.,Civil,9.39,0,No,Yes,6,5,Bash Scripting | Spark | Hive | Figma,LinkedIn,PhonePe,FinTech,DevOps Engineer,Internship,Mumbai,2024-03-13,Shortlisted,Not Available,18,Not Available,2494,89,Yes,No,11,2
99,Parth Jadhav,Male,21,2021,SVNIT Surat,MCA,Computer Applications,9.97,1,No,Yes,1,5,Tableau | MATLAB | TensorFlow | Swift,LinkedIn,Barclays India,Logistics,Operations Analyst,Full-time,Delhi NCR,2024-07-21,Offer,4.0,26,347616.0,2161,72,No,No,6,3
102,Priya Patel,Female,25,2020,MDI Gurgaon,MCA,Computer Applications,7.65,1,No,No,0,0,Django | Teamwork | AWS | Spring Boot,HackerEarth,PhonePe,Logistics,iOS Developer,Full-time,Surat,2024-02-28,Applied,Not Available,42,Not Available,722,83,Not Available,No,0,4
103,Jay Choudhury,Male,27,2021,IIT Kanpur,B.E.,Electronics,8.89,3,No,Yes,6,1,Problem Solving | Scala | Node.js,Naukri,Samsung India,FinTech,Data Scientist,Full-time,Mysuru,2022-09-10,Applied,Not Available,39,Not Available,2137,67,Not Available,No,7,1
107,Abhinav Oswal,Male,21,2023,IIIT Bangalore,B.Com,Accounting,5.75,1,No,Yes,0,4,Power BI | Cybersecurity,Internshala,Cognizant,AgriTech,SEO Analyst,Full-time,Mumbai,2023-08-25,Shortlisted,Not Available,10,Not Available,783,57,Not Available,No,4,0
108,Babita Majumdar,Female,23,2022,SRM University Chennai,MCA,Computer Applications,6.72,0,No,Yes,5,0,Power BI | PHP | C++,IIMJobs,IBM India,Telecom,SEO Analyst,Full-time,Gurugram,2022-11-02,Applied,Not Available,30,Not Available,82,78,Not Available,No,5,0
110,Vishal Majumdar,Male,27,2020,BITS Hyderabad,B.Sc (IT),Information Technology,5.7,1,No,No,5,2,Cybersecurity | Node.js | GraphQL | SQL | Flutter,LinkedIn,Coforge,Banking & Finance,Sales Executive,Internship,Kochi,2024-09-18,Rejected,4.0,16,Not Available,1244,71,No,No,7,4
111,Dimple Saxena,Female,27,2022,VIT Vellore,B.E.,Electronics,6.11,0,No,Yes,3,2,MongoDB | Laravel | Kubernetes | Excel | Selenium,Naukri,Morgan Stanley India,AgriTech,Full Stack Developer,Full-time,Mysuru,2022-09-16,Offer,3.0,39,1130729.0,215,68,Not Available,No,5,0
113,Akash Yadav,Male,27,2021,IIT Kanpur,MBA,Finance,5.69,3,Yes,No,3,5,Swift | Java | Spring Boot | MATLAB | Figma,LinkedIn,Meesho,E-commerce,Cloud Engineer,Full-time,Pune,2021-03-12,Technical Interview,5.0,40,Not Available,1056,96,No,No,8,0
114,Manish Shukla,Male,26,2021,Chandigarh University,B.Sc (CS),Computer Science,8.34,0,No,No,2,3,Kubernetes | TypeScript | Flutter | Git | Spring Boot,Naukri,HCL Technologies,Manufacturing,UX Designer,Full-time,Bhubaneswar,2022-07-30,Applied,Not Available,31,Not Available,2218,77,Not Available,No,5,1
116,Karan Mishra,Male,20,2021,IIEST Shibpur,B.Sc (CS),Computer Science,7.87,0,No,No,6,1,Bash Scripting | Deep Learning | Git | JavaScript,LinkedIn,Razorpay,FinTech,Full Stack Developer,Part-time,Chandigarh,2021-05-29,Shortlisted,Not Available,43,Not Available,1670,92,Yes,No,7,0
118,Nikhil Kulkarni,Male,25,2022,NIT Trichy,B.E.,Mechanical,7.51,2,No,No,2,2,Networking | Python,LinkedIn,Lenskart,Media & Entertainment,Operations Analyst,Contract,Kochi,2023-10-07,Offer,5.0,35,618292.0,1587,61,No,No,4,1
119,Geeta Hegde,Female,22,2023,IIT Roorkee,B.Tech,Information Technology,5.59,2,No,Yes,1,3,Networking | React | Ruby on Rails,Foundit,Google India,Manufacturing,UX Designer,Contract,Nagpur,2024-12-13,Applied,Not Available,42,Not Available,725,93,Not Available,No,4,1
120,Varun Rastogi,Male,23,2021,Chandigarh University,B.Com,Finance,9.67,2,No,Yes,0,0,TypeScript | Ruby on Rails | Swift | Azure | JavaScript,Naukri,Absolutdata,Banking & Finance,Product Manager,Internship,Remote,2024-05-14,Online Assessment,Not Available,7,Not Available,155,68,Not Available,No,0,3
123,Balram Shah,Male,24,2022,Osmania University Hyderabad,B.E.,Computer Science,7.25,3,No,No,4,3,Linux | Spark,Unstop,Fractal Analytics,Banking & Finance,Operations Analyst,Full-time,Visakhapatnam,2024-04-19,Online Assessment,Not Available,7,Not Available,482,91,Not Available,No,7,2
124,Janhavi Thakur,Female,26,2022,KIIT Bhubaneswar,M.Tech,Software Engineering,8.24,0,No,Yes,4,4,C++ | TensorFlow | Docker | Linux | Tableau,LinkedIn,1mg,HealthTech,Digital Marketing Executive,Full-time,Jaipur,2022-09-13,Shortlisted,Not Available,32,Not Available,2901,98,Yes,No,8,0
128,Mansi Porwal,Female,21,2020,COEP Pune,MBA,Business Analytics,8.41,2,No,Yes,0,2,Hive | Git | Problem Solving | Communication,Cutshort,Qualcomm India,EdTech,Backend Developer,Full-time,Ahmedabad,2021-04-27,Offer,2.0,39,1191339.0,1705,97,Not Available,No,2,1
129,Babita Venkatesh,Female,24,2022,Chandigarh University,MCA,Computer Applications,8.82,1,No,No,5,4,R | Kubernetes | Flutter | Teamwork | Machine Learning,Campus Placement,Ola,HealthTech,Full Stack Developer,Full-time,Patna,2022-06-14,HR Interview,1.0,36,Not Available,799,98,Not Available,No,9,0
131,Dhruv Saxena,Prefer not to say,22,2020,NSUT Delhi,MBA,Strategy,9.94,2,No,Yes,2,1,TypeScript | Machine Learning | Swift,Campus Placement,Google India,E-commerce,UX Designer,Full-time,Kochi,2023-04-07,Shortlisted,Not Available,31,Not Available,1620,55,Not Available,Yes,3,3
133,Eklavya Rawat,Male,23,2021,IIM Bangalore,MCA,Computer Applications,6.53,1,No,Yes,4,1,Django | Bash Scripting,Cutshort,Tech Mahindra,Consulting,Digital Marketing Executive,Internship,Bhubaneswar,2024-01-01,Technical Interview,1.0,39,Not Available,246,97,Not Available,Yes,5,3
134,Suresh Majumdar,Male,27,2023,BITS Pilani,B.Com,Accounting,7.63,1,No,No,0,2,R | SQL | PHP | Problem Solving | Spark,Unstop,PhonePe,Consulting,Content Writer,Part-time,Surat,2024-06-19,Applied,Not Available,8,Not Available,485,86,Not Available,No,2,1
136,Amit Reddy,Male,22,2020,SP Jain Mumbai,B.Sc (IT),Information Technology,9.11,2,No,Yes,6,0,AWS | R,Cutshort,L&T Infotech,Manufacturing,Digital Marketing Executive,Full-time,Coimbatore,2022-07-04,Offer,4.0,24,347466.0,1453,66,Not Available,Yes,6,2
139,Chirag Venkatesh,Male,22,2020,SVNIT Surat,M.Tech,AI/ML,6.58,2,Yes,Yes,5,3,Tableau | Node.js | REST APIs | Selenium | TypeScript,Indeed,PolicyBazaar,Telecom,HR Executive,Full-time,Nagpur,2024-08-31,Applied,Not Available,26,Not Available,1738,57,Not Available,No,8,4
140,Manish Khatri,Male,24,2024,Christ University Bangalore,B.Sc (CS),Computer Science,9.78,2,No,No,6,3,Ruby on Rails | Spark | Hadoop | Kotlin,AngelList,Hexaware,Media & Entertainment,QA Engineer,Full-time,Bhubaneswar,2024-09-11,Applied,Not Available,22,Not Available,1504,95,Not Available,No,9,0
141,Inder Negi,Male,21,2020,NIT Trichy,M.Tech,Data Science,9.2,3,Yes,No,1,0,Excel | REST APIs | Data Analysis | Bash Scripting | Docker,LinkedIn,Fractal Analytics,IT/Software,Recruiter,Internship,Mysuru,2024-04-20,Applied,Not Available,29,Not Available,1923,97,No,No,1,4
142,Ananya Sundaram,Female,20,2024,IIIT Hyderabad,BBA,HR,9.66,1,No,Yes,6,1,Spring Boot | R,Unstop,Siemens India,Retail,Digital Marketing Executive,Full-time,Coimbatore,2024-11-19,HR Interview,4.0,18,Not Available,1679,76,Not Available,No,7,0
144,Payal Ahuja,Female,24,2023,IIM Bangalore,B.Tech,Electronics & Communication,5.61,1,Yes,Yes,2,1,MATLAB | Communication | Azure | JavaScript,Cutshort,Intel India,EdTech,Systems Engineer,Full-time,Chandigarh,2023-07-16,Applied,Not Available,44,Not Available,2351,69,Not Available,No,3,0
148,Deepika Balakrishnan,Female,25,2024,IIM Bangalore,B.Com,Accounting,7.69,2,No,Yes,4,0,Machine Learning | Laravel,Internshala,IBM India,EdTech,iOS Developer,Internship,Kolkata,2024-11-04,Shortlisted,Not Available,7,Not Available,892,89,Not Available,No,4,0
152,Leena Biswas,Female,21,2022,HBTU Kanpur,B.E.,Mechanical,5.94,3,No,Yes,5,5,SQL | Leadership | Spark,LinkedIn,Uber India,Manufacturing,Embedded Engineer,Full-time,Coimbatore,2024-09-12,Shortlisted,Not Available,38,Not Available,674,91,No,No,10,2
153,Gargi Sharma,Female,25,2021,IIM Ahmedabad,B.Sc (CS),Computer Science,6.75,2,No,No,3,3,Kubernetes | Teamwork | Swift | Ruby on Rails | SQL,LinkedIn,Amazon India,AgriTech,Cloud Engineer,Part-time,Pune,2024-01-09,Applied,Not Available,41,Not Available,363,59,No,No,6,3
154,Puja Porwal,Female,26,2024,NIT Calicut,B.Tech,Information Technology,7.95,3,No,Yes,3,1,AWS | REST APIs | Flutter | Node.js,Naukri,Groww,IT/Software,iOS Developer,Full-time,Coimbatore,2024-11-02,Applied,Not Available,33,Not Available,624,83,Not Available,No,4,0
158,Neha Sethi,Female,24,2020,NIT Calicut,M.Tech,Software Engineering,9.97,3,No,No,4,1,Spark | R | Flutter,Naukri,Tata Steel,Telecom,UX Designer,Internship,Ahmedabad,2023-02-14,Shortlisted,Not Available,7,Not Available,117,67,Not Available,No,5,3
161,Sarika More,Female,26,2024,Lovely Professional University,BBA,Finance,9.96,3,No,Yes,6,4,Deep Learning | Django | Ruby on Rails | Kotlin | Communication,TimesJobs,Bajaj Finserv,FinTech,Data Scientist,Full-time,Pune,2024-09-12,Applied,Not Available,15,Not Available,1879,99,Not Available,No,10,0
162,Hitesh Anand,Male,25,2024,Presidency University Kolkata,B.Tech,Mechanical Engineering,7.25,0,No,No,3,4,Node.js | React | Communication | Power BI | Django,LinkedIn,Tech Mahindra,Media & Entertainment,Finance Analyst,Contract,Indore,2024-06-11,Technical Interview,2.0,19,Not Available,2964,93,Yes,No,7,0
164,Puja Thakur,Female,25,2022,VIT Vellore,BBA,Marketing,7.55,3,No,Yes,3,4,Ruby on Rails | React,Internshala,Tata Steel,Banking & Finance,Technical Support Engineer,Full-time,Noida,2024-01-07,Offer,5.0,17,852819.0,2893,83,Not Available,No,7,2
166,Mohit Menon,Male,24,2021,JNTUH Hyderabad,B.Sc (CS),Computer Science,8.82,1,No,No,1,1,Tableau | Spark | Kubernetes,LinkedIn,Flipkart,Banking & Finance,Recruiter,Full-time,Mysuru,2023-10-06,Technical Interview,5.0,35,Not Available,223,85,No,No,2,2
167,Dipali Dubey,Female,24,2023,VIT Vellore,BBA,Marketing,5.74,3,No,No,4,2,MATLAB | Deep Learning | REST APIs | MongoDB | Linux,Internshala,Bosch India,Media & Entertainment,Software Engineer,Full-time,Kolkata,2023-02-17,Online Assessment,Not Available,21,Not Available,1531,94,Not Available,No,6,0
168,Abhinav Kulkarni,Male,24,2023,Presidency University Kolkata,MBA,HR,6.33,3,No,No,2,2,Problem Solving | Selenium | Deep Learning | TypeScript | AWS,Shine,ICICI Bank,AgriTech,Full Stack Developer,Internship,Ahmedabad,2024-02-12,Shortlisted,Not Available,25,Not Available,853,64,Not Available,No,4,1
172,Ritesh Sundaram,Male,21,2020,Manipal Institute of Technology,BBA,Marketing,5.88,3,No,Yes,2,3,AWS | PHP | Machine Learning,LinkedIn,Mphasis,AgriTech,Recruiter,Full-time,Nagpur,2023-08-15,Withdrawn,Not Available,35,Not Available,1165,90,No,No,5,3
175,Janhavi Jadhav,Female,26,2021,SP Jain Mumbai,B.E.,Electronics,6.11,0,No,No,2,5,Data Analysis | Git | Java | Azure | JavaScript,Apna,Wipro,E-commerce,Full Stack Developer,Full-time,Pune,2023-06-17,HR Interview,2.0,15,Not Available,419,64,Not Available,Yes,7,2
179,Mohini Bansal,Female,27,2021,Symbiosis Pune,BCA,Computer Applications,6.96,3,No,No,6,4,React | PHP | Azure,Indeed,Morgan Stanley India,Retail,Marketing Analyst,Full-time,Bhubaneswar,2024-07-30,Online Assessment,Not Available,12,Not Available,126,94,Not Available,No,10,3
181,Charmi Subramaniam,Female,24,2020,Lovely Professional University,B.Sc (CS),Computer Science,5.56,1,No,No,6,0,Hive | JavaScript | Django | Ruby on Rails | Cybersecurity,Foundit,Fractal Analytics,AgriTech,Marketing Analyst,Internship,Mumbai,2024-06-17,Applied,Not Available,3,Not Available,338,74,Not Available,Yes,6,4
184,Vandana Jain,Female,22,2020,IIT Madras,M.Tech,AI/ML,6.2,2,No,No,1,2,Node.js | TypeScript | TensorFlow | Excel,AngelList,Siemens India,FinTech,Embedded Engineer,Full-time,Vadodara,2024-12-10,Online Assessment,Not Available,7,Not Available,2488,96,Not Available,No,3,4
185,Omna Mathur,Female,21,2020,Nirma University Ahmedabad,MBA,HR,9.46,3,No,No,6,1,Hive | Spring Boot,LinkedIn,Upstox,IT/Software,HR Executive,Full-time,Pune,2022-11-01,Online Assessment,Not Available,15,Not Available,677,58,No,No,7,2
186,Dipali Oswal,Prefer not to say,21,2021,IIIT Hyderabad,B.Sc (IT),Information Technology,6.17,2,Yes,No,0,4,Communication | Node.js | TensorFlow | Flutter | Figma,HackerEarth,Paytm,FinTech,Backend Developer,Full-time,Kolkata,2023-09-27,Shortlisted,Not Available,37,Not Available,853,90,Not Available,No,4,2
187,Radha Desai,Female,21,2022,Nirma University Ahmedabad,MCA,Computer Applications,8.58,0,Yes,Yes,2,2,Git | Kubernetes | Hadoop,Cutshort,Texas Instruments India,E-commerce,Marketing Analyst,Internship,Bhopal,2024-06-30,Applied,Not Available,3,Not Available,1006,67,Not Available,No,4,2
188,Aditya Chatterjee,Male,20,2021,Presidency University Kolkata,BCA,Computer Applications,5.56,0,No,No,2,1,Excel | Laravel | PHP,HackerEarth,Practo,Automotive,Database Administrator,Contract,Vadodara,2024-12-02,Technical Interview,3.0,25,Not Available,2437,97,Not Available,No,3,3
189,Dhruv Yadav,Male,24,2020,IIIT Bangalore,B.Tech,Electronics & Communication,7.25,2,No,No,2,0,Leadership | Scala,Naukri,Mindtree,Retail,Data Scientist,Full-time,Jaipur,2023-09-20,Offer,4.0,6,1564763.0,813,67,Not Available,No,2,3
191,Harish Lal,Male,23,2023,SRM University Chennai,BBA,Marketing,7.42,2,No,Yes,4,1,Scala | AWS | GraphQL,Internshala,MakeMyTrip,AgriTech,Backend Developer,Full-time,Vadodara,2023-12-09,Rejected,2.0,28,Not Available,644,96,Not Available,No,5,0
192,Naman Murthy,Male,21,2021,Mumbai University,BCA,Computer Applications,8.94,3,No,Yes,5,5,Azure | Data Analysis | SQL | AWS,LinkedIn,Barclays India,Automotive,Sales Executive,Internship,Coimbatore,2022-04-21,Applied,Not Available,2,Not Available,1521,60,No,No,10,1
193,Umesh Rajan,Male,25,2021,SP Jain Mumbai,MCA,Computer Applications,7.63,1,No,Yes,6,0,PyTorch | Power BI | Cybersecurity | R,TimesJobs,Nykaa,Banking & Finance,Frontend Developer,Contract,Bhopal,2024-06-17,Online Assessment,Not Available,21,Not Available,1924,70,Not Available,No,6,3
195,Diya Biswas,Female,27,2020,Osmania University Hyderabad,B.Com,Commerce,6.31,1,No,Yes,0,1,GraphQL | Bash Scripting | Data Analysis | REST APIs | Node.js,Naukri,Zoho,Media & Entertainment,Database Administrator,Full-time,Hyderabad,2024-12-17,Shortlisted,Not Available,24,Not Available,399,88,Not Available,No,1,4
196,Gouri Lal,Female,22,2023,Christ University Bangalore,MCA,Computer Applications,8.96,2,No,No,1,1,Deep Learning | Bash Scripting | JavaScript,Indeed,Texas Instruments India,Media & Entertainment,Systems Engineer,Contract,Gurugram,2024-07-06,Applied,Not Available,9,Not Available,880,55,Not Available,No,2,1
200,Aarav Malhotra,Prefer not to say,20,2023,BIT Mesra Ranchi,B.E.,Electronics,9.1,3,No,Yes,4,5,Python | Hive | Data Analysis,Cutshort,JPMorgan India,FinTech,Business Analyst,Full-time,Surat,2024-02-01,Shortlisted,Not Available,1,Not Available,516,98,Not Available,No,9,1
201,Onkar Lal,Male,20,2021,NIT Surathkal,MBA,HR,9.65,3,No,No,5,1,Azure | Hive | REST APIs | Laravel | Docker,Indeed,Mu Sigma,Media & Entertainment,Data Analyst,Part-time,Gurugram,2024-03-03,HR Interview,5.0,21,Not Available,2324,89,Not Available,Yes,6,3
202,Hema Nair,Female,22,2022,XLRI Jamshedpur,B.Tech,Data Science,9.93,1,No,Yes,4,0,Bash Scripting | Git | C++ | Problem Solving,Indeed,PolicyBazaar,EdTech,Marketing Analyst,Full-time,Gurugram,2022-03-19,Online Assessment,Not Available,12,Not Available,509,78,Not Available,No,4,0
203,Nisha Roy,Female,20,2023,COEP Pune,BCA,Computer Applications,7.03,3,No,No,6,2,SQL | PHP | MATLAB,WorkIndia,Nykaa,Media & Entertainment,Data Analyst,Full-time,Vadodara,2023-12-06,Applied,Not Available,20,Not Available,230,98,Not Available,No,8,0
204,Ekta Biswas,Female,20,2020,RV College Bangalore,B.Sc (IT),Information Technology,8.1,2,No,Yes,1,1,Problem Solving | Laravel | Git | Selenium,Cutshort,Barclays India,E-commerce,Frontend Developer,Full-time,Bengaluru,2024-06-29,Online Assessment,Not Available,7,Not Available,896,89,Not Available,No,2,4
205,Ishaan Agarwal,Male,23,2021,IIT Roorkee,B.Sc (IT),Information Technology,7.93,0,No,No,5,0,Spring Boot | JavaScript,LinkedIn,Coforge,E-commerce,Data Scientist,Internship,Visakhapatnam,2024-07-13,Offer,5.0,29,30916.0,2574,77,No,No,5,3
206,Brijesh Lodha,Male,22,2020,IIM Calcutta,M.Tech,Computer Science,7.55,3,No,No,1,4,Django | TensorFlow | Deep Learning | Linux,Glassdoor,L&T Infotech,FinTech,SEO Analyst,Part-time,Bhopal,2023-09-26,Applied,Not Available,31,Not Available,512,77,Not Available,No,5,3
208,Sneha Oswal,Female,27,2020,Jadavpur University Kolkata,BBA,HR,6.96,0,No,Yes,3,0,MATLAB | Hadoop,HackerEarth,Mindtree,Manufacturing,Embedded Engineer,Internship,Mumbai,2021-07-05,Applied,Not Available,9,Not Available,2428,95,Not Available,No,3,1
210,Hema Chatterjee,Female,24,2020,SRM University Chennai,MCA,Computer Applications,8.31,3,No,Yes,1,5,Kotlin | AWS | Data Analysis,Internshala,Hexaware,AgriTech,Operations Analyst,Full-time,Mysuru,2021-09-15,Applied,Not Available,5,Not Available,2705,56,Not Available,Yes,6,1
211,Charmi Mukherjee,Female,22,2020,BITS Goa,MCA,Computer Applications,9.52,3,No,No,3,4,Spring Boot | Kubernetes | Power BI | Deep Learning | Figma,Unstop,PolicyBazaar,AgriTech,Database Administrator,Full-time,Surat,2022-07-06,Shortlisted,Not Available,35,Not Available,2410,78,Not Available,Yes,7,2
215,Geetanjali Joshi,Female,24,2020,IIT Kharagpur,BCA,Computer Applications,7.29,2,No,No,4,1,MATLAB | Bash Scripting | Spring Boot | Kotlin | Communication,LinkedIn,Tiger Analytics,IT/Software,Product Manager,Contract,Bhopal,2023-02-22,Technical Interview,3.0,34,Not Available,2847,57,Yes,No,5,3
217,Dhruv Patil,Male,23,2020,IIT Delhi,BBA,Business Administration,5.76,1,No,No,5,0,Hadoop | AWS,Naukri,Ola,Banking & Finance,Data Scientist,Full-time,Gurugram,2023-08-15,Technical Interview,3.0,5,Not Available,2666,84,Not Available,No,5,3
219,Trisha Bose,Female,20,2020,IIT Roorkee,BBA,Finance,9.0,0,No,Yes,5,0,R | Spring Boot,Naukri,L&T Infotech,Consulting,Sales Executive,Full-time,Vadodara,2023-10-02,Online Assessment,Not Available,26,Not Available,337,89,Not Available,No,5,3
221,Balram Roy,Male,23,2021,IIT Madras,B.Sc (CS),Computer Science,8.74,1,No,Yes,4,5,Swift | Laravel | Selenium | Java,LinkedIn,Capgemini,Manufacturing,Technical Support Engineer,Internship,Indore,2021-08-31,Applied,Not Available,42,Not Available,2783,88,No,No,9,0
222,Esha Porwal,Female,23,2020,IIT Madras,BCA,Computer Applications,8.44,3,No,No,1,5,Python | Deep Learning | Hive,LinkedIn,Texas Instruments India,AgriTech,Technical Support Engineer,Full-time,Coimbatore,2021-12-16,Offer,1.0,7,317064.0,517,86,No,No,6,1
223,Riddhi Chaudhary,Female,26,2022,BITS Pilani,BBA,Marketing,6.95,1,No,No,2,0,Problem Solving | Azure,HackerEarth,BYJU's,Media & Entertainment,Marketing Analyst,Internship,Bhopal,2022-05-14,Rejected,5.0,3,Not Available,596,61,Not Available,No,2,0
224,Kunal Singh,Male,27,2020,IIT Bombay,B.Tech,Mechanical Engineering,9.67,2,No,No,6,3,Excel | Azure | Hive,Naukri,Urban Company,Consulting,ML Engineer,Contract,Coimbatore,2024-11-17,Applied,Not Available,12,Not Available,2987,86,Not Available,No,9,4
225,Farhan Thakur,Male,26,2020,Christ University Bangalore,B.Sc (CS),Computer Science,6.03,0,No,No,4,4,REST APIs | Hive | R,LinkedIn,Accenture,EdTech,Full Stack Developer,Internship,Mysuru,2023-08-30,Online Assessment,Not Available,11,Not Available,2794,57,Yes,No,8,3
226,Zaid Rastogi,Male,27,2020,IIT Hyderabad,B.Tech,Mechanical Engineering,6.21,0,No,Yes,1,5,GraphQL | Git | PyTorch | Data Analysis | Cybersecurity,Cutshort,Siemens India,EdTech,Systems Engineer,Full-time,Ahmedabad,2021-07-20,Applied,Not Available,27,Not Available,869,79,Not Available,No,6,1
227,Raghav Subramaniam,Male,20,2023,BITS Hyderabad,B.Sc (CS),Computer Science,6.3,2,No,No,5,2,Data Analysis | Docker | AWS | C++,Cutshort,Capgemini,HealthTech,Backend Developer,Full-time,Bhopal,2023-07-29,Shortlisted,Not Available,22,Not Available,950,73,Not Available,No,7,0
229,Farida Kumar,Female,26,2024,Thapar University,M.Tech,Computer Science,7.54,1,Yes,No,5,5,Excel | AWS | Kubernetes | Leadership | Tableau,Cutshort,Google India,IT/Software,Embedded Engineer,Internship,Chennai,2024-12-11,Shortlisted,Not Available,37,Not Available,2440,56,Not Available,No,10,0
232,Keshav Ahuja,Male,24,2023,Presidency University Kolkata,MBA,Strategy,9.75,0,No,No,0,0,Deep Learning | Leadership | React | SQL | Machine Learning,Naukri,Razorpay,Telecom,Backend Developer,Part-time,Surat,2024-07-08,Applied,Not Available,27,Not Available,2845,89,Not Available,No,0,1
233,Utsav Roy,Male,20,2022,NIT Surathkal,B.E.,Computer Science,9.42,1,No,No,2,3,Scala | Git | Swift | GraphQL,Cutshort,Upstox,AgriTech,Cybersecurity Analyst,Full-time,Gurugram,2024-03-07,Applied,Not Available,20,Not Available,753,71,Not Available,No,5,2
234,Dhruv Joshi,Male,22,2022,Pune University,M.Tech,Data Science,8.28,1,No,Yes,1,5,Machine Learning | Tableau | MongoDB,LinkedIn,Bosch India,Automotive,Backend Developer,Full-time,Chandigarh,2022-01-13,Applied,Not Available,3,Not Available,2776,75,No,Yes,6,0
235,Kunal Murthy,Male,24,2020,IIT Delhi,MCA,Computer Applications,8.96,3,No,Yes,5,4,Scala | Bash Scripting | Leadership | Kotlin,Monster,Razorpay,FinTech,Sales Executive,Internship,Bhopal,2022-11-25,Technical Interview,1.0,31,Not Available,214,63,Not Available,No,9,2
236,Shivam Walia,Male,23,2023,Amity University Noida,B.E.,Mechanical,5.75,1,No,Yes,6,2,Java | Node.js | Laravel,Referral,Google India,Retail,Finance Analyst,Full-time,Jaipur,2024-05-20,Technical Interview,4.0,4,Not Available,2781,78,Not Available,No,8,1
237,Omkar Patel,Male,24,2022,Amity University Noida,B.Sc (IT),Information Technology,9.43,0,No,No,5,3,Leadership | Machine Learning | Networking | Figma | PyTorch,LinkedIn,Google India,E-commerce,DevOps Engineer,Full-time,Surat,2022-11-18,Applied,Not Available,38,Not Available,1589,60,Yes,No,8,0
239,Jignesh Grewal,Male,23,2020,BITS Pilani,B.Sc (IT),Information Technology,9.97,0,No,Yes,3,4,Communication | Hive | MATLAB | Kotlin | Linux,Campus Placement,Persistent Systems,Retail,Database Administrator,Internship,Noida,2021-11-30,Online Assessment,Not Available,10,Not Available,1359,84,Not Available,No,7,1
240,Kunal Joshi,Male,24,2022,Chandigarh University,MBA,Finance,6.8,0,No,No,1,0,Laravel | Git | MATLAB,Campus Placement,Barclays India,Logistics,Data Scientist,Internship,Hyderabad,2023-12-31,Online Assessment,Not Available,10,Not Available,102,63,Not Available,No,1,1
241,Eklavya Choudhury,Male,25,2021,IIT Hyderabad,B.Sc (CS),Computer Science,7.77,1,No,No,5,4,PyTorch | REST APIs,Glassdoor,Swiggy,AgriTech,Backend Developer,Contract,Nagpur,2022-12-15,Shortlisted,Not Available,24,Not Available,619,83,Not Available,No,9,1
242,Falak Srivastava,Female,24,2020,JNTUH Hyderabad,B.E.,Electronics,6.08,1,No,Yes,1,1,Figma | Linux,HackerEarth,Swiggy,Banking & Finance,Software Engineer,Internship,Bhubaneswar,2023-06-03,Applied,Not Available,7,Not Available,184,97,Not Available,No,2,3
243,Deepak Patil,Male,20,2020,Delhi University,B.Tech,Electronics & Communication,9.02,1,No,Yes,5,2,Node.js | Azure,Referral,Citi India,Automotive,Marketing Analyst,Full-time,Surat,2024-06-09,Applied,Not Available,37,Not Available,329,61,Not Available,No,7,4
244,Ishita Menon,Female,23,2022,NIT Trichy,B.Com,Commerce,9.88,0,No,No,6,5,Django | Linux | GraphQL | Deep Learning | Selenium,Cutshort,Flipkart,E-commerce,Content Writer,Full-time,Indore,2023-05-19,Applied,Not Available,15,Not Available,1719,62,Not Available,No,11,1
245,Brijesh Chatterjee,Male,22,2023,SVNIT Surat,MBA,Strategy,6.8,0,Yes,No,3,2,Hadoop | Cybersecurity | Teamwork | MATLAB | Selenium,Naukri,Mu Sigma,HealthTech,SEO Analyst,Full-time,Delhi NCR,2023-09-02,Rejected,4.0,24,Not Available,784,55,Not Available,No,5,0
246,Mansi Roy,Female,21,2020,BITS Hyderabad,MCA,Computer Applications,8.63,0,No,No,1,0,Data Analysis | Docker | Hadoop | TensorFlow,LinkedIn,Absolutdata,Media & Entertainment,Embedded Engineer,Full-time,Vadodara,2024-04-06,Online Assessment,Not Available,42,Not Available,1689,77,No,No,1,4
247,Eklavya Natarajan,Male,24,2021,Nirma University Ahmedabad,M.Tech,Computer Science,6.05,3,No,No,1,0,Cybersecurity | JavaScript,Campus Placement,PolicyBazaar,Logistics,Software Engineer,Contract,Indore,2024-05-23,Technical Interview,1.0,10,Not Available,1290,94,Not Available,No,1,3
248,Heena Venkatesh,Female,27,2021,Pune University,M.Tech,VLSI,7.77,2,No,No,0,0,MongoDB | Spring Boot | Selenium | Git | REST APIs,LinkedIn,Unacademy,Retail,iOS Developer,Part-time,Gurugram,2024-12-17,Applied,Not Available,28,Not Available,600,74,No,No,0,3
249,Harish Subramaniam,Male,27,2023,Christ University Bangalore,BCA,Computer Applications,7.26,3,No,Yes,5,2,Git | JavaScript | Java | GraphQL,LinkedIn,Hexaware,Manufacturing,Technical Support Engineer,Internship,Bengaluru,2024-07-04,Shortlisted,Not Available,7,Not Available,1803,77,No,No,7,1
251,Eklavya Reddy,Male,23,2022,NSUT Delhi,B.Com,Finance,7.03,2,No,Yes,3,5,Laravel | Excel,Naukri,Accenture,HealthTech,Sales Executive,Full-time,Ahmedabad,2024-07-03,HR Interview,3.0,6,Not Available,2989,92,Not Available,Yes,8,2
252,Onkar Sundaram,Male,27,2023,NIT Calicut,MBA,Finance,8.43,2,No,Yes,5,4,Data Analysis | PyTorch | TensorFlow | Communication,Unstop,Delhivery,Logistics,Systems Engineer,Full-time,Bengaluru,2024-07-09,HR Interview,4.0,12,Not Available,2412,86,Not Available,No,9,1
253,Chethan Murthy,Male,26,2024,Osmania University Hyderabad,B.Tech,Civil Engineering,7.14,1,No,No,6,2,PyTorch | Git | React | Hive | Excel,Referral,Barclays India,AgriTech,Product Manager,Internship,Noida,2024-11-07,Technical Interview,1.0,26,Not Available,1026,62,Not Available,Yes,8,0
254,Girish Biswas,Male,27,2024,IIIT Hyderabad,MCA,Computer Applications,6.41,2,No,Yes,6,2,Scala | C++ | Networking,Indeed,Wipro,IT/Software,SEO Analyst,Part-time,Jaipur,2024-05-17,Shortlisted,Not Available,5,Not Available,1717,78,Not Available,No,8,0
255,Mansi Trivedi,Female,23,2020,Symbiosis Pune,B.Com,Commerce,7.85,2,No,Yes,4,0,Docker | GraphQL | Cybersecurity | Spring Boot,Campus Placement,Axis Bank,Consulting,DevOps Engineer,Full-time,Chennai,2022-03-15,Rejected,1.0,29,Not Available,1722,71,Not Available,No,4,2
256,Omkar Sandhu,Male,21,2022,PES University Bangalore,MCA,Computer Applications,8.57,2,No,No,2,3,Teamwork | Java | Scala | Hadoop,LinkedIn,Accenture,Media & Entertainment,Recruiter,Internship,Ahmedabad,2022-06-03,Online Assessment,Not Available,20,Not Available,2667,99,No,No,5,0
257,Vishal Roy,Male,26,2020,Thapar University,B.Sc (IT),Information Technology,5.91,1,No,No,1,3,Scala | PyTorch | C++ | Problem Solving,Referral,Cure.fit,Telecom,Database Administrator,Full-time,Jaipur,2023-05-16,Offer,3.0,11,355272.0,2910,71,Not Available,No,4,3
260,Simran Dey,Female,27,2020,VIT Vellore,B.Sc (CS),Computer Science,9.76,2,No,No,1,3,Hadoop | Excel | Leadership,AngelList,Uber India,Consulting,Frontend Developer,Full-time,Pune,2021-02-28,Shortlisted,Not Available,17,Not Available,1014,94,Not Available,No,4,1
261,Raghav Arora,Male,27,2020,IIT Bombay,M.Tech,Data Science,9.42,3,No,No,5,3,React | SQL | Ruby on Rails | JavaScript,LinkedIn,Axis Bank,Telecom,Recruiter,Full-time,Coimbatore,2024-10-05,Rejected,4.0,39,Not Available,2956,57,Yes,No,8,4
262,Ritesh Chopra,Male,25,2021,Christ University Bangalore,B.Tech,Mechanical Engineering,6.67,3,No,No,1,0,Bash Scripting | PHP | Figma | Azure,Naukri,Bosch India,IT/Software,Backend Developer,Full-time,Noida,2023-01-09,Rejected,3.0,19,Not Available,1128,94,Not Available,No,1,2
266,Nisha Singh,Female,23,2021,KIIT Bhubaneswar,MCA,Computer Applications,8.41,1,No,No,3,5,MATLAB | Hadoop | AWS | Kubernetes,Cutshort,Persistent Systems,Retail,DevOps Engineer,Full-time,Indore,2023-09-03,Applied,Not Available,39,Not Available,1782,60,Not Available,No,8,2
269,Urvashi Walia,Female,24,2022,MDI Gurgaon,BCA,Computer Applications,6.33,2,No,Yes,4,0,TensorFlow | MongoDB,LinkedIn,Practo,Telecom,Data Scientist,Full-time,Mysuru,2024-05-17,HR Interview,4.0,20,Not Available,2583,94,No,No,4,2
270,Nisha Kapoor,Female,22,2020,NIT Surathkal,B.E.,Computer Science,8.63,1,No,Yes,5,1,Figma | Hive | Laravel,LinkedIn,Qualcomm India,FinTech,QA Engineer,Full-time,Kochi,2021-02-14,Applied,Not Available,10,Not Available,2927,83,No,No,6,1
271,Puja Desai,Female,23,2022,Symbiosis Pune,MCA,Computer Applications,7.0,0,No,No,3,3,C++ | Swift | TensorFlow | Flutter,Unstop,Cure.fit,EdTech,Data Scientist,Full-time,Bengaluru,2023-05-15,Online Assessment,Not Available,36,Not Available,310,72,Not Available,No,6,1
275,Rajesh Tiwari,Male,21,2021,Lovely Professional University,BCA,Computer Applications,8.69,3,No,Yes,5,2,AWS | MongoDB | Data Analysis | Selenium,Apna,Infosys,EdTech,Content Writer,Internship,Jaipur,2022-08-11,Online Assessment,Not Available,6,Not Available,1139,78,Not Available,No,7,1
276,Balram Chopra,Male,23,2021,SVNIT Surat,B.Com,Accounting,9.04,1,No,Yes,3,3,Java | Selenium | Azure | Python,AngelList,Angel One,Banking & Finance,Business Analyst,Full-time,Indore,2021-12-03,Shortlisted,Not Available,26,Not Available,201,97,Not Available,No,6,0
277,Parth Rao,Male,24,2023,Thapar University,B.Com,Accounting,8.75,2,No,Yes,2,4,Linux | TensorFlow | Selenium,Unstop,Lenskart,Media & Entertainment,Marketing Analyst,Part-time,Remote,2023-04-09,Offer,2.0,6,566178.0,201,89,Not Available,No,6,0
278,Lalit Agarwal,Male,23,2020,COEP Pune,B.Com,Accounting,7.85,1,Yes,No,4,4,Tableau | Teamwork | Networking | Figma,TimesJobs,Swiggy,Media & Entertainment,Data Analyst,Part-time,Noida,2024-07-08,Online Assessment,Not Available,8,Not Available,245,96,Not Available,No,8,4
279,Parth Sharma,Male,27,2022,SRM University Chennai,BBA,Marketing,7.08,2,No,No,4,5,Bash Scripting | Spring Boot | PHP,HackerEarth,Flipkart,Manufacturing,Network Engineer,Internship,Bhubaneswar,2023-01-10,Shortlisted,Not Available,10,Not Available,2964,82,Not Available,No,9,1
280,Siddharth Sengupta,Male,22,2023,NIT Calicut,M.Tech,Computer Science,7.16,3,No,No,3,2,Hive | Figma | Selenium | Linux | Swift,AngelList,Fractal Analytics,AgriTech,Frontend Developer,Full-time,Pune,2023-09-20,HR Interview,1.0,9,Not Available,2935,87,Not Available,No,5,0
282,Mukesh Thakur,Male,21,2020,Chandigarh University,M.Tech,Software Engineering,6.89,3,No,No,3,5,AWS | Flutter | Hive,Indeed,Urban Company,Logistics,QA Engineer,Full-time,Patna,2022-10-29,Applied,Not Available,40,Not Available,2771,94,Not Available,No,8,2
285,Siddharth Garg,Male,26,2020,Mumbai University,BCA,Computer Applications,9.52,2,No,No,0,0,Tableau | Hadoop | GraphQL,Naukri,Zerodha,FinTech,Network Engineer,Full-time,Hyderabad,2022-07-06,Applied,Not Available,30,Not Available,2315,81,Not Available,Yes,0,2
286,Chethan Naik,Male,20,2022,Christ University Bangalore,BBA,Business Administration,6.61,1,No,Yes,0,5,Azure | Django | Laravel,TimesJobs,Goldman Sachs,Retail,Operations Analyst,Contract,Lucknow,2023-07-15,Applied,Not Available,30,Not Available,2592,73,Not Available,No,5,1
290,Mansi Chatterjee,Female,24,2024,COEP Pune,M.Tech,Data Science,7.98,1,Yes,Yes,0,1,TypeScript | Power BI | PHP | Networking,Campus Placement,Uber India,AgriTech,iOS Developer,Full-time,Vadodara,2024-10-20,Online Assessment,Not Available,17,Not Available,2838,90,Not Available,No,1,0
291,Vinay Grewal,Male,20,2022,IIIT Hyderabad,MCA,Computer Applications,6.05,3,No,No,0,5,JavaScript | Problem Solving | PyTorch,Internshala,Bosch India,IT/Software,Finance Analyst,Full-time,Delhi NCR,2024-03-17,Offer,2.0,45,536588.0,1785,59,Not Available,No,5,2
292,Girish Nair,Male,21,2020,DTU Delhi,MCA,Computer Applications,8.17,2,No,Yes,3,1,JavaScript | Docker | PHP | Tableau,Foundit,Lenskart,FinTech,Full Stack Developer,Internship,Visakhapatnam,2021-09-13,Applied,Not Available,4,Not Available,186,79,Not Available,No,4,1
293,Divya Kapoor,Female,20,2023,IIT Kharagpur,B.Sc (IT),Information Technology,5.8,0,No,Yes,3,3,Spark | PyTorch,Naukri,TCS,Telecom,Finance Analyst,Full-time,Kochi,2024-06-24,Technical Interview,4.0,22,Not Available,2716,98,Not Available,No,6,1
294,Sagar Chauhan,Male,21,2020,IIT Bombay,BBA,Business Administration,8.17,1,No,Yes,4,2,PyTorch | Kotlin | Networking | Spark,Indeed,Goldman Sachs,E-commerce,Technical Support Engineer,Full-time,Pune,2022-10-01,Online Assessment,Not Available,33,Not Available,2719,77,Not Available,No,6,2
295,Diya Shah,Female,27,2022,IIEST Shibpur,MBA,HR,7.16,0,No,No,1,0,Flutter | Ruby on Rails | JavaScript,Indeed,MakeMyTrip,EdTech,Android Developer,Contract,Delhi NCR,2022-12-01,Applied,Not Available,31,Not Available,2895,99,Not Available,No,1,0
298,Ravi Goyal,Male,27,2021,Lovely Professional University,MBA,Strategy,6.27,3,No,Yes,1,1,Data Analysis | Laravel | Spring Boot,Cutshort,Bosch India,Automotive,Operations Analyst,Contract,Ahmedabad,2021-04-05,HR Interview,2.0,38,Not Available,824,89,Not Available,No,2,0
299,Amit Oberoi,Male,24,2021,SP Jain Mumbai,B.Com,Finance,9.49,1,No,No,6,5,Machine Learning | Flutter,Naukri,Zerodha,Manufacturing,Embedded Engineer,Full-time,Chennai,2022-10-22,HR Interview,4.0,34,Not Available,2894,85,Not Available,No,11,1
300,Raghav Anand,Male,20,2021,VIT Vellore,B.Sc (CS),Computer Science,9.38,3,No,Yes,3,4,Django | Communication | Ruby on Rails,LinkedIn,Amazon India,HealthTech,QA Engineer,Full-time,Ahmedabad,2024-04-10,Applied,Not Available,33,Not Available,2594,76,No,No,7,3
302,Lata More,Prefer not to say,20,2022,Pune University,MBA,Operations,9.76,0,No,No,6,1,Power BI | Networking | Cybersecurity | Excel | Kotlin,Naukri,BigBasket,Media & Entertainment,Content Writer,Full-time,Delhi NCR,2022-10-04,Offer,5.0,45,699622.0,1760,68,Not Available,No,7,0
303,Harsh Oswal,Male,22,2022,JNTUH Hyderabad,B.Tech,Chemical Engineering,9.15,2,No,Yes,5,3,Git | GraphQL | Java | TypeScript,Campus Placement,PhonePe,E-commerce,HR Executive,Internship,Coimbatore,2024-05-29,Online Assessment,Not Available,26,Not Available,1611,68,Not Available,No,8,2
304,Qasim Chauhan,Male,27,2020,Bangalore University,BBA,HR,8.38,2,Yes,Yes,4,1,Linux | Hadoop,Indeed,Ola,EdTech,Business Analyst,Contract,Indore,2022-08-05,Applied,Not Available,19,Not Available,2751,88,Not Available,Yes,5,2
305,Inder Patel,Male,22,2022,MDI Gurgaon,MCA,Computer Applications,6.21,0,No,Yes,5,0,Excel | AWS | Teamwork | Figma | Bash Scripting,Cutshort,Zoho,Automotive,Sales Executive,Contract,Visakhapatnam,2022-02-20,Online Assessment,Not Available,44,Not Available,1929,72,Not Available,No,5,0
308,Yogesh Tiwari,Male,24,2021,COEP Pune,B.Tech,Chemical Engineering,5.62,3,No,No,6,1,C++ | Python | Communication | MongoDB | Bash Scripting,Glassdoor,Siemens India,Logistics,Database Administrator,Full-time,Bhopal,2021-05-20,Applied,Not Available,43,Not Available,1042,100,Not Available,No,7,0
309,Chetan Pandey,Male,22,2020,IIEST Shibpur,B.E.,Electronics,6.82,3,No,No,0,5,Azure | Selenium | Kubernetes | Deep Learning,LinkedIn,Tech Mahindra,Logistics,Cybersecurity Analyst,Full-time,Vadodara,2021-04-08,Offer,3.0,42,798273.0,2763,100,No,Yes,5,1
314,Jatin Chaudhary,Male,23,2021,PES University Bangalore,B.Tech,Civil Engineering,9.11,1,No,Yes,2,1,Hive | Python | React | Swift | Data Analysis,LinkedIn,Razorpay,EdTech,Backend Developer,Full-time,Visakhapatnam,2024-01-30,Offer,2.0,16,564300.0,2128,60,No,No,3,3
316,Harini Patil,Female,26,2023,Delhi University,M.Tech,AI/ML,7.19,3,Yes,Yes,3,1,Data Analysis | Python | Flutter,AngelList,Persistent Systems,Telecom,Finance Analyst,Contract,Indore,2023-02-04,Shortlisted,Not Available,20,Not Available,2675,92,Not Available,Yes,4,0
317,Aarti Khanna,Female,22,2021,SVNIT Surat,MCA,Computer Applications,8.97,2,No,No,5,2,Scala | Spring Boot,Glassdoor,Goldman Sachs,EdTech,Embedded Engineer,Full-time,Chandigarh,2024-07-16,HR Interview,3.0,2,Not Available,2906,97,Not Available,No,7,3
318,Geeta Shah,Female,24,2021,IIEST Shibpur,BBA,Marketing,5.56,0,No,No,3,5,PHP | Data Analysis,Referral,BYJU's,AgriTech,Operations Analyst,Full-time,Gurugram,2023-10-23,Rejected,4.0,43,Not Available,1617,92,Not Available,No,8,2
319,Nisha Bose,Female,25,2021,Anna University Chennai,B.Sc (CS),Computer Science,8.65,0,No,No,0,0,Linux | PyTorch,Internshala,Samsung India,Media & Entertainment,Operations Analyst,Full-time,Chandigarh,2022-01-17,HR Interview,1.0,13,Not Available,2042,66,Not Available,No,0,1
320,Sachin Dubey,Male,23,2020,JNTUH Hyderabad,BCA,Computer Applications,6.67,3,No,No,0,5,Node.js | Leadership | Spring Boot,LinkedIn,IBM India,Manufacturing,Software Engineer,Internship,Nagpur,2023-09-21,Technical Interview,5.0,7,Not Available,88,58,No,No,5,3
323,Itisha Reddy,Prefer not to say,26,2022,IIEST Shibpur,B.Sc (CS),Computer Science,9.41,0,No,No,2,5,Machine Learning | Selenium | MongoDB | Kotlin | R,Internshala,Goldman Sachs,EdTech,Frontend Developer,Internship,Mysuru,2024-12-04,Applied,Not Available,28,Not Available,2981,56,Not Available,No,7,2
327,Vinay Ahuja,Male,27,2022,SVNIT Surat,MCA,Computer Applications,5.82,2,No,No,5,4,SQL | AWS | Git | GraphQL | JavaScript,Referral,Qualcomm India,Telecom,Android Developer,Full-time,Pune,2023-06-24,Technical Interview,2.0,19,Not Available,643,68,Not Available,No,9,1
330,Aditi Oswal,Female,22,2020,Mumbai University,B.E.,Electrical,6.33,0,No,No,6,4,React | PHP | GraphQL | Laravel | Bash Scripting,Campus Placement,Zomato,FinTech,Systems Engineer,Full-time,Mysuru,2021-08-29,Applied,Not Available,39,Not Available,2897,66,Not Available,Yes,10,1
331,Hemant Malhotra,Male,20,2021,Symbiosis Pune,B.Sc (CS),Computer Science,5.9,2,No,Yes,0,4,Django | Laravel | Machine Learning | Figma,Shine,Infosys,EdTech,Product Manager,Full-time,Surat,2022-08-24,Technical Interview,3.0,29,Not Available,622,91,Not Available,No,4,1
334,Piyush Hegde,Male,26,2020,IIM Ahmedabad,B.E.,Electronics,7.87,2,No,No,0,4,Linux | TypeScript | Leadership | Ruby on Rails,Naukri,Microsoft India,IT/Software,Frontend Developer,Full-time,Bhubaneswar,2023-03-09,Applied,Not Available,44,Not Available,2227,90,Not Available,No,4,3
335,Chandni Bhatt,Female,22,2022,IIT Bombay,B.Com,Finance,6.2,1,No,No,2,0,Bash Scripting | Tableau | MATLAB | Hadoop,Indeed,Delhivery,E-commerce,QA Engineer,Contract,Bhopal,2023-10-26,Shortlisted,Not Available,28,Not Available,2182,100,Not Available,No,2,1
336,Bhumi Sodhi,Female,21,2022,Chandigarh University,MBA,Finance,8.36,0,No,No,1,4,Node.js | Cybersecurity,Naukri,PolicyBazaar,FinTech,SEO Analyst,Full-time,Kochi,2024-10-18,Online Assessment,Not Available,9,Not Available,2014,86,Not Available,No,5,2
337,Indira Sandhu,Prefer not to say,21,2023,IIT Bombay,BBA,Marketing,9.6,0,No,No,5,2,Cybersecurity | R | PHP,Cutshort,Cognizant,Automotive,QA Engineer,Contract,Mysuru,2023-12-09,Rejected,5.0,12,Not Available,357,78,Not Available,No,7,0
338,Amit Sengupta,Male,27,2023,NIT Trichy,MBA,Finance,7.02,1,No,No,6,0,Teamwork | Kotlin | Leadership | Communication,LinkedIn,Coforge,EdTech,Recruiter,Full-time,Remote,2023-11-22,Offer,4.0,30,287150.0,2580,86,Yes,Yes,6,0
339,Mohit Bose,Male,20,2022,Osmania University Hyderabad,BCA,Computer Applications,7.1,0,No,Yes,4,4,PyTorch | MongoDB | Swift,LinkedIn,JPMorgan India,EdTech,Embedded Engineer,Full-time,Gurugram,2023-01-17,Shortlisted,Not Available,12,Not Available,2247,72,Yes,No,8,1
341,Farida Khanna,Female,22,2020,IIT Hyderabad,B.Tech,Mechanical Engineering,6.2,0,No,Yes,5,2,Hadoop | Cybersecurity | Python | Figma | Kotlin,Naukri,Cure.fit,Banking & Finance,Systems Engineer,Full-time,Coimbatore,2021-11-09,HR Interview,3.0,12,Not Available,1071,72,Not Available,No,7,1
342,Furqan Chopra,Prefer not to say,26,2021,DTU Delhi,B.E.,Electrical,8.25,1,No,No,5,1,MongoDB | AWS | TensorFlow,LinkedIn,Uber India,E-commerce,Operations Analyst,Full-time,Kolkata,2021-07-06,Offer,2.0,27,648828.0,2200,74,No,No,6,0
344,Geeta Jain,Female,22,2022,Lovely Professional University,MBA,Strategy,9.0,2,No,Yes,4,3,SQL | AWS,Unstop,Zomato,IT/Software,Sales Executive,Contract,Remote,2022-01-26,Applied,Not Available,29,Not Available,454,59,Not Available,No,7,0
346,Jignesh Chauhan,Male,26,2023,GLA University Mathura,B.Com,Finance,9.87,1,No,No,4,3,Hadoop | Problem Solving | Excel | Deep Learning | Python,LinkedIn,Meesho,Automotive,Data Scientist,Full-time,Surat,2023-07-22,Online Assessment,Not Available,34,Not Available,1110,74,No,No,7,0
347,Deepak Tiwari,Male,23,2020,PES University Bangalore,B.Sc (CS),Computer Science,5.68,1,No,Yes,1,2,Scala | Tableau,TimesJobs,Nykaa,Retail,Full Stack Developer,Full-time,Chandigarh,2024-07-19,Technical Interview,5.0,24,Not Available,1379,60,Not Available,No,3,4
348,Harsh Choudhury,Male,24,2022,IIT Kharagpur,B.Tech,Data Science,6.49,2,No,No,4,5,Networking | Cybersecurity,Cutshort,JPMorgan India,AgriTech,Android Developer,Internship,Lucknow,2022-02-27,Offer,4.0,21,15229.0,1150,68,Not Available,No,9,0
349,Uday Mukherjee,Male,25,2021,DTU Delhi,B.E.,Civil,6.32,1,No,Yes,4,3,Scala | Leadership | Java,Naukri,Unacademy,AgriTech,Finance Analyst,Internship,Kolkata,2021-05-23,Applied,Not Available,28,Not Available,1054,84,Not Available,No,7,0
351,Onkar Roy,Male,22,2022,Bangalore University,M.Tech,Data Science,6.6,2,No,Yes,6,0,Laravel | Leadership,LinkedIn,Fractal Analytics,E-commerce,Software Engineer,Contract,Bengaluru,2022-04-10,Shortlisted,Not Available,10,Not Available,1497,96,No,No,6,0
352,Geeta Chatterjee,Female,27,2021,BITS Pilani,B.Sc (CS),Computer Science,9.8,2,No,No,0,2,C++ | Hadoop,LinkedIn,Absolutdata,Retail,HR Executive,Internship,Mysuru,2023-05-21,Applied,Not Available,43,Not Available,2864,74,No,No,2,2
353,Uma Venkatesh,Female,25,2022,IIM Bangalore,B.E.,Computer Science,9.38,1,No,Yes,1,3,Networking | Kotlin | React | MongoDB | TypeScript,Indeed,Citi India,E-commerce,Business Analyst,Full-time,Pune,2022-01-08,HR Interview,4.0,23,Not Available,1357,86,Not Available,No,4,0
355,Harsh Bansal,Male,27,2021,XLRI Jamshedpur,B.Com,Accounting,6.59,1,Yes,Yes,5,5,Spring Boot | Networking | Java,Cutshort,Absolutdata,Manufacturing,Data Analyst,Internship,Mysuru,2024-04-06,Applied,Not Available,39,Not Available,697,56,Not Available,Yes,10,3
358,Omkar Grewal,Male,26,2021,Anna University Chennai,B.E.,Computer Science,5.85,2,Yes,Yes,4,0,Excel | Hadoop,LinkedIn,Texas Instruments India,EdTech,Cybersecurity Analyst,Full-time,Mumbai,2022-05-08,Applied,Not Available,37,Not Available,2363,57,No,No,4,1
359,Hemant Mishra,Male,24,2020,Amity University Noida,B.Sc (IT),Information Technology,7.75,2,No,No,1,5,Docker | PyTorch,Monster,Groww,Banking & Finance,Network Engineer,Internship,Pune,2021-02-18,Online Assessment,Not Available,25,Not Available,2003,92,Not Available,No,6,1
360,Kunal Das,Male,27,2020,BIT Mesra Ranchi,B.E.,Electronics,9.48,1,No,Yes,4,4,Selenium | AWS | Docker | Leadership,Naukri,Tiger Analytics,IT/Software,Digital Marketing Executive,Internship,Mysuru,2023-03-05,Applied,Not Available,40,Not Available,2535,59,Not Available,No,8,3
361,Elina Reddy,Female,20,2021,Nirma University Ahmedabad,B.Sc (IT),Information Technology,7.75,3,No,No,1,0,TypeScript | Django | Kubernetes | Node.js,LinkedIn,Delhivery,HealthTech,Embedded Engineer,Contract,Bhubaneswar,2023-06-25,Technical Interview,3.0,9,Not Available,557,91,No,No,1,2
364,Onkar Kumar,Male,26,2020,IIM Bangalore,MBA,Operations,9.9,1,Yes,No,6,5,Problem Solving | Communication | Hive | Deep Learning | Node.js,LinkedIn,Citi India,Consulting,Business Analyst,Full-time,Vadodara,2023-07-14,Offer,4.0,14,800269.0,2792,71,Yes,Yes,11,3
365,Farhan Tiwari,Male,23,2022,Chandigarh University,M.Tech,VLSI,7.91,1,No,Yes,5,4,Python | Ruby on Rails | Hadoop | Data Analysis | React,AngelList,Razorpay,Manufacturing,iOS Developer,Contract,Patna,2022-10-11,Applied,Not Available,30,Not Available,654,86,Not Available,No,9,0
367,Neeraj Singh,Male,24,2022,COEP Pune,B.E.,Civil,8.42,3,No,Yes,6,4,PHP | Docker | MongoDB | Deep Learning | REST APIs,Indeed,Unacademy,Retail,UX Designer,Full-time,Kochi,2023-02-21,Shortlisted,Not Available,43,Not Available,2870,98,Not Available,No,10,1
368,Akhil Reddy,Male,21,2020,IIT Kanpur,B.Tech,Electrical Engineering,5.97,0,No,No,6,0,PyTorch | Excel | Power BI | REST APIs,Internshala,Swiggy,EdTech,SEO Analyst,Full-time,Hyderabad,2022-12-20,Rejected,4.0,30,Not Available,1741,96,Not Available,No,6,2
370,Mansi Joshi,Female,26,2021,BIT Mesra Ranchi,MCA,Computer Applications,7.31,2,No,Yes,0,5,Flutter | MongoDB | Hive,Internshala,Coforge,AgriTech,Systems Engineer,Internship,Noida,2024-02-07,Applied,Not Available,21,Not Available,884,60,Not Available,Yes,5,3
371,Balram Bhatt,Male,22,2020,Presidency University Kolkata,B.Com,Commerce,8.07,0,No,Yes,3,5,Deep Learning | Tableau | Scala | Power BI,Naukri,Goldman Sachs,Media & Entertainment,Systems Engineer,Internship,Indore,2022-06-18,Technical Interview,5.0,18,Not Available,389,64,Not Available,No,8,2
372,Swati Dey,Female,21,2020,BITS Hyderabad,B.Sc (IT),Information Technology,9.53,0,Yes,No,6,1,SQL | Swift | Java | PyTorch | React,Indeed,Deloitte,EdTech,iOS Developer,Full-time,Jaipur,2024-07-21,Rejected,2.0,11,Not Available,786,74,Not Available,Yes,7,4
373,Wahida Khatri,Female,20,2020,Bangalore University,MBA,Operations,9.98,0,No,No,0,1,Laravel | Java,Internshala,Freshworks,EdTech,SEO Analyst,Full-time,Kolkata,2021-03-02,Shortlisted,Not Available,15,Not Available,391,99,Not Available,No,1,1
374,Dinesh Yadav,Male,21,2022,Kalinga University,B.Com,Finance,6.82,3,No,No,1,2,Data Analysis | MATLAB | Bash Scripting,Naukri,Coforge,Banking & Finance,Sales Executive,Internship,Visakhapatnam,2022-10-01,Applied,Not Available,14,Not Available,2048,82,Not Available,No,3,0
379,Eisha Mukherjee,Prefer not to say,23,2021,IIT Kanpur,B.Sc (CS),Computer Science,9.17,0,No,No,2,0,JavaScript | Teamwork,LinkedIn,L&T Infotech,Media & Entertainment,UX Designer,Internship,Indore,2022-07-07,Technical Interview,2.0,9,Not Available,2439,84,Yes,No,2,1
381,Jyoti Subramaniam,Female,21,2022,NIT Calicut,BBA,Finance,8.92,2,No,No,6,4,AWS | Power BI,Glassdoor,LTIMindtree,Telecom,SEO Analyst,Internship,Kolkata,2023-03-31,Applied,Not Available,18,Not Available,1782,65,Not Available,No,10,1
382,Omna Grewal,Female,21,2021,IIIT Bangalore,B.E.,Computer Science,6.58,3,No,Yes,5,4,Kubernetes | Communication | MongoDB | Ruby on Rails | Node.js,Naukri,Meesho,E-commerce,Finance Analyst,Full-time,Surat,2022-11-15,Applied,Not Available,18,Not Available,1564,61,Not Available,Yes,9,1
383,Vinay Chauhan,Male,24,2021,Thapar University,BCA,Computer Applications,7.88,3,No,Yes,0,5,MongoDB | Power BI | JavaScript,Referral,Barclays India,EdTech,Business Analyst,Full-time,Noida,2022-04-09,Offer,3.0,26,674211.0,1659,61,Not Available,No,5,1
386,Arnav Patel,Male,25,2022,Kalinga University,MBA,Business Analytics,8.99,3,Yes,No,5,5,Azure | PyTorch,Referral,Razorpay,Manufacturing,Embedded Engineer,Full-time,Visakhapatnam,2024-11-26,Withdrawn,Not Available,24,Not Available,895,60,Not Available,No,10,2
391,Jhanvi Kapoor,Female,24,2020,SVNIT Surat,MCA,Computer Applications,7.31,0,No,No,4,3,Node.js | JavaScript,Naukri,Flipkart,Manufacturing,UX Designer,Full-time,Gurugram,2024-03-04,Online Assessment,Not Available,22,Not Available,299,62,Not Available,No,7,4
393,Tanya Bajaj,Female,20,2020,Delhi University,MCA,Computer Applications,9.92,1,No,No,6,4,R | Spark | MongoDB | Figma | Azure,Unstop,Ola,E-commerce,Content Writer,Internship,Ahmedabad,2021-12-16,Online Assessment,Not Available,45,Not Available,2289,67,Not Available,No,10,1
394,Gaurang Reddy,Male,27,2022,HBTU Kanpur,B.Sc (IT),Information Technology,7.24,0,No,No,1,0,REST APIs | MongoDB | TypeScript | Spring Boot,LinkedIn,Qualcomm India,IT/Software,Android Developer,Internship,Mysuru,2024-06-23,Shortlisted,Not Available,23,Not Available,620,84,No,No,1,2
395,Kunal Rawat,Male,23,2022,Kalinga University,B.Com,Accounting,7.81,1,No,Yes,5,4,REST APIs | Bash Scripting | AWS | Problem Solving,Campus Placement,Qualcomm India,Consulting,Business Analyst,Contract,Remote,2023-09-18,Shortlisted,Not Available,31,Not Available,2531,97,Not Available,No,9,1
396,Farida Sethi,Female,24,2021,SRMIST Chennai,MBA,Business Analytics,9.8,2,No,No,0,0,Networking | Machine Learning,Naukri,Flipkart,Telecom,Recruiter,Internship,Jaipur,2022-04-20,Withdrawn,Not Available,16,Not Available,481,66,Not Available,No,0,1
399,Tanya Sengupta,Female,26,2020,Symbiosis Pune,B.E.,Electronics,9.02,2,Yes,No,0,4,Java | Power BI | Leadership | Communication,Naukri,Mphasis,Banking & Finance,SEO Analyst,Part-time,Gurugram,2021-06-03,Online Assessment,Not Available,16,Not Available,2170,94,Not Available,No,4,1
400,Siddharth Swamy,Male,21,2024,DTU Delhi,B.Sc (IT),Information Technology,5.65,3,No,Yes,6,0,Excel | Ruby on Rails | Networking,Naukri,Capgemini,EdTech,Embedded Engineer,Full-time,Visakhapatnam,2024-06-03,HR Interview,5.0,3,Not Available,1466,59,Not Available,No,6,0
401,Meera Jain,Female,27,2021,Anna University Chennai,B.Tech,Electronics & Communication,5.66,1,No,Yes,2,1,JavaScript | Java,HackerEarth,MakeMyTrip,Retail,UX Designer,Part-time,Mysuru,2024-11-01,HR Interview,4.0,36,Not Available,2024,58,Not Available,No,3,3
403,Umesh Bhatia,Male,23,2022,BITS Goa,BBA,HR,7.65,0,No,Yes,4,1,Bash Scripting | Cybersecurity | Kubernetes | Power BI | Selenium,AngelList,Hexaware,FinTech,Cybersecurity Analyst,Full-time,Remote,2022-05-16,Online Assessment,Not Available,18,Not Available,1356,99,Not Available,No,5,0
404,Lokesh Choudhury,Male,27,2022,IIT Kanpur,B.Sc (CS),Computer Science,9.29,1,No,No,0,2,C++ | Tableau | Linux,Indeed,Delhivery,Banking & Finance,Software Engineer,Full-time,Mumbai,2022-07-08,Applied,Not Available,25,Not Available,1280,60,Not Available,Yes,2,0
405,Lata Venkatesh,Female,20,2023,KIIT Bhubaneswar,M.Tech,Computer Science,6.51,3,No,Yes,0,5,C++ | Laravel | Kubernetes | Java,Monster,Tata Steel,AgriTech,Recruiter,Full-time,Bhubaneswar,2024-04-25,Applied,Not Available,2,Not Available,1446,94,Not Available,No,5,1
407,Ekansh Khatri,Male,20,2020,Delhi University,BBA,Finance,9.26,1,No,Yes,0,3,Kubernetes | Kotlin,Unstop,Meesho,Consulting,Data Analyst,Internship,Delhi NCR,2022-07-21,Rejected,3.0,36,Not Available,1336,59,Not Available,No,3,2
408,Vandana More,Female,27,2021,VIT Vellore,BCA,Computer Applications,9.42,0,No,No,1,5,GraphQL | Git | C++ | Ruby on Rails | Bash Scripting,Naukri,Morgan Stanley India,HealthTech,Software Engineer,Internship,Chandigarh,2024-01-12,HR Interview,5.0,39,Not Available,1011,77,Not Available,Yes,6,3
409,Hitesh Iyer,Male,23,2021,Mumbai University,BBA,Finance,9.23,3,Yes,Yes,2,1,Git | Hadoop,Campus Placement,L&T Infotech,Consulting,Digital Marketing Executive,Internship,Nagpur,2022-08-26,Technical Interview,2.0,11,Not Available,1558,57,Not Available,No,3,1
410,Deepika Bose,Female,23,2022,COEP Pune,B.Com,Finance,8.71,1,No,No,5,5,Spring Boot | Scala | Node.js,IIMJobs,HDFC Bank,Automotive,Network Engineer,Contract,Remote,2024-01-28,HR Interview,5.0,35,Not Available,546,88,Not Available,No,10,2
415,Ishan Khanna,Male,25,2021,BITS Hyderabad,B.Tech,Civil Engineering,7.44,2,No,No,0,2,Machine Learning | MongoDB | Leadership | Problem Solving,Indeed,HDFC Bank,E-commerce,Product Manager,Contract,Noida,2024-05-26,HR Interview,2.0,15,Not Available,2779,72,Not Available,Yes,2,3
417,Chetan Chopra,Male,21,2022,IIM Bangalore,B.E.,Electronics,8.77,2,No,Yes,3,5,Bash Scripting | Linux,Naukri,Tech Mahindra,Consulting,Full Stack Developer,Contract,Surat,2022-10-13,Applied,Not Available,36,Not Available,2757,95,Not Available,Yes,8,0
418,Priya Desai,Female,22,2024,KIIT Bhubaneswar,B.Sc (CS),Computer Science,6.69,1,No,Yes,3,2,Data Analysis | Hive | Node.js,IIMJobs,Meesho,IT/Software,Operations Analyst,Full-time,Lucknow,2024-06-05,Applied,Not Available,12,Not Available,208,81,Not Available,No,5,0
420,Brijesh Saxena,Male,21,2022,SRMIST Chennai,MCA,Computer Applications,8.98,3,No,No,4,3,Java | Leadership | Problem Solving,Internshala,Mu Sigma,IT/Software,Cybersecurity Analyst,Internship,Noida,2024-10-14,Shortlisted,Not Available,26,Not Available,1860,82,Not Available,No,7,2
421,Uma Subramaniam,Female,23,2022,BIT Mesra Ranchi,B.Tech,Information Technology,7.51,1,No,Yes,1,5,Spark | Docker,LinkedIn,Wipro,Media & Entertainment,Software Engineer,Internship,Delhi NCR,2024-12-14,Shortlisted,Not Available,23,Not Available,2314,59,No,No,6,2
423,Kirti Bhatia,Female,26,2021,IIM Calcutta,B.Sc (IT),Information Technology,5.84,3,Yes,No,4,4,SQL | Cybersecurity | GraphQL,Campus Placement,Uber India,AgriTech,UX Designer,Part-time,Jaipur,2023-05-21,Online Assessment,Not Available,2,Not Available,1287,72,Not Available,No,8,2
425,Rajesh Grewal,Male,24,2022,BITS Hyderabad,B.E.,Computer Science,8.02,1,No,No,1,0,TensorFlow | Spark | Kotlin,Internshala,ICICI Bank,IT/Software,Systems Engineer,Full-time,Kochi,2022-09-30,HR Interview,5.0,10,Not Available,199,75,Not Available,No,1,0
427,Balram Sundaram,Male,27,2021,JNTUH Hyderabad,B.Com,Accounting,7.3,2,Yes,No,5,5,PHP | Git | Spark | Django,Internshala,BYJU's,E-commerce,Product Manager,Full-time,Kolkata,2024-06-11,Rejected,4.0,24,Not Available,2177,93,Not Available,No,10,3
430,Vijay Chopra,Male,27,2021,NIT Trichy,B.Tech,Civil Engineering,9.95,0,No,No,1,1,Python | Git | React | JavaScript | AWS,Internshala,Lenskart,Consulting,iOS Developer,Full-time,Gurugram,2023-10-22,HR Interview,4.0,16,Not Available,2344,80,Not Available,No,2,2
431,Hema Goyal,Female,25,2024,IIT Kanpur,BBA,Marketing,9.8,2,No,No,4,3,Linux | Communication | MATLAB | MongoDB | Ruby on Rails,Monster,Bajaj Finserv,E-commerce,Software Engineer,Part-time,Bhopal,2024-10-04,Shortlisted,Not Available,28,Not Available,925,94,Not Available,No,7,0
432,Piyush Mathur,Prefer not to say,25,2021,JNTUH Hyderabad,B.Tech,Civil Engineering,7.49,1,Yes,Yes,0,2,Flutter | Python | Hadoop | Problem Solving,LinkedIn,Citi India,Logistics,Embedded Engineer,Full-time,Vadodara,2024-12-13,Applied,Not Available,41,Not Available,284,91,No,No,2,3
436,Jyoti Kapoor,Female,24,2020,KIIT Bhubaneswar,B.Sc (IT),Information Technology,6.76,2,No,No,2,1,Leadership | Communication | Linux,Indeed,Google India,Telecom,Marketing Analyst,Internship,Chandigarh,2024-08-07,Online Assessment,Not Available,41,Not Available,2864,65,Not Available,Yes,3,4
439,Kartik Krishnan,Male,26,2022,IIT Madras,B.Sc (CS),Computer Science,7.39,2,No,Yes,0,1,Teamwork | Hadoop | Linux,Foundit,MakeMyTrip,Automotive,Systems Engineer,Full-time,Mysuru,2022-11-14,Offer,4.0,6,306413.0,1316,64,Not Available,No,1,0
440,Arnav Sharma,Male,22,2021,NIT Warangal,B.Sc (IT),Information Technology,5.86,1,No,Yes,5,1,MATLAB | Ruby on Rails | Django,LinkedIn,Zoho,Manufacturing,Full Stack Developer,Full-time,Mysuru,2023-03-19,Technical Interview,1.0,31,Not Available,2787,79,No,No,6,2
441,Hemant Trivedi,Male,26,2022,Pune University,MCA,Computer Applications,7.9,2,No,No,4,0,Hadoop | Deep Learning | Tableau,Naukri,Tata Steel,Retail,Content Writer,Full-time,Coimbatore,2023-03-27,Rejected,1.0,42,Not Available,992,63,Not Available,No,4,1
443,Irfan Dey,Male,20,2023,MNNIT Allahabad,MCA,Computer Applications,8.97,2,No,No,0,4,Flutter | Django | Kotlin | Bash Scripting | Docker,Campus Placement,Hexaware,Banking & Finance,Technical Support Engineer,Full-time,Kochi,2023-12-25,HR Interview,5.0,44,Not Available,377,64,Not Available,Yes,4,0
444,Hitesh Lal,Male,27,2023,IIT Kharagpur,M.Tech,AI/ML,5.68,3,No,Yes,4,5,Communication | Figma | Docker | MATLAB,Naukri,HCL Technologies,Retail,Cloud Engineer,Full-time,Chandigarh,2023-05-05,Applied,Not Available,21,Not Available,1269,95,Not Available,Yes,9,0
445,Karan Murthy,Male,26,2021,NIT Warangal,B.E.,Electrical,5.93,1,No,Yes,2,2,Linux | Spark | Tableau | Networking | PHP,Internshala,Cognizant,Banking & Finance,HR Executive,Full-time,Pune,2024-06-01,Withdrawn,Not Available,41,Not Available,464,79,Not Available,No,4,3
446,Falak Sodhi,Female,24,2023,Thapar University,B.Tech,Mechanical Engineering,9.78,2,No,No,0,3,Data Analysis | TypeScript,Naukri,Qualcomm India,Automotive,Network Engineer,Full-time,Ahmedabad,2024-11-22,Offer,4.0,37,642415.0,1987,68,Not Available,No,3,1
448,Utsav Sodhi,Male,25,2024,KIIT Bhubaneswar,M.Tech,Software Engineering,5.56,2,No,No,1,3,Excel | Laravel | Linux | Machine Learning | MATLAB,Naukri,NIIT Technologies,IT/Software,iOS Developer,Part-time,Delhi NCR,2024-07-17,Online Assessment,Not Available,23,Not Available,390,68,Not Available,No,4,0
451,Babita Srivastava,Female,21,2023,Jadavpur University Kolkata,MCA,Computer Applications,7.35,0,No,Yes,4,4,Hadoop | TypeScript,AngelList,Wipro,Manufacturing,UX Designer,Full-time,Visakhapatnam,2024-07-05,Online Assessment,Not Available,6,Not Available,1566,56,Not Available,No,8,1
452,Babita Khanna,Female,23,2021,IIIT Bangalore,MBA,Strategy,9.44,1,No,No,1,2,Leadership | React | Java,LinkedIn,BigBasket,Telecom,ML Engineer,Internship,Bhopal,2022-05-11,Offer,3.0,30,39876.0,2098,96,Yes,No,3,1
457,Dipali Grewal,Female,22,2024,DTU Delhi,BCA,Computer Applications,9.54,0,No,Yes,1,2,Power BI | Azure | Problem Solving,Unstop,Zomato,Logistics,DevOps Engineer,Full-time,Bhopal,2024-03-12,Rejected,3.0,1,Not Available,2196,69,Not Available,No,3,0
459,Divya Kapoor,Female,24,2020,NIT Calicut,B.Sc (CS),Computer Science,8.14,3,No,No,6,0,Hive | React | Data Analysis | Kotlin,LinkedIn,Amazon India,Telecom,DevOps Engineer,Full-time,Visakhapatnam,2022-03-17,Online Assessment,Not Available,20,Not Available,2381,55,No,No,6,2
462,Gargi Pandey,Female,22,2022,RV College Bangalore,M.Tech,Software Engineering,9.05,2,No,Yes,6,2,Azure | Teamwork | Docker | Networking,Naukri,Bosch India,Telecom,Product Manager,Full-time,Indore,2023-05-05,Applied,Not Available,26,Not Available,276,81,Not Available,No,8,1
466,Eklavya Joshi,Male,20,2024,Lovely Professional University,B.Tech,Electrical Engineering,9.98,2,No,No,4,2,Cybersecurity | React,Internshala,Swiggy,Retail,Frontend Developer,Internship,Delhi NCR,2024-03-21,Rejected,4.0,40,Not Available,2713,67,Not Available,No,6,0
468,Babita Chopra,Female,23,2024,Amity University Noida,BBA,Marketing,6.35,1,No,Yes,0,4,AWS | Laravel,Naukri,IBM India,Manufacturing,SEO Analyst,Full-time,Ahmedabad,2024-09-09,Applied,Not Available,20,Not Available,718,82,Not Available,No,4,0
469,Sachin Rawat,Male,20,2021,IIIT Allahabad,B.E.,Civil,5.61,1,No,Yes,3,1,Spring Boot | GraphQL | MongoDB,LinkedIn,Unacademy,Retail,Recruiter,Internship,Surat,2021-09-07,Applied,Not Available,14,Not Available,542,86,No,No,4,0
470,Bhavna Chauhan,Prefer not to say,23,2020,IIM Bangalore,B.Com,Accounting,7.65,0,No,Yes,3,3,SQL | Kubernetes | Django | Teamwork | React,Indeed,Qualcomm India,EdTech,Data Scientist,Full-time,Remote,2023-03-10,Offer,2.0,18,483239.0,2701,75,Not Available,Yes,6,3
471,Arjun Kapoor,Male,22,2021,SRMIST Chennai,M.Tech,Computer Science,5.78,1,No,No,2,4,Machine Learning | PyTorch | Deep Learning | PHP | Azure,HackerEarth,Ola,Manufacturing,Digital Marketing Executive,Contract,Chennai,2021-03-03,Online Assessment,Not Available,20,Not Available,1703,95,Not Available,No,6,0
472,Vibha Bhatnagar,Female,20,2020,Bangalore University,B.Tech,Chemical Engineering,5.65,1,No,Yes,3,4,Machine Learning | SQL | Python,Naukri,HDFC Bank,Banking & Finance,Operations Analyst,Contract,Hyderabad,2023-09-02,Online Assessment,Not Available,27,Not Available,2248,83,Not Available,Yes,7,3
473,Yamini Sharma,Female,24,2023,DTU Delhi,B.Sc (IT),Information Technology,6.95,2,No,No,0,3,Cybersecurity | TypeScript | Data Analysis | AWS | Power BI,Internshala,Razorpay,EdTech,iOS Developer,Full-time,Hyderabad,2023-04-08,Shortlisted,Not Available,40,Not Available,481,70,Not Available,No,3,0
475,Jyoti Oberoi,Female,26,2023,NIT Calicut,M.Tech,Software Engineering,6.68,3,Yes,Yes,6,4,Docker | Deep Learning | Communication | Swift,HackerEarth,Delhivery,Logistics,Full Stack Developer,Internship,Jaipur,2023-11-30,Applied,Not Available,24,Not Available,1797,96,Not Available,Yes,10,0
476,Komal Naik,Female,27,2020,BITS Pilani,B.Com,Finance,6.83,2,No,Yes,0,4,TensorFlow | Flutter | Data Analysis,LinkedIn,HDFC Bank,FinTech,Software Engineer,Full-time,Patna,2022-12-26,Online Assessment,Not Available,10,Not Available,2355,88,No,No,4,2
478,Lavanya Lal,Female,21,2020,SVNIT Surat,MCA,Computer Applications,6.15,1,No,No,1,3,Scala | PyTorch | TensorFlow,Unstop,Goldman Sachs,AgriTech,Marketing Analyst,Full-time,Noida,2021-10-15,Rejected,4.0,8,Not Available,2449,98,Not Available,No,4,1
480,Zara Hegde,Female,21,2020,Osmania University Hyderabad,BBA,Finance,6.59,3,No,No,3,0,Problem Solving | Networking,AngelList,JPMorgan India,Logistics,Network Engineer,Full-time,Mysuru,2022-05-30,Withdrawn,Not Available,6,Not Available,102,61,Not Available,No,3,2
481,Raghav Venkatesh,Male,23,2024,IIIT Hyderabad,B.Sc (IT),Information Technology,9.99,3,No,No,3,4,C++ | Hadoop | SQL | GraphQL | Scala,IIMJobs,Microsoft India,Banking & Finance,Systems Engineer,Full-time,Visakhapatnam,2024-10-09,HR Interview,1.0,39,Not Available,1777,80,Not Available,No,7,0
484,Falguni Tiwari,Female,25,2020,BITS Pilani,B.Sc (CS),Computer Science,9.59,2,No,No,3,4,Data Analysis | Node.js,LinkedIn,NIIT Technologies,AgriTech,Cloud Engineer,Full-time,Jaipur,2023-12-28,Shortlisted,Not Available,9,Not Available,1627,61,No,No,7,3
485,Zara Lal,Female,21,2022,VIT Vellore,M.Tech,Computer Science,6.61,1,No,Yes,3,1,Tableau | Power BI | Selenium,Cutshort,Meesho,E-commerce,Software Engineer,Full-time,Bengaluru,2024-06-07,Online Assessment,Not Available,29,Not Available,1747,90,Not Available,No,4,2
488,Dipali Mukherjee,Female,22,2023,NIT Calicut,M.Tech,AI/ML,7.92,2,No,No,4,3,Laravel | MATLAB | GraphQL,Naukri,Infosys,Automotive,Data Analyst,Internship,Chandigarh,2024-04-18,Applied,Not Available,5,Not Available,2564,59,Not Available,No,7,1
489,Jyoti Desai,Female,22,2021,IIT Delhi,M.Tech,Computer Science,6.99,0,No,No,5,3,Spring Boot | Linux | Kotlin | AWS | Docker,LinkedIn,Texas Instruments India,Manufacturing,Frontend Developer,Internship,Noida,2023-10-21,Applied,Not Available,17,Not Available,1694,67,No,No,8,2
491,Lokesh Reddy,Male,22,2024,Lovely Professional University,BBA,Marketing,9.51,1,No,No,3,0,Laravel | MongoDB,Campus Placement,Texas Instruments India,HealthTech,Full Stack Developer,Full-time,Chennai,2024-04-23,Online Assessment,Not Available,7,Not Available,2088,67,Not Available,No,3,0
493,Amrita Yadav,Female,24,2022,BITS Goa,M.Tech,Data Science,6.82,3,No,Yes,3,0,SQL | Git | Ruby on Rails | Kotlin | Spark,Naukri,PolicyBazaar,FinTech,Systems Engineer,Full-time,Mysuru,2024-12-02,Applied,Not Available,3,Not Available,820,60,Not Available,No,3,2
495,Priya Mehta,Female,26,2021,SRMIST Chennai,B.E.,Mechanical,5.52,1,No,No,2,1,Power BI | Django | TensorFlow | C++ | Azure,LinkedIn,Goldman Sachs,Automotive,iOS Developer,Full-time,Kochi,2024-10-25,Online Assessment,Not Available,41,Not Available,1318,68,No,No,3,3
499,Deepika Roy,Female,21,2021,IIEST Shibpur,B.Com,Accounting,8.01,1,No,Yes,0,5,PyTorch | PHP,Internshala,BYJU's,Media & Entertainment,Recruiter,Full-time,Mumbai,2021-10-21,Rejected,5.0,44,Not Available,1007,55,Not Available,No,5,0
500,Qasim Lodha,Male,21,2021,SVNIT Surat,B.Tech,Electronics & Communication,5.59,3,No,No,2,5,Selenium | Cybersecurity | Tableau | MATLAB | Swift,Unstop,Bajaj Finserv,Logistics,QA Engineer,Full-time,Pune,2023-07-20,Online Assessment,Not Available,24,Not Available,966,64,Not Available,No,7,2
501,Lata Patil,Female,22,2022,JNTUH Hyderabad,B.Tech,Electrical Engineering,9.12,1,Yes,Yes,4,1,AWS | Hive | Kubernetes | Excel | TensorFlow,Indeed,Fractal Analytics,Telecom,Database Administrator,Full-time,Indore,2023-08-08,Shortlisted,Not Available,21,Not Available,2775,80,Not Available,Yes,5,1
504,Mohit Yadav,Male,22,2021,Delhi University,B.E.,Mechanical,8.3,2,No,No,3,2,Leadership | Teamwork | SQL,Campus Placement,Zoho,E-commerce,Frontend Developer,Full-time,Lucknow,2024-06-20,Shortlisted,Not Available,36,Not Available,2312,95,Not Available,No,5,3
506,Shreya Nair,Prefer not to say,22,2021,Presidency University Kolkata,B.Sc (IT),Information Technology,9.63,0,No,No,5,1,Leadership | Bash Scripting | Node.js | Kubernetes,Unstop,PolicyBazaar,IT/Software,UX Designer,Part-time,Kochi,2021-12-13,Shortlisted,Not Available,17,Not Available,836,87,Not Available,No,6,0
507,Vikram Subramaniam,Male,25,2021,IIT Kharagpur,B.Sc (CS),Computer Science,6.68,3,No,Yes,6,5,R | Node.js | Docker | Ruby on Rails | C++,LinkedIn,TCS,Media & Entertainment,Sales Executive,Full-time,Indore,2022-02-13,Rejected,4.0,25,Not Available,1640,57,No,No,11,1
510,Jagdish Chauhan,Male,27,2021,Kalinga University,M.Tech,Software Engineering,8.68,3,No,No,6,0,Deep Learning | Flutter | Python | Node.js | Data Analysis,Naukri,Uber India,Media & Entertainment,Full Stack Developer,Internship,Delhi NCR,2022-01-21,Applied,Not Available,21,Not Available,982,65,Not Available,No,6,1
513,Vikram Trivedi,Male,25,2023,MDI Gurgaon,BCA,Computer Applications,7.15,3,No,No,1,1,Excel | SQL | Java,Naukri,Freshworks,HealthTech,HR Executive,Full-time,Nagpur,2023-03-15,Applied,Not Available,36,Not Available,1187,69,Not Available,No,2,0
514,Elina Mukherjee,Female,26,2021,NSUT Delhi,B.Tech,Data Science,9.83,0,No,No,4,2,Tableau | PHP | Swift,Campus Placement,Fractal Analytics,Telecom,Software Engineer,Contract,Remote,2021-11-21,Shortlisted,Not Available,20,Not Available,2851,94,Not Available,No,6,0
515,Gaurav Sundaram,Male,24,2022,Osmania University Hyderabad,MBA,Strategy,9.39,2,No,No,0,3,PyTorch | Tableau | Excel | Git,Cutshort,Bosch India,Logistics,Recruiter,Contract,Nagpur,2022-07-29,Online Assessment,Not Available,37,Not Available,1406,99,Not Available,No,3,0
517,Siddharth Rajan,Male,23,2021,BIT Mesra Ranchi,B.Tech,Data Science,7.1,3,No,No,2,3,Hadoop | Laravel | Data Analysis | Scala,LinkedIn,Zomato,HealthTech,Database Administrator,Full-time,Kolkata,2023-12-09,Offer,3.0,16,546176.0,1590,82,No,No,5,2
518,Ishaan Bansal,Male,20,2020,MNNIT Allahabad,MCA,Computer Applications,7.16,1,No,Yes,1,4,Git | SQL | Problem Solving | REST APIs | Data Analysis,AngelList,Delhivery,HealthTech,Frontend Developer,Internship,Jaipur,2021-02-04,Applied,Not Available,21,Not Available,2313,85,Not Available,No,5,1
521,Nidhi Krishnan,Female,20,2020,VIT Vellore,B.Sc (CS),Computer Science,9.79,1,No,Yes,6,5,Java | Flutter | Leadership | Swift | R,AngelList,Fractal Analytics,Retail,Business Analyst,Full-time,Visakhapatnam,2021-03-15,Applied,Not Available,38,Not Available,2063,55,Not Available,No,11,1
523,Qasim Bose,Male,23,2021,SVNIT Surat,BBA,Finance,9.25,1,No,No,2,3,Scala | Hive,Naukri,JPMorgan India,EdTech,Network Engineer,Full-time,Bengaluru,2022-03-20,Offer,4.0,14,600153.0,2096,79,Not Available,No,5,1
531,Riddhi Rawat,Female,26,2020,SRMIST Chennai,BBA,Finance,7.04,2,No,Yes,4,3,MATLAB | Swift,Shine,PolicyBazaar,Manufacturing,Marketing Analyst,Full-time,Vadodara,2023-08-28,Offer,5.0,35,652396.0,451,82,Not Available,No,7,3
532,Geeta Subramaniam,Female,20,2023,IIT Madras,M.Tech,Computer Science,7.64,0,Yes,No,5,5,REST APIs | Spring Boot,HackerEarth,Axis Bank,Automotive,Embedded Engineer,Full-time,Gurugram,2024-02-06,Offer,2.0,14,723116.0,2563,81,Not Available,Yes,10,1
533,Eisha Gupta,Female,27,2020,COEP Pune,BCA,Computer Applications,6.74,3,No,No,5,0,GraphQL | MongoDB | Linux | PHP,Indeed,Urban Company,HealthTech,SEO Analyst,Full-time,Gurugram,2024-05-16,Shortlisted,Not Available,8,Not Available,2863,64,Not Available,No,5,4
534,Dinesh Subramaniam,Male,23,2020,KIIT Bhubaneswar,BCA,Computer Applications,5.7,1,No,No,4,3,Bash Scripting | Selenium | Linux,IIMJobs,Swiggy,Banking & Finance,Frontend Developer,Full-time,Patna,2024-05-24,Online Assessment,Not Available,29,Not Available,2082,78,Not Available,No,7,4
539,Keshav Khatri,Male,25,2022,SP Jain Mumbai,M.Tech,Software Engineering,7.7,1,No,Yes,3,2,Communication | Hive,Naukri,Barclays India,AgriTech,Product Manager,Internship,Ahmedabad,2022-10-04,Rejected,3.0,21,Not Available,1030,91,Not Available,No,5,0
541,Falak Dubey,Female,27,2022,SRM University Chennai,MCA,Computer Applications,8.73,3,No,Yes,4,0,MongoDB | Spring Boot | Ruby on Rails | TensorFlow,LinkedIn,Uber India,FinTech,Recruiter,Full-time,Nagpur,2023-07-21,Rejected,3.0,36,Not Available,2440,72,No,No,4,1
542,Vinay Oberoi,Male,27,2024,IIT Hyderabad,M.Tech,VLSI,7.24,0,No,Yes,6,0,React | Problem Solving,LinkedIn,Barclays India,E-commerce,Technical Support Engineer,Full-time,Patna,2024-11-07,Shortlisted,Not Available,3,Not Available,2754,91,Yes,Yes,6,0
543,Mukesh Agarwal,Prefer not to say,26,2021,VIT Vellore,B.Sc (CS),Computer Science,9.68,2,No,Yes,4,4,Power BI | Machine Learning | Spring Boot | Excel,Internshala,Wipro,E-commerce,Business Analyst,Internship,Coimbatore,2022-07-07,Offer,4.0,7,12081.0,1058,81,Not Available,No,8,1
544,Harini Hegde,Female,24,2020,IIT Bombay,B.Sc (CS),Computer Science,7.46,3,No,Yes,6,0,Bash Scripting | Selenium | Azure | Cybersecurity | Spring Boot,Referral,Mindtree,IT/Software,Cybersecurity Analyst,Internship,Kolkata,2024-10-10,Online Assessment,Not Available,34,Not Available,1452,75,Not Available,Yes,6,4
545,Qasim Roy,Male,23,2022,BITS Hyderabad,B.E.,Electrical,9.27,3,No,Yes,1,2,TensorFlow | Problem Solving | Tableau | Bash Scripting,Naukri,ICICI Bank,Consulting,UX Designer,Part-time,Bengaluru,2024-11-06,Rejected,1.0,16,Not Available,2693,99,Not Available,Yes,3,2
546,Lokesh Bisht,Male,26,2020,NSUT Delhi,MCA,Computer Applications,9.59,0,No,Yes,2,2,Kotlin | Machine Learning | Power BI | GraphQL,Unstop,Upstox,FinTech,DevOps Engineer,Part-time,Indore,2023-01-17,Applied,Not Available,15,Not Available,418,100,Not Available,No,4,3
547,Kamlesh Jain,Male,20,2022,IIT Kanpur,B.Com,Accounting,7.54,2,No,Yes,6,1,PyTorch | Teamwork | Machine Learning,Internshala,ICICI Bank,AgriTech,Business Analyst,Internship,Visakhapatnam,2024-09-02,Offer,4.0,12,36568.0,1230,90,Not Available,No,7,2
549,Lakshay Joshi,Male,27,2021,SP Jain Mumbai,BCA,Computer Applications,9.38,2,No,Yes,1,3,Bash Scripting | MongoDB | Tableau,LinkedIn,Cognizant,Banking & Finance,Finance Analyst,Full-time,Gurugram,2023-08-02,Online Assessment,Not Available,32,Not Available,2825,80,No,No,4,2
552,Simran Iyer,Female,24,2022,IIM Calcutta,B.Com,Finance,7.65,3,Yes,Yes,2,4,Python | SQL | Azure,HackerEarth,Barclays India,IT/Software,Software Engineer,Full-time,Remote,2023-12-04,Shortlisted,Not Available,29,Not Available,1702,76,Not Available,No,6,1
554,Rahul Garg,Male,20,2021,NIT Surathkal,MCA,Computer Applications,7.38,1,No,No,1,0,Machine Learning | C++,Naukri,Practo,FinTech,Business Analyst,Full-time,Chennai,2024-10-09,Online Assessment,Not Available,6,Not Available,2791,84,Not Available,No,1,3
556,Tarun Hegde,Male,23,2023,BITS Hyderabad,B.E.,Electrical,7.78,3,No,Yes,2,2,Tableau | Machine Learning,Unstop,IBM India,FinTech,HR Executive,Contract,Mumbai,2023-06-12,Shortlisted,Not Available,28,Not Available,680,81,Not Available,No,4,0
557,Omkar Malhotra,Male,24,2021,NSUT Delhi,M.Tech,VLSI,8.15,3,No,Yes,1,4,Docker | Machine Learning | Hadoop,Naukri,Mindtree,AgriTech,Business Analyst,Full-time,Delhi NCR,2021-01-18,Applied,Not Available,28,Not Available,2067,60,Not Available,No,5,0
558,Itisha Grewal,Female,22,2020,IIT Bombay,M.Tech,Data Science,5.65,2,No,Yes,5,5,R | TypeScript | Node.js | C++,LinkedIn,Texas Instruments India,Manufacturing,Full Stack Developer,Full-time,Visakhapatnam,2021-06-18,Withdrawn,Not Available,40,Not Available,50,67,No,No,10,1
559,Dipali Bose,Female,24,2024,Pune University,BBA,Business Administration,9.24,2,No,No,6,2,Scala | Linux | Flutter,LinkedIn,HDFC Bank,Media & Entertainment,Product Manager,Full-time,Jaipur,2024-09-23,Applied,Not Available,31,Not Available,1903,77,No,No,8,0
560,Namrata Majumdar,Female,23,2022,HBTU Kanpur,MBA,Marketing,6.58,1,No,Yes,0,4,Azure | SQL,Freshersworld,Paytm,E-commerce,Database Administrator,Full-time,Bhubaneswar,2022-11-13,Technical Interview,4.0,38,Not Available,1029,100,Not Available,No,4,0
562,Gargi Patil,Female,26,2020,NSUT Delhi,MBA,Marketing,5.69,1,No,No,2,1,PyTorch | C++ | Python,Unstop,Tata Steel,FinTech,UX Designer,Full-time,Bengaluru,2021-08-03,Online Assessment,Not Available,33,Not Available,876,68,Not Available,Yes,3,1
563,Farida Shukla,Female,26,2024,Jadavpur University Kolkata,BBA,Marketing,7.46,0,No,No,4,2,C++ | Leadership | Docker | Java | PyTorch,Unstop,IBM India,Telecom,Content Writer,Part-time,Bhopal,2024-05-31,Online Assessment,Not Available,21,Not Available,2470,69,Not Available,No,6,0
565,Leena Agarwal,Female,21,2021,KIIT Bhubaneswar,B.Com,Finance,6.98,1,Yes,Yes,2,5,Kotlin | Java | SQL,LinkedIn,Morgan Stanley India,E-commerce,iOS Developer,Full-time,Noida,2023-05-02,Applied,Not Available,28,Not Available,885,65,No,No,7,2
566,Lalit Dhillon,Male,21,2020,BITS Hyderabad,B.E.,Computer Science,9.79,0,No,No,2,1,Selenium | Docker,LinkedIn,BigBasket,Retail,Full Stack Developer,Full-time,Coimbatore,2022-07-24,Offer,3.0,6,773564.0,1496,66,No,No,3,2
567,Vibha Mishra,Female,21,2021,BITS Hyderabad,MBA,Marketing,7.85,1,No,No,5,2,Docker | Spring Boot,Campus Placement,Tiger Analytics,Banking & Finance,Technical Support Engineer,Full-time,Indore,2022-03-11,Applied,Not Available,40,Not Available,2661,85,Not Available,No,7,1
569,Furqan Jain,Male,25,2020,Presidency University Kolkata,B.Tech,Data Science,6.61,3,No,No,0,2,Linux | Communication | Spring Boot,Freshersworld,Citi India,Manufacturing,SEO Analyst,Full-time,Delhi NCR,2023-12-24,Shortlisted,Not Available,32,Not Available,1313,74,Not Available,No,2,3
571,Mukesh Sethi,Male,24,2020,Thapar University,B.Tech,Information Technology,9.63,3,Yes,Yes,5,0,React | SQL | GraphQL,LinkedIn,Practo,IT/Software,Embedded Engineer,Internship,Indore,2024-01-15,Applied,Not Available,11,Not Available,2470,90,No,No,5,4
573,Jagdish Bansal,Male,25,2021,Thapar University,BBA,HR,9.6,2,No,No,0,5,Communication | Scala | Hadoop | Swift | Python,Shine,NIIT Technologies,Automotive,DevOps Engineer,Internship,Vadodara,2021-09-20,Online Assessment,Not Available,42,Not Available,2426,62,Not Available,No,5,0
579,Tejas Murthy,Male,21,2020,GLA University Mathura,B.Com,Accounting,8.73,1,No,Yes,0,0,Python | GraphQL | PyTorch | MongoDB,WorkIndia,Urban Company,EdTech,Business Analyst,Full-time,Ahmedabad,2024-06-06,Applied,Not Available,17,Not Available,2500,89,Not Available,No,0,4
581,Devika Shukla,Female,23,2021,IIM Calcutta,BCA,Computer Applications,8.82,1,No,Yes,1,2,JavaScript | R | Selenium | Power BI | Spark,LinkedIn,Zomato,Media & Entertainment,Recruiter,Internship,Chandigarh,2024-07-08,HR Interview,2.0,20,Not Available,2862,82,Yes,Yes,3,3
582,Aarav Tiwari,Male,25,2020,PES University Bangalore,BCA,Computer Applications,5.99,1,No,Yes,0,3,Linux | Machine Learning | Problem Solving,AngelList,Upstox,Automotive,Digital Marketing Executive,Contract,Visakhapatnam,2022-11-07,Offer,4.0,39,415042.0,2232,97,Not Available,No,3,2
583,Vijay Roy,Male,24,2022,Manipal Institute of Technology,BBA,Marketing,9.67,0,No,Yes,6,4,Node.js | GraphQL | MongoDB | Linux | AWS,Monster,ICICI Bank,Media & Entertainment,Data Scientist,Full-time,Hyderabad,2024-02-22,Online Assessment,Not Available,42,Not Available,2428,100,Not Available,No,10,2
584,Inder Dubey,Male,23,2021,SRM University Chennai,B.Tech,Electronics & Communication,6.59,0,No,No,2,2,Ruby on Rails | AWS | Deep Learning | C++,Indeed,Nykaa,E-commerce,Technical Support Engineer,Internship,Vadodara,2024-07-27,Applied,Not Available,10,Not Available,2609,83,Not Available,Yes,4,3
585,Kamya Verma,Female,25,2023,NIT Trichy,B.Sc (IT),Information Technology,5.63,0,No,No,5,0,Node.js | Git,LinkedIn,Amazon India,Banking & Finance,Data Scientist,Full-time,Hyderabad,2023-06-19,Offer,5.0,42,1580430.0,1571,58,No,No,5,0
586,Jay Rawat,Male,25,2023,GLA University Mathura,B.E.,Electrical,8.41,2,No,Yes,6,1,Leadership | Swift | PHP | React | Azure,LinkedIn,Samsung India,Retail,UX Designer,Internship,Jaipur,2023-02-17,Online Assessment,Not Available,33,Not Available,1830,84,Yes,No,7,0
589,Amrita Srivastava,Female,27,2023,SRM University Chennai,B.Com,Commerce,7.2,1,No,Yes,2,1,MATLAB | React | Azure,AngelList,Intel India,Media & Entertainment,Frontend Developer,Full-time,Remote,2024-10-03,Technical Interview,2.0,20,Not Available,1719,74,Not Available,No,3,1
590,Bhavna Negi,Female,26,2021,IIT Hyderabad,B.Sc (IT),Information Technology,5.87,0,No,Yes,5,3,Kubernetes | Django | Leadership,Referral,Cognizant,E-commerce,Finance Analyst,Internship,Patna,2024-10-15,Shortlisted,Not Available,35,Not Available,2848,66,Not Available,No,8,3
592,Shreya Bansal,Female,20,2022,SRM University Chennai,B.Sc (CS),Computer Science,6.44,2,No,No,4,2,TensorFlow | Networking,Naukri,Razorpay,FinTech,Full Stack Developer,Full-time,Vadodara,2024-05-13,Shortlisted,Not Available,30,Not Available,556,89,Not Available,Yes,6,2
594,Arjun Patel,Male,22,2021,IIM Calcutta,B.Tech,Computer Science,8.14,2,No,Yes,1,4,Tableau | Linux,Naukri,1mg,Logistics,Data Scientist,Full-time,Patna,2022-08-04,Offer,4.0,27,701031.0,62,94,Not Available,No,5,1
595,Lokesh Trivedi,Male,20,2020,Delhi University,BBA,Business Administration,9.14,2,Yes,Yes,1,3,Docker | Java | GraphQL | AWS | PyTorch,LinkedIn,Zoho,EdTech,UX Designer,Internship,Pune,2021-05-31,Applied,Not Available,18,Not Available,1422,76,No,Yes,4,1
598,Zara Mehta,Female,21,2021,Delhi University,B.Com,Commerce,9.07,3,No,Yes,1,3,PyTorch | C++ | Excel,Naukri,Persistent Systems,Automotive,Database Administrator,Full-time,Hyderabad,2024-09-28,Shortlisted,Not Available,45,Not Available,2892,56,Not Available,No,4,3
599,Omkar Lodha,Male,21,2022,Pune University,BBA,Marketing,9.71,3,No,No,1,3,Spark | TypeScript | Spring Boot | R | Leadership,Campus Placement,Delhivery,Banking & Finance,Digital Marketing Executive,Full-time,Pune,2024-01-02,Offer,3.0,25,857418.0,2658,91,Not Available,No,4,2
601,Siddharth Grewal,Prefer not to say,27,2021,JNTUH Hyderabad,B.Sc (CS),Computer Science,8.03,1,No,Yes,5,5,Scala | Tableau | PHP | AWS,Cutshort,Wipro,AgriTech,Content Writer,Contract,Bengaluru,2022-12-07,Rejected,5.0,43,Not Available,532,64,Not Available,No,10,1
604,Deepika Joshi,Female,21,2023,RV College Bangalore,B.Tech,Information Technology,5.86,0,No,Yes,3,3,Hive | PHP | Data Analysis,Referral,Lenskart,Logistics,Operations Analyst,Internship,Mumbai,2023-01-25,Applied,Not Available,18,Not Available,1156,56,Not Available,No,6,0
605,Tushar Agarwal,Male,26,2021,IIT Kharagpur,M.Tech,Data Science,8.77,3,No,No,2,0,Cybersecurity | Swift,AngelList,1mg,Consulting,Recruiter,Full-time,Chennai,2024-03-03,Technical Interview,5.0,39,Not Available,323,71,Not Available,Yes,2,3
606,Trisha Nair,Female,23,2021,NIT Surathkal,M.Tech,Data Science,5.9,1,No,Yes,5,1,Kubernetes | TensorFlow | SQL,Indeed,Amazon India,Telecom,Software Engineer,Full-time,Chennai,2024-10-20,Applied,Not Available,39,Not Available,719,55,Not Available,No,6,3
607,Vinay Kulkarni,Male,25,2021,IIIT Bangalore,M.Tech,Software Engineering,8.08,2,No,Yes,3,0,Teamwork | Communication | GraphQL | JavaScript,AngelList,BYJU's,AgriTech,Sales Executive,Full-time,Pune,2023-03-22,Shortlisted,Not Available,3,Not Available,437,82,Not Available,No,3,2
613,Mayank Kulkarni,Male,26,2023,KIIT Bhubaneswar,M.Tech,Data Science,7.93,1,Yes,No,2,3,Spark | React,AngelList,BigBasket,Telecom,UX Designer,Full-time,Indore,2024-01-15,Applied,Not Available,40,Not Available,2403,82,Not Available,No,5,1
614,Esha Kapoor,Female,25,2024,Symbiosis Pune,B.Sc (CS),Computer Science,9.97,0,No,No,5,4,TensorFlow | Scala,LinkedIn,Axis Bank,Manufacturing,Data Analyst,Internship,Bengaluru,2024-09-20,Rejected,4.0,24,Not Available,1648,79,No,No,9,0
615,Deepika Ahuja,Female,21,2021,Anna University Chennai,B.Com,Commerce,9.0,2,No,Yes,1,4,REST APIs | GraphQL | TensorFlow | Data Analysis | AWS,Naukri,Intel India,E-commerce,Android Developer,Full-time,Pune,2024-10-31,Online Assessment,Not Available,37,Not Available,1152,80,Not Available,No,5,3
616,Om Swamy,Male,21,2022,Thapar University,BCA,Computer Applications,5.86,2,No,No,5,3,Docker | Spring Boot | Machine Learning,Apna,BYJU's,Consulting,Sales Executive,Full-time,Vadodara,2022-04-01,Shortlisted,Not Available,39,Not Available,2861,78,Not Available,Yes,8,0
617,Farida Bose,Female,26,2022,Lovely Professional University,B.Tech,Chemical Engineering,7.84,3,No,No,0,4,Swift | MATLAB | Leadership | Communication,Naukri,Uber India,HealthTech,Android Developer,Internship,Mysuru,2023-11-16,Offer,1.0,8,10441.0,2021,93,Not Available,No,4,1
618,Jatin Porwal,Male,23,2022,IIM Ahmedabad,B.Tech,Electronics & Communication,9.27,1,No,Yes,2,3,Git | Data Analysis,LinkedIn,Unacademy,Manufacturing,UX Designer,Part-time,Kochi,2023-09-02,HR Interview,3.0,34,Not Available,448,70,No,No,5,1
620,Lokesh Anand,Male,22,2021,Bangalore University,B.Com,Accounting,7.37,2,No,No,3,3,Problem Solving | Teamwork | Machine Learning | AWS | Swift,AngelList,Zerodha,Manufacturing,Database Administrator,Part-time,Noida,2024-01-14,Technical Interview,3.0,38,Not Available,1778,78,Not Available,No,6,3
624,Utsav More,Male,27,2021,NIT Calicut,B.Com,Accounting,7.05,1,No,Yes,5,0,Deep Learning | Kubernetes | Kotlin | REST APIs | Git,Naukri,Hexaware,Retail,Android Developer,Full-time,Pune,2023-02-16,Applied,Not Available,37,Not Available,183,75,Not Available,Yes,5,2
626,Usha Menon,Female,26,2021,IIT Hyderabad,MCA,Computer Applications,8.46,0,No,Yes,4,1,Machine Learning | Git | Scala,Naukri,Goldman Sachs,FinTech,Sales Executive,Part-time,Lucknow,2022-02-21,Shortlisted,Not Available,20,Not Available,1142,81,Not Available,Yes,5,1
627,Alpana Venkatesh,Female,23,2021,IIM Bangalore,MCA,Computer Applications,6.61,0,No,Yes,2,4,Spark | Bash Scripting | Networking | MongoDB | Deep Learning,Referral,Lenskart,IT/Software,Frontend Developer,Internship,Bhopal,2021-05-24,Applied,Not Available,22,Not Available,1059,97,Not Available,No,6,0
628,Jagdish Venkatesh,Male,21,2021,NSUT Delhi,MBA,Marketing,8.11,1,No,Yes,5,0,Django | TensorFlow | Networking,Campus Placement,Accenture,Retail,DevOps Engineer,Full-time,Mumbai,2022-06-28,HR Interview,5.0,32,Not Available,2534,98,Not Available,No,5,1
630,Omna Mishra,Female,20,2021,MNNIT Allahabad,BBA,Marketing,9.01,2,No,Yes,1,3,Scala | Cybersecurity | Flutter | Data Analysis,LinkedIn,MakeMyTrip,IT/Software,Sales Executive,Full-time,Nagpur,2021-06-19,Applied,Not Available,38,Not Available,2097,60,No,Yes,4,0
631,Chethan Das,Male,22,2020,NIT Calicut,BCA,Computer Applications,9.4,3,No,No,1,0,Hadoop | Cybersecurity,Cutshort,Swiggy,Banking & Finance,Finance Analyst,Full-time,Pune,2022-01-06,Applied,Not Available,40,Not Available,180,83,Not Available,Yes,1,2
632,Jagdish Roy,Male,23,2021,Presidency University Kolkata,B.Sc (CS),Computer Science,6.82,1,No,Yes,4,0,REST APIs | Scala | R,Campus Placement,Angel One,Banking & Finance,Backend Developer,Internship,Gurugram,2021-12-27,Applied,Not Available,19,Not Available,143,90,Not Available,No,4,0
634,Rohan Reddy,Male,23,2023,BITS Pilani,BCA,Computer Applications,6.36,2,No,No,3,2,Excel | Java | Communication,Foundit,Freshworks,IT/Software,Backend Developer,Contract,Mumbai,2023-05-16,Applied,Not Available,40,Not Available,713,85,Not Available,No,5,0
637,Hitesh Malhotra,Male,20,2021,IIT Delhi,MCA,Computer Applications,5.95,3,No,No,3,1,PHP | C++ | Laravel | Python | SQL,Campus Placement,Hexaware,Telecom,Full Stack Developer,Full-time,Bengaluru,2021-08-10,Withdrawn,Not Available,4,Not Available,1948,60,Not Available,No,4,0
638,Yogesh Bose,Male,23,2020,IIIT Bangalore,B.Sc (CS),Computer Science,5.86,0,No,Yes,4,2,Teamwork | Data Analysis | TensorFlow | Deep Learning | MongoDB,AngelList,HCL Technologies,IT/Software,Sales Executive,Full-time,Chandigarh,2023-12-25,Offer,3.0,29,622594.0,1794,100,Not Available,No,6,3
640,Sagar Gupta,Male,21,2020,IIT Kharagpur,M.Tech,Software Engineering,7.69,3,No,Yes,0,5,GraphQL | Tableau | Laravel | Ruby on Rails,LinkedIn,Barclays India,Automotive,Software Engineer,Full-time,Mysuru,2024-12-20,Applied,Not Available,12,Not Available,223,71,No,No,5,4
643,Wahida More,Female,21,2024,IIM Bangalore,B.E.,Electronics,7.16,3,No,No,0,3,Networking | Laravel,Internshala,Intel India,Logistics,Network Engineer,Full-time,Delhi NCR,2024-01-25,Rejected,1.0,17,Not Available,1295,89,Not Available,Yes,3,0
646,Radha Srivastava,Female,27,2022,GLA University Mathura,B.Com,Finance,6.51,3,No,No,3,4,Deep Learning | Leadership | Hive | C++ | Hadoop,Glassdoor,Samsung India,AgriTech,UX Designer,Full-time,Lucknow,2022-05-25,HR Interview,5.0,40,Not Available,1808,56,Not Available,No,7,0
647,Akash Roy,Male,20,2021,Christ University Bangalore,MBA,Finance,7.24,1,No,Yes,6,1,Problem Solving | Laravel | AWS | Python | Flutter,Apna,HDFC Bank,HealthTech,Cybersecurity Analyst,Full-time,Vadodara,2023-10-25,Applied,Not Available,3,Not Available,1835,63,Not Available,No,7,2
652,Kirti Dhillon,Female,20,2022,BITS Pilani,B.E.,Civil,5.85,0,No,No,6,4,Excel | PyTorch | Git | Tableau | Bash Scripting,Cutshort,Microsoft India,Retail,Sales Executive,Full-time,Chandigarh,2024-05-12,Applied,Not Available,32,Not Available,81,58,Not Available,Yes,10,2
653,Omna Garg,Female,22,2022,RV College Bangalore,BBA,Finance,6.31,2,No,No,5,2,Figma | Swift | PyTorch | JavaScript | Git,Campus Placement,Morgan Stanley India,E-commerce,Software Engineer,Internship,Gurugram,2022-10-07,Shortlisted,Not Available,24,Not Available,2057,83,Not Available,No,7,0
654,Omna Ghosh,Female,24,2022,VIT Vellore,B.Sc (CS),Computer Science,7.41,1,No,Yes,6,3,AWS | Hive | Deep Learning | PyTorch | Docker,AngelList,Accenture,Banking & Finance,Finance Analyst,Internship,Coimbatore,2024-05-30,Shortlisted,Not Available,4,Not Available,87,99,Not Available,No,9,2
655,Naveen Malhotra,Male,22,2021,Pune University,BCA,Computer Applications,7.43,3,No,No,3,1,Spark | React | Spring Boot | Java,LinkedIn,Unacademy,HealthTech,Data Scientist,Contract,Delhi NCR,2023-02-02,Rejected,1.0,33,Not Available,1078,89,No,No,4,2
656,Keshav Patel,Male,21,2023,Jadavpur University Kolkata,B.Com,Accounting,7.67,3,No,Yes,6,0,TypeScript | Hadoop | Kubernetes,Indeed,TCS,FinTech,Cloud Engineer,Full-time,Vadodara,2023-04-17,Offer,1.0,41,422081.0,1790,59,Not Available,Yes,6,0
657,Riya Pillai,Female,24,2021,JNTUH Hyderabad,M.Tech,AI/ML,6.53,2,No,No,6,4,REST APIs | Ruby on Rails,Naukri,BYJU's,Manufacturing,Cloud Engineer,Contract,Chennai,2022-09-27,Applied,Not Available,43,Not Available,2333,99,Not Available,No,10,1
658,Zaid Bisht,Male,24,2020,IIT Madras,MCA,Computer Applications,6.87,2,No,No,5,1,React | MongoDB | AWS,Foundit,Freshworks,Media & Entertainment,QA Engineer,Full-time,Lucknow,2024-06-13,HR Interview,1.0,32,Not Available,2844,94,Not Available,No,6,4
663,Elina Gupta,Female,26,2021,Symbiosis Pune,B.Sc (CS),Computer Science,7.83,0,No,No,1,1,MongoDB | C++ | Python,LinkedIn,Unacademy,IT/Software,Software Engineer,Full-time,Surat,2023-03-02,Online Assessment,Not Available,25,Not Available,519,57,No,No,2,2
665,Leena Grewal,Female,22,2021,Mumbai University,B.Sc (IT),Information Technology,9.4,2,No,No,0,0,Networking | Java | REST APIs,Campus Placement,NIIT Technologies,E-commerce,Software Engineer,Full-time,Noida,2022-11-06,Rejected,3.0,38,Not Available,1603,83,Not Available,No,0,1
667,Inder Lal,Male,20,2022,Nirma University Ahmedabad,B.Com,Commerce,7.43,1,No,Yes,4,5,Machine Learning | Spring Boot | Hadoop | REST APIs | Python,Internshala,Tiger Analytics,Retail,Cybersecurity Analyst,Full-time,Remote,2024-03-04,Applied,Not Available,34,Not Available,2843,97,Not Available,No,9,2
668,Sneha Bisht,Female,20,2022,IIM Bangalore,BBA,HR,6.31,3,No,No,3,0,AWS | Java | Node.js,LinkedIn,Mphasis,Telecom,SEO Analyst,Contract,Surat,2024-03-28,Online Assessment,Not Available,12,Not Available,1607,55,No,Yes,3,2
669,Omna Negi,Female,22,2020,IIM Ahmedabad,M.Tech,AI/ML,7.01,2,No,Yes,3,3,Bash Scripting | Node.js | R | Cybersecurity,LinkedIn,Intel India,Consulting,UX Designer,Full-time,Delhi NCR,2021-07-17,Online Assessment,Not Available,42,Not Available,2308,64,No,No,6,1
670,Chitra Mukherjee,Female,24,2021,NIT Trichy,BCA,Computer Applications,7.0,0,No,No,2,5,Problem Solving | AWS | SQL | Ruby on Rails,Naukri,Intel India,Manufacturing,Embedded Engineer,Part-time,Mumbai,2022-10-16,Shortlisted,Not Available,33,Not Available,567,55,Not Available,No,7,1
672,Vandana Sharma,Female,20,2020,NSUT Delhi,B.Com,Finance,9.75,1,No,Yes,3,1,AWS | PyTorch,LinkedIn,Persistent Systems,IT/Software,Embedded Engineer,Full-time,Chandigarh,2024-02-26,Technical Interview,5.0,4,Not Available,424,62,No,No,4,4
673,Brijesh Bose,Male,21,2022,NIT Warangal,MCA,Computer Applications,8.86,0,No,Yes,6,3,TypeScript | AWS,LinkedIn,Tech Mahindra,Telecom,Business Analyst,Internship,Visakhapatnam,2022-10-05,Technical Interview,1.0,1,Not Available,2031,71,No,No,9,0
675,Nikhil Kumar,Male,24,2022,IIT Madras,BCA,Computer Applications,8.99,3,No,Yes,3,2,Networking | Django | Selenium,Naukri,Axis Bank,Manufacturing,SEO Analyst,Contract,Kochi,2023-12-22,Applied,Not Available,18,Not Available,2285,82,Not Available,Yes,5,1
678,Tanya Arora,Female,26,2020,GLA University Mathura,BCA,Computer Applications,8.35,3,No,Yes,1,2,Linux | Node.js | MATLAB | Deep Learning,Freshersworld,Amazon India,Logistics,Backend Developer,Full-time,Jaipur,2024-03-04,Shortlisted,Not Available,4,Not Available,93,65,Not Available,No,3,4
679,Itisha Joshi,Female,21,2022,BITS Pilani,MBA,Marketing,9.38,1,No,Yes,6,5,Selenium | Hive | Spark | Docker,LinkedIn,Samsung India,IT/Software,Content Writer,Full-time,Bhubaneswar,2023-06-27,HR Interview,5.0,9,Not Available,1949,93,No,No,11,1
682,Parth Sengupta,Male,20,2020,PES University Bangalore,MCA,Computer Applications,7.65,0,No,No,3,4,Linux | MATLAB | AWS | Bash Scripting,Referral,Meesho,Logistics,DevOps Engineer,Internship,Gurugram,2022-09-21,Online Assessment,Not Available,24,Not Available,971,56,Not Available,Yes,7,2
683,Piyush Pandey,Male,25,2022,IIT Bombay,B.Sc (CS),Computer Science,8.35,0,Yes,Yes,3,2,AWS | TensorFlow | Deep Learning | Leadership,LinkedIn,JPMorgan India,E-commerce,Sales Executive,Full-time,Chennai,2024-09-16,Rejected,1.0,45,Not Available,662,69,No,No,5,2
685,Onkar Dubey,Male,21,2021,Jadavpur University Kolkata,BBA,HR,6.9,3,Yes,No,1,3,Python | Linux | Azure,Indeed,Mphasis,Retail,Frontend Developer,Full-time,Bhopal,2023-08-07,Offer,3.0,9,874781.0,54,83,Not Available,Yes,4,2
686,Nidhi Jain,Female,20,2021,NIT Surathkal,MCA,Computer Applications,5.95,1,Yes,No,4,0,Networking | Python | MATLAB | Django | TypeScript,LinkedIn,Flipkart,FinTech,Full Stack Developer,Full-time,Kolkata,2024-01-02,Shortlisted,Not Available,36,Not Available,2305,60,No,No,4,3
687,Alpana Dhillon,Female,27,2021,Kalinga University,B.E.,Civil,8.0,0,No,No,6,2,Kotlin | Laravel | Linux,Unstop,Meesho,Banking & Finance,Cybersecurity Analyst,Contract,Coimbatore,2021-11-13,Online Assessment,Not Available,38,Not Available,2014,66,Not Available,No,8,0
689,Swati Nair,Female,26,2022,Symbiosis Pune,BBA,Marketing,8.65,1,No,No,1,0,JavaScript | Problem Solving | Bash Scripting,Cutshort,HDFC Bank,AgriTech,Backend Developer,Full-time,Bhopal,2023-10-17,Shortlisted,Not Available,9,Not Available,2898,61,Not Available,No,1,1
691,Piyush Khatri,Male,20,2021,Jadavpur University Kolkata,B.Com,Commerce,6.04,0,No,No,5,4,React | Spark | Spring Boot | TensorFlow,LinkedIn,Amazon India,FinTech,SEO Analyst,Full-time,Hyderabad,2023-05-10,Online Assessment,Not Available,33,Not Available,278,78,No,No,9,2
692,Payal Bajaj,Female,27,2020,KIIT Bhubaneswar,B.Sc (CS),Computer Science,9.68,0,No,No,2,2,Teamwork | GraphQL,Naukri,JPMorgan India,HealthTech,Android Developer,Full-time,Kochi,2023-03-13,Withdrawn,Not Available,44,Not Available,1304,93,Not Available,No,4,3
693,Natasha Majumdar,Female,25,2020,Delhi University,BBA,HR,6.25,1,No,Yes,1,3,Node.js | Leadership,Apna,JPMorgan India,EdTech,Technical Support Engineer,Full-time,Pune,2022-12-05,Rejected,2.0,36,Not Available,2898,75,Not Available,No,4,2
696,Indira Kulkarni,Female,26,2022,Symbiosis Pune,M.Tech,AI/ML,7.27,3,No,Yes,1,2,Node.js | Deep Learning | Docker,Naukri,Wipro,Retail,Data Scientist,Contract,Visakhapatnam,2022-11-12,Rejected,3.0,40,Not Available,1304,87,Not Available,Yes,3,0
697,Shivam Dixit,Male,22,2022,IIM Ahmedabad,MBA,Business Analytics,7.22,2,No,Yes,6,1,REST APIs | Problem Solving,LinkedIn,Persistent Systems,FinTech,Data Scientist,Internship,Hyderabad,2022-06-29,Applied,Not Available,8,Not Available,1221,58,No,No,7,0
698,Puja Yadav,Female,23,2021,Chandigarh University,B.E.,Mechanical,9.0,2,No,No,3,4,Power BI | R | REST APIs | SQL | MATLAB,Monster,HCL Technologies,Retail,Android Developer,Internship,Hyderabad,2023-10-13,Rejected,1.0,23,Not Available,734,64,Not Available,No,7,2
699,Mukesh Ghosh,Male,21,2024,Anna University Chennai,MBA,Marketing,6.44,2,No,Yes,4,3,Problem Solving | MATLAB | Scala | Swift,LinkedIn,PolicyBazaar,EdTech,Android Developer,Contract,Remote,2024-10-17,Applied,Not Available,34,Not Available,1733,76,No,No,7,0
700,Xander Biswas,Male,27,2021,Symbiosis Pune,MCA,Computer Applications,8.57,3,No,No,0,2,Scala | C++,Glassdoor,Mphasis,AgriTech,Backend Developer,Internship,Lucknow,2021-05-09,Applied,Not Available,24,Not Available,1383,96,Not Available,No,2,0
701,Nikhil Gupta,Prefer not to say,22,2023,SP Jain Mumbai,BCA,Computer Applications,5.8,1,No,No,1,0,Java | Hadoop | Teamwork | Power BI | TypeScript,Cutshort,Zomato,FinTech,Recruiter,Full-time,Indore,2023-12-20,Offer,2.0,32,341063.0,723,57,Not Available,No,1,0
703,Vijay Chauhan,Male,22,2020,Pune University,MBA,Operations,8.61,1,No,Yes,1,3,Node.js | Flutter | Kubernetes | C++ | Kotlin,Naukri,Accenture,Retail,QA Engineer,Full-time,Chennai,2023-03-08,Technical Interview,2.0,8,Not Available,2121,65,Not Available,No,4,3
704,Varun Patel,Male,27,2020,BITS Hyderabad,MCA,Computer Applications,7.09,1,No,No,4,5,Bash Scripting | Node.js | Swift,Cutshort,Tiger Analytics,Media & Entertainment,Systems Engineer,Full-time,Noida,2023-04-05,Online Assessment,Not Available,21,Not Available,1862,71,Not Available,Yes,9,3
705,Sachin Dhillon,Male,22,2021,NIT Trichy,B.Com,Commerce,8.36,2,No,Yes,4,5,Bash Scripting | R | MATLAB,Unstop,Ola,E-commerce,Database Administrator,Contract,Indore,2021-04-28,Shortlisted,Not Available,40,Not Available,1432,68,Not Available,No,9,0
706,Qasim Desai,Male,27,2021,IIT Roorkee,B.E.,Electrical,5.75,3,No,No,0,1,Swift | R,Naukri,Texas Instruments India,FinTech,Full Stack Developer,Internship,Jaipur,2021-11-01,Applied,Not Available,43,Not Available,343,69,Not Available,No,1,0
708,Eisha Chaudhary,Female,25,2023,Anna University Chennai,B.Tech,Electronics & Communication,8.09,3,No,Yes,2,3,Kubernetes | Deep Learning | JavaScript | Kotlin | Python,Campus Placement,Wipro,HealthTech,Frontend Developer,Full-time,Chennai,2024-09-27,Applied,Not Available,40,Not Available,2720,86,Not Available,Yes,5,1
709,Nisha Das,Female,24,2020,NIT Surathkal,BBA,Marketing,8.88,3,No,No,3,4,TensorFlow | C++ | TypeScript | PHP | Kotlin,LinkedIn,BYJU's,Consulting,Embedded Engineer,Part-time,Ahmedabad,2021-06-13,Offer,4.0,9,444379.0,1843,96,No,No,7,1
711,Kunal Malhotra,Male,21,2022,XLRI Jamshedpur,B.Tech,Data Science,7.69,3,No,Yes,5,3,Kotlin | Python | Bash Scripting | JavaScript,LinkedIn,Fractal Analytics,Retail,QA Engineer,Full-time,Gurugram,2024-01-21,Technical Interview,4.0,28,Not Available,2083,80,No,No,8,2
712,Nisha Majumdar,Female,23,2023,Amity University Noida,MCA,Computer Applications,6.66,2,Yes,Yes,2,2,Kotlin | Data Analysis | C++,Unstop,LTIMindtree,HealthTech,Sales Executive,Full-time,Chennai,2023-08-10,Shortlisted,Not Available,8,Not Available,2650,91,Not Available,No,4,0
713,Kamlesh Mathur,Male,23,2022,NIT Calicut,B.Tech,Data Science,8.17,0,No,Yes,1,4,REST APIs | PyTorch | MATLAB,LinkedIn,Qualcomm India,EdTech,Business Analyst,Part-time,Coimbatore,2022-08-17,Rejected,3.0,40,Not Available,2342,91,No,No,5,0
714,Ojaswini Sethi,Female,26,2021,Delhi University,MBA,HR,9.44,2,No,Yes,2,0,Spark | MongoDB | TensorFlow | TypeScript,Glassdoor,Goldman Sachs,FinTech,UX Designer,Full-time,Vadodara,2022-06-14,Applied,Not Available,29,Not Available,1217,69,Not Available,No,2,1
717,Hema Bose,Female,22,2020,NIT Calicut,M.Tech,AI/ML,9.36,2,No,No,1,2,Hive | MATLAB | Kotlin | Python,Internshala,Tiger Analytics,FinTech,Business Analyst,Contract,Coimbatore,2022-03-24,Rejected,2.0,17,Not Available,2941,78,Not Available,No,3,2
718,Ishan Bajaj,Male,26,2021,IIT Kanpur,B.E.,Electronics,9.71,2,Yes,Yes,1,1,Machine Learning | R | Cybersecurity | AWS | C++,Referral,Uber India,HealthTech,QA Engineer,Full-time,Noida,2023-04-13,Applied,Not Available,7,Not Available,126,74,Not Available,No,2,2
720,Uday Murthy,Male,25,2020,NIT Trichy,BCA,Computer Applications,7.4,2,No,No,5,1,Data Analysis | AWS | PHP,WorkIndia,ICICI Bank,IT/Software,Backend Developer,Full-time,Jaipur,2023-04-02,Online Assessment,Not Available,7,Not Available,932,68,Not Available,No,6,3
722,Harini Naik,Female,24,2023,NIT Trichy,B.Sc (CS),Computer Science,6.48,1,Yes,No,3,0,Node.js | REST APIs,AngelList,Zoho,Logistics,Technical Support Engineer,Full-time,Mumbai,2023-02-04,Applied,Not Available,27,Not Available,1110,97,Not Available,No,3,0
723,Rajesh Rajan,Male,27,2022,IIM Calcutta,B.Sc (IT),Information Technology,5.98,1,No,Yes,2,5,Laravel | Selenium | Azure,Campus Placement,1mg,Logistics,Backend Developer,Full-time,Delhi NCR,2022-01-04,Applied,Not Available,39,Not Available,214,92,Not Available,No,7,0
725,Devika Iyer,Female,27,2020,MDI Gurgaon,M.Tech,AI/ML,8.62,1,No,Yes,4,4,Linux | Kubernetes | Deep Learning | Hadoop,Naukri,Swiggy,Telecom,Full Stack Developer,Full-time,Pune,2023-10-06,Rejected,2.0,17,Not Available,1073,69,Not Available,No,8,3
726,Neeraj Bansal,Male,22,2021,BITS Pilani,MCA,Computer Applications,7.2,2,No,Yes,5,3,Data Analysis | Cybersecurity | Python,Cutshort,MakeMyTrip,EdTech,Product Manager,Full-time,Bhopal,2021-02-07,Shortlisted,Not Available,34,Not Available,2094,87,Not Available,No,8,0
727,Priya Jadhav,Female,27,2020,IIM Bangalore,BCA,Computer Applications,9.37,3,No,No,0,4,Data Analysis | MATLAB | Selenium | Swift,Naukri,Ola,Consulting,Operations Analyst,Internship,Kolkata,2021-11-24,Rejected,2.0,39,Not Available,1346,81,Not Available,No,4,1
728,Furqan Rajan,Male,25,2021,NIT Trichy,MBA,Business Analytics,6.19,3,Yes,Yes,4,0,Hadoop | AWS | Java,Cutshort,Zoho,E-commerce,Sales Executive,Full-time,Delhi NCR,2022-10-23,Rejected,3.0,27,Not Available,944,57,Not Available,No,4,1
729,Gaurang Sandhu,Male,26,2021,IIIT Hyderabad,B.Sc (CS),Computer Science,8.51,1,No,Yes,4,5,R | Deep Learning | C++ | Figma,Naukri,L&T Infotech,Logistics,Cloud Engineer,Internship,Bengaluru,2024-08-16,Technical Interview,1.0,22,Not Available,447,67,Not Available,No,9,3
730,Keshav Mehta,Male,20,2022,Symbiosis Pune,B.Com,Commerce,8.67,1,Yes,No,1,1,Deep Learning | React,Naukri,Intel India,Retail,iOS Developer,Contract,Hyderabad,2024-12-27,Shortlisted,Not Available,10,Not Available,1833,89,Not Available,No,2,2
731,Shivam Garg,Male,20,2020,SVNIT Surat,BBA,Business Administration,7.89,2,No,Yes,2,2,MATLAB | Python | C++,Campus Placement,Unacademy,Automotive,Recruiter,Full-time,Nagpur,2023-06-25,Technical Interview,4.0,31,Not Available,1051,75,Not Available,No,4,3
733,Natasha Sandhu,Female,21,2020,DTU Delhi,BBA,HR,6.19,3,No,No,4,2,Scala | Machine Learning,Internshala,MakeMyTrip,Banking & Finance,Database Administrator,Full-time,Mumbai,2022-03-26,Offer,1.0,27,692759.0,135,99,Not Available,No,6,2
734,Lokesh Yadav,Male,22,2024,Bangalore University,B.Sc (CS),Computer Science,6.35,0,Yes,No,2,1,Tableau | PHP | Ruby on Rails | Bash Scripting,LinkedIn,Mphasis,Retail,Data Scientist,Full-time,Kochi,2024-06-15,Applied,Not Available,37,Not Available,2554,58,Yes,No,3,0
735,Falguni Dey,Female,26,2021,SP Jain Mumbai,B.Sc (CS),Computer Science,9.3,1,No,No,3,5,Excel | Kotlin | PyTorch,Monster,Amazon India,Retail,HR Executive,Internship,Remote,2024-01-16,Rejected,2.0,26,Not Available,775,80,Not Available,No,8,3
736,Girish Bose,Male,20,2020,NIT Surathkal,BCA,Computer Applications,6.41,1,No,Yes,5,4,Kubernetes | Deep Learning | REST APIs,HackerEarth,IBM India,Retail,Embedded Engineer,Full-time,Bhubaneswar,2024-12-05,Applied,Not Available,31,Not Available,2069,79,Not Available,Yes,9,4
737,Balram Negi,Male,22,2020,BIT Mesra Ranchi,B.Com,Finance,5.95,2,No,Yes,1,3,PyTorch | MongoDB | REST APIs | Flutter | Linux,LinkedIn,Fractal Analytics,Automotive,SEO Analyst,Full-time,Ahmedabad,2024-01-14,Technical Interview,2.0,23,Not Available,2756,86,Yes,No,4,4
740,Heena Oberoi,Female,25,2021,Thapar University,BBA,Business Administration,9.99,2,No,No,2,2,Python | Hadoop | Machine Learning | R,Unstop,Coforge,IT/Software,HR Executive,Contract,Hyderabad,2021-03-06,Applied,Not Available,9,Not Available,1928,57,Not Available,No,4,0
742,Jhanvi Patel,Female,20,2020,NIT Calicut,B.Tech,Data Science,8.74,3,Yes,No,6,4,Scala | Excel | Java | Kubernetes,Naukri,Microsoft India,Retail,Cloud Engineer,Internship,Kolkata,2023-06-17,Withdrawn,Not Available,43,Not Available,1255,82,Not Available,No,10,3
744,Namrata Negi,Female,22,2022,IIT Madras,MCA,Computer Applications,9.04,1,Yes,No,4,4,Kotlin | AWS | Git | Figma | Deep Learning,LinkedIn,Ola,Banking & Finance,UX Designer,Full-time,Ahmedabad,2022-03-18,Rejected,4.0,42,Not Available,2752,73,No,Yes,8,0
746,Firoz Dubey,Male,21,2020,Kalinga University,M.Tech,Data Science,9.65,1,No,No,1,3,Laravel | Scala | Networking | Tableau,Unstop,Siemens India,Media & Entertainment,iOS Developer,Full-time,Jaipur,2021-12-17,Applied,Not Available,43,Not Available,1300,65,Not Available,No,4,1
747,Hemant Reddy,Male,26,2020,COEP Pune,MBA,Operations,7.16,0,No,Yes,0,4,Django | Teamwork,Unstop,Morgan Stanley India,Telecom,QA Engineer,Full-time,Nagpur,2022-04-17,HR Interview,3.0,41,Not Available,929,77,Not Available,No,4,2
748,Jagdish Bansal,Male,21,2023,BITS Pilani,MBA,Business Analytics,6.85,3,No,Yes,4,1,Docker | Power BI,Indeed,HCL Technologies,EdTech,DevOps Engineer,Full-time,Kolkata,2023-05-13,Applied,Not Available,5,Not Available,2869,67,Not Available,No,5,0
749,Sonali Dubey,Female,26,2020,COEP Pune,M.Tech,Software Engineering,7.91,1,No,No,2,1,Laravel | Kotlin | Data Analysis | Python | Leadership,Campus Placement,Tiger Analytics,E-commerce,HR Executive,Internship,Jaipur,2022-01-07,Applied,Not Available,45,Not Available,1302,81,Not Available,No,3,2
751,Sarika Mathur,Female,26,2022,Bangalore University,B.Tech,Computer Science,8.6,0,Yes,No,2,3,TypeScript | Java | Laravel,Monster,Tata Steel,E-commerce,Full Stack Developer,Internship,Lucknow,2024-05-02,Shortlisted,Not Available,34,Not Available,1239,73,Not Available,No,5,2
753,Charmi Sethi,Female,21,2021,Delhi University,B.Com,Finance,6.34,3,No,No,2,4,Communication | Docker | SQL | Problem Solving,Campus Placement,Nykaa,Consulting,Embedded Engineer,Internship,Chennai,2023-12-08,Withdrawn,Not Available,34,Not Available,479,60,Not Available,No,6,2
754,Vikram Pillai,Male,25,2023,SP Jain Mumbai,B.Com,Commerce,8.99,1,No,No,6,4,Problem Solving | Docker,Internshala,Wipro,Media & Entertainment,Technical Support Engineer,Internship,Patna,2024-03-19,Technical Interview,1.0,11,Not Available,481,83,Not Available,No,10,1
757,Akash Chaudhary,Male,27,2021,KIIT Bhubaneswar,MCA,Computer Applications,9.62,0,No,Yes,5,4,TypeScript | Tableau | Excel | Kubernetes | Spark,LinkedIn,Infosys,Logistics,HR Executive,Full-time,Bhubaneswar,2023-06-01,Applied,Not Available,41,Not Available,1245,83,No,Yes,9,2
760,Sachin Patel,Male,24,2021,NSUT Delhi,MCA,Computer Applications,7.4,0,No,Yes,2,3,PHP | GraphQL,Naukri,Bosch India,FinTech,DevOps Engineer,Contract,Visakhapatnam,2023-04-24,Online Assessment,Not Available,3,Not Available,1763,86,Not Available,No,5,2
762,Mukesh Soni,Male,21,2020,SVNIT Surat,MCA,Computer Applications,8.99,0,No,No,4,4,Flutter | Swift,LinkedIn,1mg,Telecom,Android Developer,Internship,Surat,2022-04-01,HR Interview,3.0,14,Not Available,1707,73,No,No,8,2
764,Chetan Nair,Male,20,2020,Kalinga University,M.Tech,Software Engineering,9.27,2,Yes,Yes,2,2,Ruby on Rails | Scala | React,LinkedIn,Practo,Media & Entertainment,UX Designer,Full-time,Remote,2021-10-23,Applied,Not Available,18,Not Available,2278,84,Yes,No,4,1
765,Esha Khanna,Female,24,2024,Chandigarh University,B.Sc (CS),Computer Science,6.3,0,No,No,6,1,Leadership | Python | Communication,Campus Placement,Meesho,E-commerce,Operations Analyst,Full-time,Lucknow,2024-06-27,Applied,Not Available,13,Not Available,1301,79,Not Available,No,7,0
767,Priya Chaudhary,Female,27,2023,IIEST Shibpur,MBA,Finance,5.77,3,No,Yes,6,4,Java | REST APIs,LinkedIn,BigBasket,Banking & Finance,DevOps Engineer,Internship,Mumbai,2024-09-02,Shortlisted,Not Available,11,Not Available,433,61,No,No,10,1
769,Aditi Bansal,Female,22,2021,Lovely Professional University,BCA,Computer Applications,8.42,0,No,Yes,4,2,Azure | Networking,Monster,Wipro,Automotive,Cloud Engineer,Full-time,Bhopal,2023-08-30,Offer,4.0,40,644083.0,142,68,Not Available,No,6,2
770,Hema Saxena,Female,21,2021,BITS Goa,M.Tech,VLSI,5.86,3,No,Yes,4,0,Problem Solving | Kubernetes | Linux,Naukri,Bajaj Finserv,Banking & Finance,Finance Analyst,Full-time,Hyderabad,2021-08-06,Online Assessment,Not Available,8,Not Available,1359,89,Not Available,No,4,0
772,Onkar Chatterjee,Male,20,2023,Pune University,BBA,Marketing,5.89,2,Yes,Yes,5,5,TensorFlow | Hadoop | Networking,Unstop,MakeMyTrip,FinTech,HR Executive,Contract,Noida,2024-01-12,Applied,Not Available,28,Not Available,1157,83,Not Available,No,10,1
774,Yash Bansal,Male,26,2023,SRM University Chennai,BBA,Business Administration,8.25,0,No,No,6,4,MongoDB | Communication,LinkedIn,Infosys,IT/Software,Sales Executive,Contract,Delhi NCR,2023-02-27,Online Assessment,Not Available,41,Not Available,673,70,Yes,No,10,0
777,Namrata Mukherjee,Female,27,2021,Kalinga University,B.Tech,Electronics & Communication,5.76,1,No,No,0,1,Linux | Flutter,LinkedIn,PhonePe,Logistics,ML Engineer,Full-time,Coimbatore,2022-08-15,Rejected,1.0,10,Not Available,1651,64,Yes,No,1,1
779,Rohan Agarwal,Male,26,2020,IIT Madras,B.Tech,Chemical Engineering,8.21,1,Yes,Yes,0,0,AWS | Ruby on Rails,Naukri,Razorpay,Telecom,Business Analyst,Full-time,Patna,2021-12-26,Applied,Not Available,9,Not Available,2375,95,Not Available,No,0,1
781,Akhil Mishra,Male,25,2021,IIT Bombay,MBA,Operations,8.74,1,No,Yes,6,1,Tableau | Kubernetes | Ruby on Rails | PyTorch,LinkedIn,Mu Sigma,Retail,Frontend Developer,Full-time,Jaipur,2021-07-27,HR Interview,1.0,9,Not Available,1929,97,No,No,7,0
783,Aditi Ramachandran,Female,27,2022,BITS Hyderabad,BCA,Computer Applications,6.91,2,No,Yes,2,5,Cybersecurity | Spring Boot | Ruby on Rails | Azure | MongoDB,LinkedIn,Tata Steel,FinTech,Android Developer,Full-time,Noida,2024-05-23,HR Interview,1.0,23,Not Available,720,77,No,No,7,2
784,Charmi Dhillon,Female,24,2022,MNNIT Allahabad,B.E.,Computer Science,5.95,3,No,No,0,4,REST APIs | Tableau | Python,Referral,Absolutdata,EdTech,Product Manager,Full-time,Mysuru,2024-04-16,Offer,3.0,33,1649504.0,782,59,Not Available,No,4,2
789,Tushar Bhatt,Male,26,2022,DTU Delhi,M.Tech,Computer Science,7.91,3,No,Yes,3,3,Python | Deep Learning,Campus Placement,TCS,Logistics,Database Administrator,Internship,Chandigarh,2022-12-22,Online Assessment,Not Available,33,Not Available,178,55,Not Available,No,6,0
790,Eshan Chauhan,Male,22,2021,Thapar University,BCA,Computer Applications,9.87,0,No,Yes,3,4,Ruby on Rails | Kubernetes | REST APIs | Communication | TensorFlow,Cutshort,Wipro,Consulting,Technical Support Engineer,Full-time,Mysuru,2023-01-01,Applied,Not Available,40,Not Available,2876,62,Not Available,No,7,2
791,Indira Sandhu,Female,22,2020,Mumbai University,B.Tech,Electronics & Communication,9.27,2,No,Yes,0,3,Excel | Data Analysis,Naukri,Angel One,FinTech,Cloud Engineer,Part-time,Chennai,2022-08-01,Offer,3.0,40,367971.0,2254,69,Not Available,No,3,2
792,Zara Ramachandran,Female,21,2021,IIT Delhi,B.Tech,Information Technology,9.61,3,No,No,6,0,Power BI | C++ | Azure | SQL,Naukri,Deloitte,Consulting,Embedded Engineer,Internship,Bhubaneswar,2024-02-01,Withdrawn,Not Available,45,Not Available,1241,80,Not Available,No,6,3
793,Gaurang Lal,Male,25,2021,Delhi University,B.Com,Commerce,5.92,2,Yes,Yes,6,2,PyTorch | Communication | Azure | Swift | Flutter,Campus Placement,Absolutdata,AgriTech,Full Stack Developer,Full-time,Ahmedabad,2024-02-05,Shortlisted,Not Available,8,Not Available,610,89,Not Available,No,8,3
794,Elina Rastogi,Female,21,2021,VIT Vellore,BBA,Finance,8.94,3,No,Yes,2,1,Hive | C++ | R | Hadoop | REST APIs,LinkedIn,LTIMindtree,IT/Software,Backend Developer,Full-time,Gurugram,2023-06-11,HR Interview,1.0,24,Not Available,1197,82,No,No,3,2
795,Xander Bose,Male,20,2023,NIT Calicut,B.Tech,Chemical Engineering,6.05,3,No,No,3,4,Kotlin | R | Networking,LinkedIn,Microsoft India,Telecom,HR Executive,Full-time,Ahmedabad,2023-12-22,Applied,Not Available,12,Not Available,1861,73,No,No,7,0
796,Ishan Dey,Male,22,2023,IIT Kharagpur,BCA,Computer Applications,7.0,3,No,Yes,1,3,Ruby on Rails | PHP | Teamwork,Freshersworld,Urban Company,Consulting,Operations Analyst,Full-time,Bengaluru,2023-07-02,Technical Interview,1.0,25,Not Available,2848,68,Not Available,Yes,4,0
798,Lokesh Gupta,Male,22,2023,NIT Surathkal,BBA,HR,8.84,2,No,Yes,2,0,Data Analysis | MATLAB | Scala | Cybersecurity,Naukri,Urban Company,IT/Software,Database Administrator,Full-time,Coimbatore,2023-08-07,Online Assessment,Not Available,22,Not Available,1460,71,Not Available,No,2,0
800,Eshan Pandey,Male,25,2020,Pune University,B.Sc (IT),Information Technology,8.1,1,Yes,Yes,0,3,Excel | GraphQL,Referral,Unacademy,E-commerce,Software Engineer,Part-time,Patna,2023-04-27,Withdrawn,Not Available,37,Not Available,2301,55,Not Available,Yes,3,3
801,Keshav Dubey,Prefer not to say,26,2022,NSUT Delhi,B.E.,Computer Science,7.4,0,No,No,6,0,Node.js | TensorFlow | Data Analysis,Indeed,Cognizant,Manufacturing,iOS Developer,Full-time,Mumbai,2022-08-20,Online Assessment,Not Available,14,Not Available,806,81,Not Available,No,6,0
802,Chetan Mathur,Male,23,2020,MDI Gurgaon,M.Tech,Data Science,8.03,3,No,Yes,4,0,TypeScript | C++ | Cybersecurity,Naukri,Siemens India,HealthTech,Data Analyst,Full-time,Chandigarh,2024-06-15,HR Interview,2.0,36,Not Available,1381,61,Not Available,No,4,4
804,Darshan Garg,Male,25,2021,Jadavpur University Kolkata,M.Tech,AI/ML,8.31,2,Yes,No,4,4,Teamwork | Python | PyTorch | Cybersecurity | Swift,WorkIndia,Mu Sigma,AgriTech,SEO Analyst,Full-time,Mumbai,2024-01-23,Applied,Not Available,7,Not Available,2364,65,Not Available,No,8,3
805,Nikhil Negi,Male,24,2021,Presidency University Kolkata,B.Tech,Information Technology,6.67,0,No,Yes,1,2,Tableau | Excel | Deep Learning,LinkedIn,BYJU's,EdTech,Marketing Analyst,Full-time,Pune,2023-02-06,Rejected,2.0,22,Not Available,1459,58,Yes,No,3,2
806,Onkar Rastogi,Prefer not to say,20,2021,SP Jain Mumbai,MCA,Computer Applications,8.63,1,No,No,1,1,Leadership | Tableau | TensorFlow,Glassdoor,Absolutdata,E-commerce,Software Engineer,Internship,Bengaluru,2022-12-12,Online Assessment,Not Available,35,Not Available,2692,69,Not Available,Yes,2,1
807,Uma Jadhav,Female,21,2021,Jadavpur University Kolkata,B.Tech,Chemical Engineering,9.01,3,No,No,4,4,JavaScript | MongoDB | Azure,Naukri,PolicyBazaar,Consulting,DevOps Engineer,Full-time,Bhopal,2022-09-25,Online Assessment,Not Available,18,Not Available,705,59,Not Available,No,8,1
811,Lalit Krishnan,Male,27,2020,IIIT Hyderabad,M.Tech,VLSI,9.23,1,No,No,6,1,Kubernetes | SQL | Spark | JavaScript | Machine Learning,Naukri,Intel India,Consulting,Cloud Engineer,Full-time,Surat,2022-11-15,Technical Interview,5.0,23,Not Available,2209,88,Not Available,No,7,2
814,Arjun Patel,Male,26,2023,NIT Trichy,M.Tech,Computer Science,6.1,3,Yes,No,2,0,Figma | Data Analysis | Deep Learning | React,Indeed,Samsung India,Logistics,Data Analyst,Full-time,Ahmedabad,2024-06-12,Applied,Not Available,6,Not Available,2404,69,Not Available,No,2,1
815,Janhavi Walia,Female,22,2021,NIT Trichy,B.Sc (IT),Information Technology,5.92,1,No,Yes,0,3,PHP | Azure,Indeed,Tech Mahindra,Manufacturing,Finance Analyst,Full-time,Hyderabad,2024-11-04,HR Interview,4.0,4,Not Available,1991,82,Not Available,No,3,3
816,Jagdish Rawat,Male,20,2020,Symbiosis Pune,MBA,Marketing,7.58,1,No,Yes,6,3,Power BI | MATLAB | MongoDB,LinkedIn,MakeMyTrip,FinTech,Operations Analyst,Full-time,Remote,2024-06-18,Applied,Not Available,6,Not Available,1832,74,Yes,No,9,4
817,Lokesh Shukla,Male,24,2020,JNTUH Hyderabad,B.Sc (CS),Computer Science,6.3,3,No,Yes,2,3,C++ | Figma | Linux | Excel | Communication,Unstop,Ola,Automotive,Data Analyst,Internship,Kochi,2021-05-23,Online Assessment,Not Available,22,Not Available,459,87,Not Available,No,5,1
818,Manish Venkatesh,Male,23,2021,Delhi University,BCA,Computer Applications,9.47,2,No,Yes,2,2,Swift | Machine Learning,Naukri,Bajaj Finserv,Consulting,Systems Engineer,Full-time,Kolkata,2023-10-24,Offer,1.0,17,850414.0,1887,91,Not Available,No,4,2
821,Sarika Majumdar,Female,27,2021,GLA University Mathura,MCA,Computer Applications,7.32,0,No,Yes,5,0,PHP | Cybersecurity | Hadoop | TypeScript,LinkedIn,Capgemini,E-commerce,QA Engineer,Full-time,Vadodara,2021-12-08,Online Assessment,Not Available,8,Not Available,95,88,No,Yes,5,0
822,Naman Khanna,Male,20,2022,SRM University Chennai,MBA,Operations,8.89,3,Yes,No,1,5,Selenium | Problem Solving | Figma,Unstop,Goldman Sachs,EdTech,Software Engineer,Full-time,Remote,2023-06-21,Technical Interview,1.0,2,Not Available,1707,85,Not Available,No,6,1
823,Chitra Dubey,Female,22,2023,Chandigarh University,M.Tech,Software Engineering,8.39,0,No,No,3,4,Docker | Excel | Flutter | MATLAB | Hadoop,Campus Placement,Cognizant,Consulting,Embedded Engineer,Internship,Visakhapatnam,2023-04-30,Applied,Not Available,44,Not Available,742,99,Not Available,No,7,0
824,Farida Krishnan,Female,26,2020,JNTUH Hyderabad,MBA,Strategy,6.95,0,No,No,4,1,MongoDB | Linux | REST APIs,LinkedIn,Absolutdata,FinTech,Data Scientist,Internship,Lucknow,2023-04-03,Technical Interview,1.0,29,Not Available,171,81,No,No,5,3
825,Namrata Pandey,Female,20,2023,NIT Surathkal,BBA,Marketing,8.95,0,No,No,4,1,MongoDB | Ruby on Rails | Azure | PyTorch | Linux,Naukri,Nykaa,FinTech,Technical Support Engineer,Full-time,Delhi NCR,2023-07-27,HR Interview,3.0,1,Not Available,2236,82,Not Available,No,5,0
826,Gargi Anand,Female,24,2021,IIT Delhi,B.Sc (CS),Computer Science,9.88,0,No,Yes,2,2,MongoDB | Leadership,Naukri,Fractal Analytics,Telecom,Software Engineer,Contract,Coimbatore,2022-01-03,Applied,Not Available,22,Not Available,2256,83,Not Available,No,4,1
827,Umesh Sundaram,Male,22,2022,VIT Vellore,B.Com,Finance,8.84,2,No,Yes,0,5,Linux | MATLAB | Cybersecurity,LinkedIn,Swiggy,Consulting,Embedded Engineer,Full-time,Bengaluru,2023-03-03,Technical Interview,5.0,42,Not Available,1160,97,No,Yes,5,1
830,Utsav Swamy,Male,20,2023,Jadavpur University Kolkata,B.E.,Electrical,9.48,3,No,Yes,3,3,AWS | Python | Ruby on Rails | C++ | PHP,LinkedIn,Wipro,EdTech,UX Designer,Full-time,Mumbai,2024-07-25,HR Interview,3.0,12,Not Available,1775,67,No,No,6,1
833,Itisha Jadhav,Female,22,2020,Amity University Noida,BBA,HR,9.99,1,No,Yes,5,3,Azure | Data Analysis | AWS | Power BI | Figma,LinkedIn,NIIT Technologies,FinTech,QA Engineer,Internship,Coimbatore,2023-12-20,Shortlisted,Not Available,38,Not Available,351,63,No,No,8,3
835,Twinkle Jain,Female,23,2021,Mumbai University,B.Com,Finance,7.65,3,No,No,3,3,Django | Figma | Python,Naukri,Goldman Sachs,HealthTech,Network Engineer,Full-time,Surat,2022-05-31,Rejected,5.0,16,Not Available,441,75,Not Available,No,6,1
836,Sonali Verma,Female,22,2021,Thapar University,B.Tech,Computer Science,5.52,0,No,Yes,5,5,TensorFlow | Azure | Spark | Networking | Cybersecurity,Foundit,Texas Instruments India,Media & Entertainment,Android Developer,Internship,Mumbai,2022-08-06,HR Interview,1.0,37,Not Available,339,68,Not Available,No,10,1
837,Parth Venkatesh,Male,25,2021,BIT Mesra Ranchi,B.Com,Accounting,6.1,3,No,No,3,2,Cybersecurity | R | Linux,LinkedIn,TCS,Manufacturing,UX Designer,Contract,Remote,2021-11-06,Applied,Not Available,12,Not Available,1006,76,No,Yes,5,0
839,Ekansh Grewal,Male,24,2020,Delhi University,B.Sc (CS),Computer Science,7.71,0,No,Yes,0,5,Kotlin | R | Spark,Naukri,NIIT Technologies,Banking & Finance,Software Engineer,Full-time,Nagpur,2023-10-13,Applied,Not Available,11,Not Available,350,86,Not Available,No,5,3
843,Arjun Bhatt,Male,23,2020,Kalinga University,B.Sc (IT),Information Technology,9.52,0,No,No,6,1,Deep Learning | Node.js | Laravel,LinkedIn,Nykaa,Automotive,Finance Analyst,Full-time,Chennai,2021-03-23,Applied,Not Available,24,Not Available,2278,90,No,No,7,1
844,Harsha Singh,Female,27,2024,PES University Bangalore,B.Tech,Mechanical Engineering,7.26,1,No,Yes,3,2,Bash Scripting | Hadoop | Excel | Networking | Tableau,Naukri,Fractal Analytics,E-commerce,DevOps Engineer,Full-time,Kolkata,2024-05-23,Withdrawn,Not Available,20,Not Available,1129,56,Not Available,No,5,0
845,Amit Mukherjee,Male,27,2020,COEP Pune,BBA,HR,9.97,0,No,Yes,5,5,Hadoop | Linux,Unstop,Samsung India,AgriTech,ML Engineer,Full-time,Kolkata,2024-10-26,Offer,5.0,25,804631.0,1600,61,Not Available,Yes,10,4
846,Kartik Soni,Male,20,2022,NIT Trichy,MCA,Computer Applications,6.34,0,Yes,No,0,2,MATLAB | Machine Learning | Azure | Java | Git,Naukri,1mg,Logistics,Software Engineer,Full-time,Noida,2023-01-15,HR Interview,1.0,19,Not Available,2017,99,Not Available,No,2,1
849,Amrita Sodhi,Female,26,2022,XLRI Jamshedpur,B.Tech,Electronics & Communication,5.55,1,No,No,1,0,Hive | Java | Azure,Naukri,Wipro,Automotive,Cloud Engineer,Full-time,Vadodara,2022-02-14,HR Interview,5.0,30,Not Available,1569,91,Not Available,No,1,0
851,Naman Malhotra,Male,26,2022,BIT Mesra Ranchi,MBA,Business Analytics,6.45,2,No,Yes,3,1,Hadoop | MATLAB | Django,LinkedIn,PolicyBazaar,Automotive,Embedded Engineer,Full-time,Vadodara,2023-04-15,Shortlisted,Not Available,16,Not Available,1722,61,No,No,4,1
852,Vinay Gupta,Male,27,2020,Pune University,M.Tech,Data Science,8.91,3,Yes,Yes,6,0,Flutter | Django | Java | React,Naukri,MakeMyTrip,Logistics,Software Engineer,Full-time,Ahmedabad,2024-10-23,HR Interview,3.0,6,Not Available,1783,86,Not Available,No,6,4
853,Lokesh Sundaram,Male,27,2024,IIT Kharagpur,MBA,Marketing,6.31,2,Yes,Yes,2,2,TypeScript | Communication | JavaScript | Bash Scripting | Spring Boot,Apna,Hexaware,EdTech,Full Stack Developer,Internship,Jaipur,2024-11-23,Rejected,4.0,30,Not Available,2440,58,Not Available,No,4,0
854,Aditya Grewal,Male,26,2023,JNTUH Hyderabad,B.Sc (IT),Information Technology,8.11,3,No,No,4,1,Git | Bash Scripting | Hadoop,Indeed,Delhivery,Consulting,Cybersecurity Analyst,Contract,Chandigarh,2024-11-07,Online Assessment,Not Available,12,Not Available,1044,99,Not Available,No,5,1
855,Manish Swamy,Male,24,2021,SP Jain Mumbai,B.Tech,Electronics & Communication,8.04,1,Yes,Yes,3,1,Data Analysis | Azure | Linux,AngelList,Practo,EdTech,Technical Support Engineer,Internship,Kolkata,2024-03-04,Withdrawn,Not Available,26,Not Available,1234,71,Not Available,Yes,4,3
856,Chitra Bhatnagar,Female,23,2021,IIM Calcutta,MCA,Computer Applications,7.19,1,No,Yes,1,4,Power BI | Networking | Laravel,Referral,Razorpay,IT/Software,Backend Developer,Full-time,Chennai,2021-02-14,Online Assessment,Not Available,17,Not Available,2871,55,Not Available,Yes,5,0
857,Ojaswi Srivastava,Female,24,2022,BITS Goa,B.Sc (CS),Computer Science,7.73,0,No,No,4,0,Docker | Git | Node.js | Problem Solving | Linux,Naukri,LTIMindtree,IT/Software,Recruiter,Contract,Jaipur,2023-06-13,Online Assessment,Not Available,39,Not Available,2599,59,Not Available,No,4,1
861,Amrita Bhatt,Female,23,2020,RV College Bangalore,B.Sc (CS),Computer Science,8.87,2,No,No,0,2,C++ | GraphQL | Cybersecurity | Spark | Git,Campus Placement,TCS,AgriTech,Product Manager,Internship,Mysuru,2022-03-02,Applied,Not Available,27,Not Available,1837,73,Not Available,No,2,2
862,Tarun Bhatt,Male,24,2023,IIT Hyderabad,BCA,Computer Applications,6.21,0,No,No,2,4,Ruby on Rails | Docker | Power BI | Communication,LinkedIn,Deloitte,E-commerce,iOS Developer,Full-time,Patna,2024-12-02,Withdrawn,Not Available,11,Not Available,613,67,No,No,6,1
863,Aditi Venkatesh,Female,24,2021,IIM Calcutta,BCA,Computer Applications,7.29,3,No,No,0,4,AWS | Excel | Selenium,Internshala,Practo,IT/Software,HR Executive,Internship,Gurugram,2021-05-19,Shortlisted,Not Available,4,Not Available,1624,99,Not Available,Yes,4,0
865,Lalit Rao,Male,22,2023,IIT Kanpur,MCA,Computer Applications,6.1,0,No,Yes,2,5,MATLAB | Flutter | PyTorch | Problem Solving | Docker,Internshala,Angel One,Consulting,HR Executive,Full-time,Bhubaneswar,2023-01-05,Offer,3.0,7,434583.0,755,71,Not Available,No,7,0
866,Amit Khanna,Male,27,2022,RV College Bangalore,MCA,Computer Applications,6.81,0,No,Yes,2,2,SQL | Azure | Deep Learning | Communication,Referral,Morgan Stanley India,Banking & Finance,Systems Engineer,Full-time,Coimbatore,2023-08-26,Rejected,4.0,1,Not Available,638,67,Not Available,No,4,1
868,Vandana Nair,Female,23,2022,HBTU Kanpur,BBA,Business Administration,8.13,3,No,No,3,4,TypeScript | Swift | AWS | Problem Solving | Docker,TimesJobs,Barclays India,Banking & Finance,DevOps Engineer,Full-time,Coimbatore,2022-07-08,Online Assessment,Not Available,20,Not Available,1351,57,Not Available,No,7,0
870,Chitra Rastogi,Female,24,2024,XLRI Jamshedpur,B.Tech,Chemical Engineering,6.36,2,No,Yes,4,5,R | REST APIs | Kotlin | Leadership | Laravel,Indeed,Hexaware,Automotive,Marketing Analyst,Contract,Hyderabad,2024-09-06,Shortlisted,Not Available,33,Not Available,1792,72,Not Available,No,9,0
872,Tanya Chauhan,Female,20,2023,Thapar University,BCA,Computer Applications,8.46,0,No,No,4,0,Laravel | Flutter | Azure | Leadership | Spring Boot,Campus Placement,Tata Steel,Automotive,Product Manager,Full-time,Lucknow,2024-04-30,Offer,2.0,10,1481660.0,1014,63,Not Available,No,4,1
873,Chirag Malhotra,Male,27,2024,COEP Pune,BBA,Business Administration,9.91,1,No,No,4,0,Bash Scripting | Figma,Naukri,Barclays India,AgriTech,Technical Support Engineer,Internship,Remote,2024-07-30,Shortlisted,Not Available,43,Not Available,2311,72,Not Available,No,4,0
874,Varsha Bhatnagar,Prefer not to say,24,2020,BIT Mesra Ranchi,M.Tech,VLSI,7.73,2,No,No,6,4,Selenium | Cybersecurity,LinkedIn,Zerodha,Banking & Finance,Marketing Analyst,Internship,Jaipur,2023-10-09,Technical Interview,4.0,36,Not Available,2429,74,No,No,10,3
875,Mukesh Pillai,Male,24,2024,COEP Pune,M.Tech,VLSI,6.42,0,No,No,5,3,Node.js | Azure | Tableau | GraphQL | TensorFlow,Cutshort,Ola,Banking & Finance,Recruiter,Internship,Mysuru,2024-05-19,Applied,Not Available,22,Not Available,411,90,Not Available,No,8,0
879,Amit Bhatia,Male,21,2021,VIT Vellore,MBA,Finance,6.39,3,Yes,No,3,4,Cybersecurity | C++,Internshala,Lenskart,AgriTech,QA Engineer,Internship,Lucknow,2021-04-20,Offer,3.0,15,12657.0,2666,74,Not Available,No,7,0
880,Hitesh Bansal,Male,24,2023,DTU Delhi,BBA,Finance,5.61,1,No,Yes,6,3,Java | React | Figma | Excel,Foundit,Bosch India,Telecom,DevOps Engineer,Internship,Surat,2024-09-17,Applied,Not Available,8,Not Available,1504,92,Not Available,No,9,1
882,Janhavi Desai,Female,26,2023,IIT Delhi,M.Tech,Data Science,6.85,3,No,No,3,1,Kubernetes | Cybersecurity,Unstop,Mphasis,Retail,Product Manager,Internship,Remote,2023-09-25,Applied,Not Available,40,Not Available,520,82,Not Available,Yes,4,0
883,Arjun Pandey,Male,22,2020,COEP Pune,B.E.,Civil,8.04,0,No,No,0,1,Problem Solving | R | Kotlin | Spring Boot,AngelList,Capgemini,Media & Entertainment,Sales Executive,Full-time,Lucknow,2022-02-21,Technical Interview,2.0,29,Not Available,1228,56,Not Available,No,1,2
884,Bhavna Murthy,Female,26,2022,HBTU Kanpur,B.Sc (CS),Computer Science,8.97,0,No,Yes,6,5,Cybersecurity | Java | TypeScript | Networking,Unstop,LTIMindtree,Media & Entertainment,Content Writer,Full-time,Lucknow,2022-01-22,Shortlisted,Not Available,29,Not Available,1932,62,Not Available,No,11,0
885,Utsav Choudhury,Male,26,2020,IIT Bombay,BCA,Computer Applications,8.86,1,No,No,0,1,AWS | MATLAB | Linux,Shine,Barclays India,Automotive,Sales Executive,Full-time,Delhi NCR,2022-03-04,HR Interview,4.0,28,Not Available,2318,69,Not Available,No,1,2
886,Rohan Reddy,Male,27,2023,Presidency University Kolkata,B.E.,Mechanical,6.17,2,No,Yes,2,2,Spark | Machine Learning,LinkedIn,Bajaj Finserv,Banking & Finance,QA Engineer,Full-time,Indore,2023-01-09,Shortlisted,Not Available,20,Not Available,623,79,No,Yes,4,0
887,Eklavya Kapoor,Male,26,2021,IIT Roorkee,BBA,Finance,8.81,3,No,No,2,4,Hive | Deep Learning | Swift,Cutshort,Mindtree,AgriTech,Digital Marketing Executive,Full-time,Delhi NCR,2022-09-04,Technical Interview,2.0,2,Not Available,936,90,Not Available,No,6,1
889,Pranav Das,Male,25,2020,BITS Pilani,B.Sc (IT),Information Technology,7.87,3,No,Yes,0,1,Leadership | Python,Internshala,Samsung India,EdTech,QA Engineer,Full-time,Kochi,2023-05-21,Applied,Not Available,13,Not Available,262,99,Not Available,No,1,3
891,Chetna Sengupta,Female,24,2021,Bangalore University,M.Tech,Computer Science,7.33,0,No,Yes,4,5,Tableau | Networking | React,Naukri,Morgan Stanley India,E-commerce,Data Scientist,Internship,Bengaluru,2023-04-08,Applied,Not Available,12,Not Available,849,58,Not Available,No,9,2
894,Suresh Menon,Male,22,2021,Osmania University Hyderabad,BBA,Finance,7.01,3,No,Yes,1,2,Flutter | TensorFlow | Teamwork,HackerEarth,Qualcomm India,Automotive,QA Engineer,Full-time,Bengaluru,2021-12-21,Applied,Not Available,33,Not Available,1811,82,Not Available,No,3,0
895,Amit Porwal,Male,25,2021,IIIT Hyderabad,M.Tech,VLSI,8.31,1,No,No,5,5,Deep Learning | Spark | Kotlin | Power BI,Naukri,Google India,Manufacturing,Data Scientist,Full-time,Indore,2023-04-08,Shortlisted,Not Available,22,Not Available,2354,59,Not Available,No,10,2
896,Lata Pandey,Female,25,2021,MDI Gurgaon,B.Com,Commerce,8.29,3,No,Yes,3,2,Tableau | TensorFlow | GraphQL,AngelList,Zoho,HealthTech,Digital Marketing Executive,Full-time,Noida,2023-03-18,Shortlisted,Not Available,21,Not Available,2781,69,Not Available,No,5,2
897,Itisha Dhillon,Female,26,2021,SVNIT Surat,BBA,Finance,8.87,1,No,No,5,3,GraphQL | Azure | Teamwork | SQL | Docker,Indeed,Zoho,Logistics,QA Engineer,Part-time,Vadodara,2023-05-07,Rejected,2.0,41,Not Available,2290,69,Not Available,No,8,2
898,Yukti Choudhury,Female,25,2024,JNTUH Hyderabad,MCA,Computer Applications,8.51,0,No,Yes,5,4,Leadership | TypeScript | Kotlin,Unstop,Axis Bank,Automotive,UX Designer,Internship,Bhubaneswar,2024-01-24,Offer,5.0,27,10528.0,443,77,Not Available,No,9,0
900,Deepak Agarwal,Male,26,2021,Jadavpur University Kolkata,B.Sc (IT),Information Technology,7.29,2,No,No,5,4,Spring Boot | Linux | Leadership,Naukri,NIIT Technologies,EdTech,Recruiter,Internship,Coimbatore,2021-08-11,Online Assessment,Not Available,38,Not Available,2461,95,Not Available,No,9,0
903,Nikhil Patil,Male,21,2020,Thapar University,B.Tech,Information Technology,8.1,0,No,Yes,2,5,C++ | Azure | PHP,Internshala,Fractal Analytics,AgriTech,Operations Analyst,Contract,Indore,2024-01-20,Withdrawn,Not Available,5,Not Available,2592,93,Not Available,Yes,7,4
905,Harsh Reddy,Male,24,2020,BITS Goa,B.Sc (IT),Information Technology,8.51,0,No,No,4,5,Leadership | Node.js,LinkedIn,Delhivery,AgriTech,Android Developer,Full-time,Pune,2023-09-20,Rejected,5.0,5,Not Available,2538,68,No,No,9,3
906,Piyush Bansal,Male,26,2021,IIEST Shibpur,B.E.,Electronics,7.99,0,Yes,No,2,4,R | Spring Boot,LinkedIn,Samsung India,E-commerce,ML Engineer,Internship,Hyderabad,2022-12-15,Shortlisted,Not Available,4,Not Available,361,100,No,No,6,1
909,Ekansh Bisht,Male,26,2022,IIT Delhi,B.Sc (IT),Information Technology,9.43,3,Yes,Yes,2,5,MongoDB | Power BI | Python | Spring Boot,Internshala,Fractal Analytics,AgriTech,Frontend Developer,Full-time,Vadodara,2023-11-15,Shortlisted,Not Available,7,Not Available,71,55,Not Available,No,7,1
911,Jay Sundaram,Male,23,2022,IIEST Shibpur,BBA,Finance,5.64,2,Yes,No,4,2,Hadoop | MongoDB | Power BI | Django | SQL,AngelList,Goldman Sachs,Manufacturing,iOS Developer,Full-time,Bhubaneswar,2022-10-06,Applied,Not Available,29,Not Available,646,65,Not Available,No,6,0
912,Bhavna Sharma,Female,26,2022,BITS Pilani,MBA,Operations,8.0,0,No,No,1,0,Laravel | Java | React,LinkedIn,Qualcomm India,Banking & Finance,UX Designer,Full-time,Vadodara,2022-11-06,Applied,Not Available,5,Not Available,2561,76,No,Yes,1,0
913,Komal Bhatia,Female,24,2022,DTU Delhi,B.Com,Accounting,9.1,2,No,No,4,0,Node.js | Scala | Flutter,Cutshort,HDFC Bank,IT/Software,Finance Analyst,Full-time,Chandigarh,2023-10-17,Withdrawn,Not Available,36,Not Available,2681,100,Not Available,No,4,1
919,Varun Subramaniam,Male,24,2021,IIEST Shibpur,BCA,Computer Applications,5.62,0,No,No,6,1,Kubernetes | MATLAB,Naukri,Unacademy,Consulting,Finance Analyst,Internship,Nagpur,2021-01-11,Shortlisted,Not Available,9,Not Available,1503,57,Not Available,No,7,0
924,Balram Krishnan,Male,26,2021,Bangalore University,B.Sc (CS),Computer Science,6.18,3,No,Yes,1,0,Spring Boot | Hive | PHP,AngelList,Zerodha,Manufacturing,Operations Analyst,Full-time,Nagpur,2021-06-21,Applied,Not Available,10,Not Available,2533,74,Not Available,No,1,0
925,Yash Dey,Male,25,2021,Symbiosis Pune,B.Com,Finance,9.59,1,No,No,0,1,Communication | Figma | Kubernetes,Unstop,Groww,AgriTech,Finance Analyst,Full-time,Kolkata,2021-09-17,Withdrawn,Not Available,35,Not Available,2972,71,Not Available,Yes,1,0
926,Khushi Arora,Female,27,2023,Bangalore University,BBA,Business Administration,9.47,2,No,No,1,0,SQL | Problem Solving,Cutshort,HCL Technologies,AgriTech,Finance Analyst,Internship,Chennai,2024-12-05,Shortlisted,Not Available,19,Not Available,803,82,Not Available,No,1,1
927,Nidhi Negi,Female,21,2021,NSUT Delhi,BCA,Computer Applications,6.92,2,No,No,1,3,MATLAB | TensorFlow | Git | Spring Boot,Unstop,Mu Sigma,HealthTech,Network Engineer,Full-time,Gurugram,2024-04-20,Shortlisted,Not Available,11,Not Available,1191,91,Not Available,No,4,3
928,Deepak Singh,Male,24,2023,BIT Mesra Ranchi,BCA,Computer Applications,5.53,3,No,No,3,2,Laravel | Docker | MongoDB | Azure | MATLAB,LinkedIn,Fractal Analytics,FinTech,Backend Developer,Internship,Kochi,2024-12-27,Online Assessment,Not Available,39,Not Available,997,75,No,No,5,1
929,Madhuri Patil,Female,24,2021,IIT Roorkee,BCA,Computer Applications,6.86,2,No,Yes,6,1,Swift | REST APIs | Ruby on Rails | Linux,Glassdoor,Infosys,HealthTech,Recruiter,Full-time,Nagpur,2024-03-07,Online Assessment,Not Available,9,Not Available,1580,62,Not Available,No,7,3
930,Ekansh Joshi,Male,27,2020,NIT Calicut,B.Sc (CS),Computer Science,5.92,3,No,No,1,1,Selenium | Scala | Networking,Referral,Capgemini,Automotive,Data Scientist,Internship,Jaipur,2021-05-12,HR Interview,4.0,26,Not Available,2049,80,Not Available,No,2,1
933,Jhanvi Joshi,Female,20,2020,IIT Hyderabad,MBA,HR,7.26,3,No,No,5,5,Laravel | JavaScript,LinkedIn,Upstox,Media & Entertainment,Network Engineer,Internship,Bhubaneswar,2021-03-15,Shortlisted,Not Available,41,Not Available,329,58,No,No,10,1
934,Shivam Khanna,Male,25,2020,GLA University Mathura,B.Sc (CS),Computer Science,6.36,0,No,No,3,2,Git | Kubernetes | Flutter | JavaScript | Data Analysis,LinkedIn,TCS,Banking & Finance,Recruiter,Full-time,Jaipur,2023-02-21,Shortlisted,Not Available,8,Not Available,2044,83,No,Yes,5,3
935,Twinkle Kumar,Female,22,2023,IIM Ahmedabad,B.E.,Civil,9.54,1,No,Yes,0,0,PHP | Spring Boot | Figma | MongoDB,LinkedIn,1mg,AgriTech,Content Writer,Full-time,Chandigarh,2024-04-01,HR Interview,4.0,34,Not Available,877,97,Yes,No,0,1
939,Gopal Bansal,Male,22,2022,BITS Goa,M.Tech,Software Engineering,9.65,1,Yes,No,0,3,Azure | React,LinkedIn,Razorpay,Media & Entertainment,SEO Analyst,Full-time,Kolkata,2022-08-28,Technical Interview,4.0,32,Not Available,937,98,No,No,3,0
942,Jatin Kumar,Male,21,2020,IIT Roorkee,MCA,Computer Applications,7.39,0,No,Yes,2,4,R | Communication | REST APIs,Monster,Delhivery,AgriTech,Cybersecurity Analyst,Contract,Kolkata,2022-03-28,Shortlisted,Not Available,33,Not Available,2099,100,Not Available,No,6,2
943,Manish Dixit,Male,22,2020,Pune University,BBA,HR,7.62,0,No,Yes,5,4,Hive | Spring Boot | Leadership | MATLAB | Tableau,Campus Placement,Wipro,EdTech,Business Analyst,Contract,Nagpur,2024-11-19,Applied,Not Available,43,Not Available,1719,82,Not Available,No,9,4
947,Gouri Verma,Female,22,2021,GLA University Mathura,MCA,Computer Applications,7.07,2,No,No,2,3,Kubernetes | Bash Scripting,Naukri,Google India,IT/Software,Marketing Analyst,Internship,Kolkata,2024-10-13,Offer,2.0,1,16012.0,2560,82,Not Available,No,5,3
948,Vibha Ramachandran,Female,24,2021,IIT Hyderabad,B.Com,Finance,9.94,2,No,Yes,1,3,Networking | Kubernetes | Scala | Java | SQL,Indeed,Cure.fit,Consulting,Embedded Engineer,Internship,Hyderabad,2023-11-09,Online Assessment,Not Available,26,Not Available,563,97,Not Available,No,4,2
949,Madhuri Choudhury,Female,23,2023,PES University Bangalore,B.Com,Finance,8.5,0,Yes,No,6,5,REST APIs | TensorFlow | Deep Learning,Unstop,Ola,Consulting,Operations Analyst,Full-time,Surat,2024-11-16,Online Assessment,Not Available,37,Not Available,2914,99,Not Available,No,11,1
950,Meera Bajaj,Female,25,2021,NIT Warangal,B.Com,Finance,8.21,0,No,No,1,2,AWS | Git,Naukri,Practo,Telecom,QA Engineer,Full-time,Jaipur,2024-05-20,Offer,5.0,19,648649.0,152,90,Not Available,No,3,3
951,Keshav Gupta,Male,25,2020,IIT Roorkee,B.Sc (IT),Information Technology,8.98,0,No,No,2,3,TypeScript | React | AWS,Unstop,Mphasis,AgriTech,Finance Analyst,Full-time,Delhi NCR,2023-12-31,Online Assessment,Not Available,6,Not Available,2705,62,Not Available,No,5,3
953,Gopal Bajaj,Male,20,2023,Anna University Chennai,BCA,Computer Applications,7.31,2,No,Yes,1,1,Hadoop | Excel | MongoDB | Hive | Ruby on Rails,LinkedIn,BYJU's,IT/Software,Software Engineer,Internship,Nagpur,2024-08-01,Applied,Not Available,9,Not Available,1121,66,No,No,2,1
955,Omkar Hegde,Male,24,2022,Osmania University Hyderabad,B.E.,Mechanical,7.21,3,No,No,5,3,Flutter | Data Analysis | R | Cybersecurity,Referral,Groww,EdTech,Technical Support Engineer,Full-time,Patna,2022-04-14,Technical Interview,2.0,23,Not Available,2732,90,Not Available,No,8,0
956,Elina Menon,Female,26,2023,XLRI Jamshedpur,B.Sc (IT),Information Technology,6.58,0,No,No,3,2,Python | Flutter | Hadoop | Leadership | Tableau,LinkedIn,Mu Sigma,FinTech,Technical Support Engineer,Internship,Kolkata,2024-09-07,Offer,5.0,20,16251.0,1048,82,No,No,5,1
957,Vikram Goyal,Male,25,2020,Lovely Professional University,B.Tech,Mechanical Engineering,7.89,3,No,No,0,0,Data Analysis | Problem Solving | Deep Learning | Hadoop | TypeScript,LinkedIn,BigBasket,Telecom,ML Engineer,Contract,Nagpur,2021-10-18,Offer,1.0,21,1737928.0,1154,95,No,No,0,1
958,Vikram Nair,Male,26,2021,Bangalore University,B.Com,Accounting,5.99,0,No,No,5,0,Docker | Java | R | Deep Learning,Hirist,Microsoft India,HealthTech,DevOps Engineer,Full-time,Delhi NCR,2021-10-13,Rejected,2.0,39,Not Available,1134,98,Not Available,No,5,0
959,Dipali Walia,Female,25,2021,IIT Kanpur,B.E.,Computer Science,6.14,2,No,Yes,6,1,Kubernetes | Deep Learning | REST APIs | Communication | Azure,Internshala,Mindtree,E-commerce,Technical Support Engineer,Internship,Hyderabad,2024-11-18,Applied,Not Available,24,Not Available,2081,69,Not Available,No,7,3
960,Eisha Thakur,Female,25,2022,Bangalore University,B.E.,Mechanical,8.34,3,No,No,6,5,GraphQL | Power BI,Naukri,Amazon India,Telecom,iOS Developer,Contract,Gurugram,2022-12-06,Offer,1.0,44,577852.0,950,99,Not Available,No,11,0
961,Payal Trivedi,Female,27,2021,PES University Bangalore,B.E.,Civil,7.55,1,No,Yes,6,1,R | Git,Campus Placement,Persistent Systems,Consulting,Database Administrator,Internship,Patna,2021-12-08,HR Interview,1.0,17,Not Available,465,66,Not Available,No,7,0
965,Vijay Negi,Male,23,2020,IIT Madras,BCA,Computer Applications,7.68,0,No,Yes,5,4,MATLAB | REST APIs,Unstop,LTIMindtree,FinTech,HR Executive,Internship,Bhopal,2022-03-14,Offer,1.0,8,24686.0,1800,64,Not Available,No,9,2
967,Meera Negi,Female,23,2020,Manipal Institute of Technology,B.Sc (IT),Information Technology,5.73,1,Yes,No,3,5,Ruby on Rails | Swift | Spark,LinkedIn,Meesho,Media & Entertainment,Product Manager,Internship,Mumbai,2021-12-15,Online Assessment,Not Available,33,Not Available,1687,83,No,Yes,8,1
968,Riya Jadhav,Female,20,2024,Nirma University Ahmedabad,B.Sc (CS),Computer Science,7.34,3,No,Yes,0,4,Tableau | Figma | Laravel,Internshala,Cognizant,Banking & Finance,Digital Marketing Executive,Full-time,Lucknow,2024-09-23,Applied,Not Available,12,Not Available,343,58,Not Available,No,4,0
969,Yash Desai,Male,24,2023,IIT Kharagpur,B.E.,Electrical,6.9,1,Yes,Yes,5,4,Django | Tableau | Deep Learning,LinkedIn,MakeMyTrip,Logistics,Database Administrator,Full-time,Bhubaneswar,2024-10-08,Shortlisted,Not Available,8,Not Available,2659,81,No,No,9,1
971,Deepika Bhatia,Female,25,2020,NIT Warangal,B.Sc (CS),Computer Science,5.53,2,Yes,Yes,6,4,Spark | Communication,Campus Placement,Qualcomm India,Manufacturing,Cloud Engineer,Contract,Kochi,2024-05-25,Online Assessment,Not Available,40,Not Available,1669,77,Not Available,No,10,4
972,Sonali Dubey,Female,27,2023,NSUT Delhi,B.E.,Electronics,7.48,0,No,No,4,3,Figma | Tableau | GraphQL,Naukri,Flipkart,E-commerce,Database Administrator,Full-time,Indore,2023-06-22,Online Assessment,Not Available,2,Not Available,1574,78,Not Available,No,7,0
974,Gaurang Bose,Male,25,2021,Pune University,B.Com,Commerce,6.01,3,No,No,1,3,Kotlin | Java | Communication | Spring Boot,Naukri,LTIMindtree,Automotive,Network Engineer,Contract,Bengaluru,2022-03-20,Shortlisted,Not Available,36,Not Available,997,55,Not Available,Yes,4,1
976,Meera Swamy,Female,27,2021,BITS Goa,B.Com,Commerce,6.76,0,No,Yes,4,0,Linux | GraphQL | TensorFlow | Scala | JavaScript,Referral,Practo,Manufacturing,iOS Developer,Full-time,Coimbatore,2023-12-03,Technical Interview,4.0,37,Not Available,2004,73,Not Available,No,4,2
977,Kavya Saxena,Female,22,2021,IIT Hyderabad,M.Tech,Computer Science,6.0,3,No,No,2,4,Ruby on Rails | Spark,Internshala,Flipkart,IT/Software,Operations Analyst,Full-time,Kolkata,2024-07-18,Offer,2.0,27,578605.0,1046,61,Not Available,No,6,3
978,Gargi Dixit,Female,27,2022,XLRI Jamshedpur,MBA,Operations,9.18,3,Yes,No,4,3,Swift | Ruby on Rails | Flutter,LinkedIn,Meesho,Retail,SEO Analyst,Internship,Visakhapatnam,2024-08-20,Online Assessment,Not Available,38,Not Available,269,80,No,No,7,2
981,Divya Oberoi,Female,24,2023,MDI Gurgaon,MCA,Computer Applications,9.57,0,No,No,5,1,C++ | MongoDB | Linux | Laravel | TensorFlow,Naukri,Morgan Stanley India,Manufacturing,Cloud Engineer,Full-time,Kolkata,2024-02-11,Applied,Not Available,15,Not Available,434,75,Not Available,No,6,1
982,Twinkle Desai,Female,20,2023,IIEST Shibpur,MCA,Computer Applications,8.99,0,No,Yes,5,2,GraphQL | Laravel | REST APIs | AWS,Unstop,Tech Mahindra,Retail,Database Administrator,Internship,Chennai,2024-12-09,Applied,Not Available,31,Not Available,2655,67,Not Available,No,7,1
985,Lokesh Sandhu,Male,21,2020,HBTU Kanpur,B.Com,Accounting,8.46,2,No,Yes,4,4,SQL | Teamwork | Swift | Kubernetes,LinkedIn,IBM India,EdTech,QA Engineer,Full-time,Gurugram,2024-07-27,Applied,Not Available,21,Not Available,432,98,No,Yes,8,4
987,Nisha Lodha,Female,24,2020,XLRI Jamshedpur,B.E.,Electrical,9.02,1,No,Yes,4,1,AWS | Problem Solving | Scala | Hive,Referral,Intel India,IT/Software,Finance Analyst,Full-time,Chennai,2023-11-16,HR Interview,3.0,18,Not Available,1729,67,Not Available,No,5,3
988,Janhavi Khatri,Female,23,2021,Manipal Institute of Technology,B.Sc (CS),Computer Science,7.17,3,No,No,5,0,Django | Leadership | Deep Learning | Tableau | Networking,Internshala,LTIMindtree,Automotive,Backend Developer,Internship,Jaipur,2021-02-12,Shortlisted,Not Available,14,Not Available,1442,56,Not Available,No,5,0
990,Harsh Jain,Male,27,2021,Anna University Chennai,B.Sc (IT),Information Technology,8.5,3,No,No,4,4,REST APIs | Java | PyTorch | Linux,LinkedIn,Wipro,AgriTech,SEO Analyst,Part-time,Kochi,2024-04-11,Applied,Not Available,17,Not Available,2594,83,No,Yes,8,3
993,Urvashi Malhotra,Female,24,2020,SP Jain Mumbai,BCA,Computer Applications,5.75,1,No,No,3,3,Spring Boot | Teamwork | Flutter,WorkIndia,Deloitte,Logistics,Operations Analyst,Internship,Ahmedabad,2023-11-26,Technical Interview,1.0,37,Not Available,1051,81,Not Available,No,6,3
994,Khushi Bhatnagar,Female,25,2021,IIT Delhi,B.E.,Computer Science,8.96,1,No,No,4,2,Spark | Scala,LinkedIn,Intel India,Logistics,Recruiter,Full-time,Chandigarh,2021-10-29,Rejected,1.0,32,Not Available,1932,77,No,No,6,0
995,Lata Bhatnagar,Female,26,2021,IIT Kharagpur,B.Sc (CS),Computer Science,6.47,2,No,Yes,4,2,Flutter | Hadoop | Spring Boot | Cybersecurity | Bash Scripting,Naukri,Flipkart,Retail,Business Analyst,Internship,Pune,2022-02-06,Applied,Not Available,29,Not Available,2833,81,Not Available,Yes,6,1
996,Riya Ghosh,Female,23,2020,IIIT Allahabad,B.Sc (IT),Information Technology,9.4,3,No,Yes,5,3,Spring Boot | Tableau | TensorFlow,Indeed,Bosch India,Media & Entertainment,Data Analyst,Full-time,Lucknow,2024-05-24,Online Assessment,Not Available,32,Not Available,1135,86,Not Available,No,8,4
998,Xander Thakur,Male,23,2022,IIT Kanpur,B.E.,Mechanical,8.89,1,No,Yes,4,4,C++ | Scala,AngelList,Citi India,Media & Entertainment,Data Analyst,Internship,Chandigarh,2023-03-27,Shortlisted,Not Available,33,Not Available,664,70,Not Available,No,8,1
1001,Vandana Biswas,Female,26,2023,HBTU Kanpur,MCA,Computer Applications,8.69,0,No,No,2,3,Hadoop | GraphQL | Django | Java,Internshala,IBM India,HealthTech,Data Scientist,Full-time,Ahmedabad,2024-11-17,Applied,Not Available,12,Not Available,2402,100,Not Available,No,5,1
1002,Dhruv Singh,Male,25,2022,XLRI Jamshedpur,M.Tech,Data Science,8.3,3,No,Yes,2,0,React | Excel | Node.js | Laravel,Naukri,Tech Mahindra,HealthTech,Embedded Engineer,Full-time,Ahmedabad,2022-03-13,Online Assessment,Not Available,6,Not Available,1087,84,Not Available,No,2,0
1003,Lakshay More,Male,27,2022,MDI Gurgaon,B.Sc (IT),Information Technology,5.51,2,No,Yes,0,5,Networking | Power BI | Flutter,Indeed,HDFC Bank,AgriTech,Marketing Analyst,Contract,Lucknow,2024-10-28,Technical Interview,4.0,27,Not Available,1744,74,Not Available,No,5,2
1004,Varun Pillai,Male,21,2021,Lovely Professional University,B.E.,Electrical,8.53,0,No,No,1,2,Git | Laravel | Node.js | Kubernetes | Excel,IIMJobs,Upstox,FinTech,Cybersecurity Analyst,Full-time,Chennai,2024-11-21,Applied,Not Available,36,Not Available,2517,75,Not Available,No,3,3
1006,Abhinav Khanna,Male,23,2022,BITS Goa,BBA,Marketing,6.9,1,Yes,No,2,4,Cybersecurity | Tableau | JavaScript | GraphQL | SQL,LinkedIn,Zerodha,Manufacturing,Backend Developer,Full-time,Kolkata,2022-08-28,Applied,Not Available,6,Not Available,1261,80,Yes,No,6,0
1007,Darshan Rawat,Male,25,2021,SP Jain Mumbai,B.Tech,Electronics & Communication,6.94,0,No,No,2,0,Selenium | Laravel | Node.js | R | Bash Scripting,LinkedIn,Accenture,Automotive,Digital Marketing Executive,Internship,Chandigarh,2024-06-11,Online Assessment,Not Available,43,Not Available,1331,75,No,No,2,3
1009,Vijay Mishra,Male,20,2020,SVNIT Surat,B.Com,Finance,6.1,2,No,No,3,4,PyTorch | Flutter | AWS,LinkedIn,Amazon India,Logistics,Technical Support Engineer,Full-time,Remote,2023-04-04,Applied,Not Available,25,Not Available,2582,91,No,No,7,3
1010,Om Oberoi,Male,24,2023,Symbiosis Pune,B.E.,Computer Science,5.55,1,No,No,5,5,Swift | AWS | Ruby on Rails | Hive,Indeed,MakeMyTrip,E-commerce,Backend Developer,Full-time,Remote,2024-09-15,Online Assessment,Not Available,18,Not Available,2339,76,Not Available,No,10,1
1011,Sarika Chauhan,Female,27,2020,BITS Hyderabad,BBA,Finance,5.9,2,No,No,0,2,Bash Scripting | Azure,Monster,Angel One,Consulting,Software Engineer,Internship,Mumbai,2022-08-13,Online Assessment,Not Available,12,Not Available,795,71,Not Available,Yes,2,2
1012,Aditi Krishnan,Female,24,2023,IIM Bangalore,MCA,Computer Applications,5.69,0,No,Yes,4,5,Figma | TensorFlow | Linux | Communication,LinkedIn,Microsoft India,Consulting,HR Executive,Internship,Chandigarh,2023-06-03,Offer,4.0,33,15227.0,2339,86,No,No,9,0
1014,Hitesh Singh,Male,23,2022,BITS Pilani,B.Sc (IT),Information Technology,8.78,1,No,No,2,0,Communication | REST APIs,Campus Placement,Accenture,Manufacturing,ML Engineer,Full-time,Pune,2024-02-23,Applied,Not Available,23,Not Available,430,81,Not Available,No,2,2
1015,Natasha Rastogi,Female,23,2021,HBTU Kanpur,MCA,Computer Applications,5.54,2,No,No,3,5,Docker | Spring Boot | Linux | R | Azure,Unstop,BYJU's,Manufacturing,Systems Engineer,Internship,Mysuru,2024-01-01,Technical Interview,1.0,11,Not Available,2202,65,Not Available,No,8,3
1016,Swati Sundaram,Female,23,2021,SRM University Chennai,MBA,Marketing,5.69,2,No,No,5,3,PyTorch | Hive | Swift | Flutter | Java,Unstop,NIIT Technologies,HealthTech,HR Executive,Internship,Ahmedabad,2023-09-10,Withdrawn,Not Available,18,Not Available,2403,75,Not Available,No,8,2
1017,Ishaan Verma,Male,23,2022,BIT Mesra Ranchi,B.Sc (CS),Computer Science,9.72,2,No,No,5,2,Flutter | Linux | Spark,Indeed,Delhivery,HealthTech,Business Analyst,Contract,Delhi NCR,2024-12-16,Technical Interview,2.0,34,Not Available,1630,98,Not Available,No,7,2
1019,Gopal Dubey,Male,20,2020,Thapar University,B.Sc (CS),Computer Science,5.89,2,No,No,1,1,Azure | AWS | PHP | Problem Solving,HackerEarth,Meesho,HealthTech,Systems Engineer,Internship,Chennai,2023-09-10,Shortlisted,Not Available,36,Not Available,249,91,Not Available,No,2,3
1020,Simran Bhatia,Female,20,2020,IIM Bangalore,B.Com,Commerce,6.74,1,No,Yes,0,0,Power BI | Selenium | Cybersecurity | Tableau,Naukri,Upstox,Consulting,Finance Analyst,Contract,Nagpur,2021-08-02,Rejected,1.0,21,Not Available,1119,72,Not Available,No,0,1
1021,Raghav Das,Male,26,2020,Presidency University Kolkata,MCA,Computer Applications,9.35,3,No,Yes,1,0,Cybersecurity | Excel | TensorFlow | Linux,Referral,Qualcomm India,Automotive,Sales Executive,Full-time,Coimbatore,2024-11-15,Applied,Not Available,34,Not Available,1479,81,Not Available,No,1,4
1023,Dinesh Grewal,Male,24,2022,JNTUH Hyderabad,MCA,Computer Applications,7.51,0,No,No,0,5,Hadoop | Flutter,LinkedIn,Practo,Manufacturing,Marketing Analyst,Full-time,Visakhapatnam,2024-10-19,Technical Interview,2.0,20,Not Available,443,74,No,No,5,2
1025,Tejas Lodha,Male,22,2021,Osmania University Hyderabad,B.Tech,Information Technology,8.95,0,No,No,5,1,MongoDB | Kubernetes | Excel | Django,Unstop,BigBasket,Banking & Finance,Data Analyst,Internship,Hyderabad,2021-09-10,Rejected,2.0,42,Not Available,1083,84,Not Available,No,6,0
1027,Ishaan Murthy,Male,25,2022,Amity University Noida,B.Com,Commerce,9.25,2,No,No,6,3,Flutter | SQL | Scala | PyTorch,Indeed,Freshworks,FinTech,Digital Marketing Executive,Contract,Bhubaneswar,2022-06-22,Technical Interview,2.0,8,Not Available,842,81,Not Available,No,9,0
1029,Pooja Balakrishnan,Female,23,2023,Pune University,MBA,Strategy,8.95,0,No,Yes,4,3,Java | React,Indeed,HCL Technologies,Logistics,SEO Analyst,Full-time,Hyderabad,2023-06-17,HR Interview,3.0,25,Not Available,1934,91,Not Available,No,7,0
1033,Irfan Dubey,Prefer not to say,26,2021,Osmania University Hyderabad,M.Tech,Software Engineering,9.76,0,No,No,6,4,Figma | GraphQL | SQL | Node.js | AWS,Cutshort,MakeMyTrip,FinTech,Technical Support Engineer,Full-time,Noida,2024-07-07,Technical Interview,1.0,21,Not Available,701,79,Not Available,Yes,10,3
1036,Siddharth Reddy,Male,21,2021,IIIT Allahabad,BCA,Computer Applications,9.6,0,No,No,6,3,REST APIs | Kotlin | C++ | Networking,Internshala,Fractal Analytics,Logistics,iOS Developer,Full-time,Hyderabad,2024-01-19,Applied,Not Available,30,Not Available,1595,64,Not Available,No,9,3
1038,Vinay Biswas,Male,24,2020,Jadavpur University Kolkata,BBA,Business Administration,7.31,2,No,No,1,4,Spring Boot | Communication,Campus Placement,Tech Mahindra,Automotive,Database Administrator,Internship,Nagpur,2024-08-14,Applied,Not Available,20,Not Available,585,76,Not Available,No,5,4
1039,Dipali Ghosh,Prefer not to say,20,2020,Christ University Bangalore,B.E.,Mechanical,8.01,0,No,No,1,4,REST APIs | Python | Problem Solving | Deep Learning | MongoDB,Hirist,Goldman Sachs,Banking & Finance,UX Designer,Full-time,Indore,2021-10-11,Offer,1.0,11,607489.0,1694,55,Not Available,Yes,5,1
1042,Lokesh Choudhury,Male,27,2020,Symbiosis Pune,B.Sc (IT),Information Technology,6.08,3,Yes,Yes,3,2,Hive | Ruby on Rails | GraphQL,Naukri,Axis Bank,Telecom,Finance Analyst,Internship,Hyderabad,2024-02-16,Shortlisted,Not Available,26,Not Available,1923,84,Not Available,No,5,4
1043,Siddharth Patel,Male,26,2022,VIT Vellore,B.Sc (IT),Information Technology,9.74,3,No,No,1,0,Tableau | C++ | Power BI | Deep Learning | Communication,Internshala,Fractal Analytics,Media & Entertainment,Content Writer,Internship,Bhopal,2022-11-14,Rejected,1.0,32,Not Available,1131,76,Not Available,Yes,1,0
1046,Lokesh Majumdar,Male,20,2023,KIIT Bhubaneswar,BBA,Marketing,9.65,3,Yes,No,3,4,C++ | Spark | Selenium | REST APIs | Hadoop,Naukri,Cognizant,FinTech,Android Developer,Full-time,Visakhapatnam,2023-04-13,Applied,Not Available,15,Not Available,2085,84,Not Available,No,7,0
1047,Tanya Nair,Female,21,2020,IIIT Allahabad,B.Sc (CS),Computer Science,6.05,3,No,No,0,3,Leadership | Data Analysis | Machine Learning,Naukri,Axis Bank,IT/Software,Technical Support Engineer,Full-time,Coimbatore,2024-04-22,Rejected,4.0,17,Not Available,1196,79,Not Available,Yes,3,4
1049,Falak Desai,Female,21,2020,Jadavpur University Kolkata,B.Com,Commerce,6.65,2,No,Yes,1,4,Git | Tableau,Apna,Mu Sigma,FinTech,Product Manager,Contract,Chandigarh,2022-11-14,Offer,4.0,36,1605943.0,1787,90,Not Available,No,5,2
1050,Deepika Ahuja,Female,22,2020,VIT Vellore,BBA,Marketing,6.26,1,No,No,0,0,Ruby on Rails | TensorFlow | PyTorch | Excel,IIMJobs,Paytm,Retail,Technical Support Engineer,Full-time,Surat,2023-09-19,Applied,Not Available,34,Not Available,2085,67,Not Available,No,0,3
1052,Aditya Das,Male,20,2021,GLA University Mathura,BCA,Computer Applications,5.87,3,No,Yes,2,0,Problem Solving | PHP | Swift | Spark | AWS,Cutshort,IBM India,IT/Software,SEO Analyst,Part-time,Indore,2023-05-01,Applied,Not Available,30,Not Available,1358,96,Not Available,No,2,2
1055,Trisha Chopra,Prefer not to say,22,2020,Presidency University Kolkata,BCA,Computer Applications,5.83,1,Yes,No,1,4,AWS | Tableau | Power BI | Bash Scripting,LinkedIn,Urban Company,AgriTech,Software Engineer,Part-time,Visakhapatnam,2024-08-18,Offer,1.0,31,1140574.0,2448,76,No,No,5,4
1056,Balram Negi,Male,25,2020,IIT Roorkee,MCA,Computer Applications,9.11,3,Yes,No,0,3,REST APIs | Teamwork | Linux | MongoDB,WorkIndia,Texas Instruments India,E-commerce,Product Manager,Internship,Bhopal,2022-05-03,Online Assessment,Not Available,11,Not Available,1628,63,Not Available,No,3,2
1057,Lalit Kulkarni,Male,21,2021,Delhi University,BBA,HR,8.77,1,No,No,5,3,Machine Learning | Communication | Teamwork | Data Analysis | Hive,Naukri,Tata Steel,AgriTech,Product Manager,Internship,Bhopal,2023-11-29,Online Assessment,Not Available,39,Not Available,1591,78,Not Available,No,8,2
1058,Shivam Goyal,Male,23,2024,MDI Gurgaon,B.Tech,Mechanical Engineering,8.26,0,No,Yes,4,5,Scala | Leadership,LinkedIn,1mg,Automotive,SEO Analyst,Full-time,Mumbai,2024-07-07,Applied,Not Available,4,Not Available,2374,73,Yes,Yes,9,0
1060,Isha Dubey,Female,26,2022,IIT Roorkee,B.Sc (IT),Information Technology,9.82,2,No,No,0,0,PHP | Problem Solving,LinkedIn,HDFC Bank,EdTech,HR Executive,Internship,Patna,2022-07-13,Shortlisted,Not Available,20,Not Available,720,65,No,No,0,0
1062,Suresh Mukherjee,Prefer not to say,24,2023,Chandigarh University,B.E.,Mechanical,6.85,3,No,Yes,5,5,Git | Communication | R | JavaScript,AngelList,Samsung India,E-commerce,Android Developer,Full-time,Indore,2024-06-22,Online Assessment,Not Available,10,Not Available,2939,58,Not Available,No,10,1
1064,Harish Pillai,Male,20,2021,VIT Vellore,MCA,Computer Applications,5.96,1,No,No,2,0,Data Analysis | Bash Scripting | REST APIs | Machine Learning,LinkedIn,ICICI Bank,Manufacturing,Data Analyst,Full-time,Delhi NCR,2023-03-30,Applied,Not Available,16,Not Available,590,75,Yes,Yes,2,2
1068,Varsha Iyer,Female,24,2021,GLA University Mathura,B.Sc (CS),Computer Science,5.61,0,No,No,0,0,Leadership | PyTorch,AngelList,Accenture,Media & Entertainment,DevOps Engineer,Internship,Nagpur,2023-11-18,Online Assessment,Not Available,36,Not Available,452,89,Not Available,No,0,2
1072,Indira Anand,Female,23,2022,SRM University Chennai,B.E.,Electrical,5.72,3,No,No,0,5,AWS | Kubernetes,Internshala,Bajaj Finserv,Consulting,HR Executive,Internship,Kolkata,2022-05-07,Offer,2.0,31,31052.0,2024,70,Not Available,Yes,5,0
1073,Furqan Dhillon,Male,27,2020,Jadavpur University Kolkata,BCA,Computer Applications,5.98,2,No,No,0,0,Communication | R | JavaScript,LinkedIn,Persistent Systems,AgriTech,Product Manager,Full-time,Bengaluru,2024-09-09,Applied,Not Available,22,Not Available,1261,92,No,No,0,4
1076,Lakshay Kapoor,Male,23,2020,BITS Goa,B.Sc (CS),Computer Science,5.68,3,No,No,6,0,Django | Node.js | R,Naukri,Cognizant,AgriTech,Cloud Engineer,Full-time,Surat,2024-07-12,Applied,Not Available,33,Not Available,99,76,Not Available,Yes,6,4
1077,Rahul Swamy,Male,21,2021,NIT Calicut,BBA,Marketing,7.7,2,No,No,4,0,Data Analysis | PyTorch | Node.js | Git | AWS,Indeed,Siemens India,AgriTech,Cybersecurity Analyst,Internship,Gurugram,2022-09-13,Shortlisted,Not Available,1,Not Available,642,65,Not Available,No,4,1
1078,Naman Das,Male,24,2024,PES University Bangalore,MCA,Computer Applications,8.76,1,No,Yes,0,2,C++ | Power BI | React | MongoDB,Monster,Tech Mahindra,Media & Entertainment,Backend Developer,Full-time,Indore,2024-07-16,Online Assessment,Not Available,8,Not Available,1129,62,Not Available,No,2,0
1079,Parth Choudhury,Male,20,2023,IIT Kanpur,B.Tech,Information Technology,7.54,0,No,No,5,0,GraphQL | Spark,LinkedIn,Bosch India,AgriTech,Finance Analyst,Contract,Mysuru,2024-05-12,Applied,Not Available,20,Not Available,2041,81,No,No,5,1
1080,Akash Mehta,Male,23,2022,IIT Kanpur,B.Sc (IT),Information Technology,6.39,0,No,Yes,6,4,Teamwork | Python,IIMJobs,Tata Steel,Banking & Finance,Data Scientist,Internship,Chennai,2022-10-07,Technical Interview,3.0,29,Not Available,2455,97,Not Available,Yes,10,0
1081,Gopal Bisht,Male,26,2020,Symbiosis Pune,B.Sc (IT),Information Technology,9.13,3,No,Yes,6,4,PHP | Excel | React | Java | Data Analysis,LinkedIn,Mphasis,FinTech,Recruiter,Full-time,Jaipur,2023-08-29,Applied,Not Available,10,Not Available,1924,75,No,No,10,3
1082,Amit Dey,Male,24,2020,VIT Vellore,B.Sc (CS),Computer Science,6.69,3,Yes,No,1,4,Bash Scripting | Power BI,Naukri,Samsung India,Banking & Finance,Frontend Developer,Internship,Indore,2022-09-08,Applied,Not Available,25,Not Available,119,69,Not Available,No,5,2
1083,Urvashi Thakur,Female,23,2020,SRMIST Chennai,B.Com,Commerce,7.06,3,No,No,0,0,Laravel | Hadoop,Indeed,L&T Infotech,HealthTech,Operations Analyst,Internship,Chennai,2022-10-22,Applied,Not Available,3,Not Available,1641,73,Not Available,Yes,0,2
1084,Eshan Balakrishnan,Male,26,2023,IIEST Shibpur,B.Sc (IT),Information Technology,8.99,2,No,No,3,0,TensorFlow | SQL | Java,TimesJobs,Delhivery,FinTech,QA Engineer,Full-time,Delhi NCR,2023-06-30,Online Assessment,Not Available,15,Not Available,2728,85,Not Available,No,3,0
1085,Sonali Yadav,Female,23,2020,IIIT Allahabad,B.Com,Commerce,6.0,0,No,No,6,3,C++ | Problem Solving,Unstop,BYJU's,Banking & Finance,Cloud Engineer,Full-time,Delhi NCR,2023-01-01,Shortlisted,Not Available,38,Not Available,1782,83,Not Available,No,9,3
1089,Kamlesh Bhatt,Male,23,2022,SVNIT Surat,B.Sc (IT),Information Technology,6.86,1,No,No,4,3,SQL | Leadership,Cutshort,Siemens India,Manufacturing,Embedded Engineer,Full-time,Ahmedabad,2024-05-12,HR Interview,1.0,17,Not Available,2759,63,Not Available,No,7,2
1090,Mansi Bajaj,Female,22,2022,Mumbai University,BCA,Computer Applications,6.98,1,No,Yes,0,5,MongoDB | R,HackerEarth,Capgemini,Banking & Finance,Content Writer,Full-time,Delhi NCR,2023-05-01,Applied,Not Available,38,Not Available,1932,67,Not Available,No,5,1
1091,Vibha Oberoi,Female,21,2021,IIT Kanpur,B.Sc (CS),Computer Science,5.71,1,No,Yes,6,2,TypeScript | Spark | JavaScript | MATLAB | Bash Scripting,Campus Placement,NIIT Technologies,Telecom,Backend Developer,Full-time,Kolkata,2021-05-31,Applied,Not Available,43,Not Available,1124,88,Not Available,Yes,8,0
1093,Esha Chauhan,Female,26,2022,SVNIT Surat,B.E.,Civil,8.23,3,No,Yes,5,4,PyTorch | REST APIs,Indeed,TCS,AgriTech,ML Engineer,Full-time,Visakhapatnam,2024-09-26,Applied,Not Available,37,Not Available,984,97,Not Available,No,9,2
1095,Suresh Iyer,Male,24,2021,VIT Vellore,B.Tech,Electrical Engineering,6.66,0,No,No,0,2,Linux | Kubernetes | Hadoop | MATLAB,Cutshort,Capgemini,FinTech,Android Developer,Contract,Vadodara,2021-12-08,Offer,3.0,31,806423.0,2547,58,Not Available,No,2,0
1098,Simran Bose,Female,21,2021,Lovely Professional University,B.Com,Accounting,8.79,1,No,Yes,0,4,Django | TensorFlow,Hirist,Tech Mahindra,Media & Entertainment,Network Engineer,Internship,Visakhapatnam,2021-12-07,Technical Interview,2.0,41,Not Available,2338,63,Not Available,No,4,0
1099,Gargi Chatterjee,Female,20,2023,GLA University Mathura,B.Com,Finance,6.41,1,No,Yes,3,2,Laravel | Kubernetes | Azure | Deep Learning,LinkedIn,PhonePe,IT/Software,Business Analyst,Internship,Bengaluru,2024-02-02,Shortlisted,Not Available,35,Not Available,1974,71,No,Yes,5,1
1100,Falguni Subramaniam,Female,26,2021,BIT Mesra Ranchi,MCA,Computer Applications,5.8,2,No,Yes,5,0,Django | Node.js,LinkedIn,Swiggy,Automotive,Product Manager,Internship,Bhubaneswar,2022-06-09,HR Interview,2.0,9,Not Available,1808,66,No,Yes,5,1
1101,Yogesh Trivedi,Male,22,2021,Mumbai University,B.Tech,Mechanical Engineering,8.86,1,Yes,No,5,2,Hive | Problem Solving | Data Analysis,Freshersworld,L&T Infotech,FinTech,DevOps Engineer,Internship,Kochi,2024-03-19,Applied,Not Available,36,Not Available,173,93,Not Available,Yes,7,3
1102,Ritesh Hegde,Male,21,2023,XLRI Jamshedpur,MCA,Computer Applications,9.26,3,No,Yes,1,1,Communication | Django,Naukri,JPMorgan India,Banking & Finance,Software Engineer,Full-time,Kochi,2023-03-12,Applied,Not Available,30,Not Available,67,56,Not Available,No,2,0
1103,Jatin Jain,Male,20,2020,Bangalore University,B.E.,Civil,7.33,1,No,Yes,5,1,GraphQL | AWS,Naukri,Zomato,Manufacturing,Software Engineer,Full-time,Bengaluru,2024-09-01,Technical Interview,4.0,27,Not Available,2570,91,Not Available,No,6,4
1104,Om Malhotra,Male,25,2021,Kalinga University,MBA,HR,6.22,1,No,Yes,6,4,Git | Flutter,Campus Placement,Uber India,Telecom,Android Developer,Full-time,Gurugram,2022-04-27,Shortlisted,Not Available,18,Not Available,284,99,Not Available,No,10,1
1106,Pallavi Singh,Female,24,2022,IIM Bangalore,B.Com,Finance,5.53,3,Yes,No,0,2,Deep Learning | Hadoop | Power BI,Naukri,L&T Infotech,Media & Entertainment,Systems Engineer,Full-time,Patna,2023-01-17,Online Assessment,Not Available,12,Not Available,235,75,Not Available,No,2,1
1108,Hema Sundaram,Female,27,2020,IIM Bangalore,B.E.,Mechanical,8.47,1,No,No,1,3,JavaScript | Python | Flutter | Data Analysis | Problem Solving,Indeed,Deloitte,E-commerce,iOS Developer,Full-time,Visakhapatnam,2023-11-24,Online Assessment,Not Available,15,Not Available,78,98,Not Available,No,4,3
1110,Rajesh Swamy,Male,24,2021,Symbiosis Pune,M.Tech,VLSI,8.64,0,No,No,0,5,Kotlin | Tableau,Indeed,Samsung India,Automotive,Sales Executive,Contract,Patna,2024-08-31,Offer,3.0,21,540133.0,1944,98,Not Available,No,5,3
1111,Bhumi Shukla,Female,21,2020,IIIT Allahabad,MCA,Computer Applications,8.85,1,No,No,2,2,Teamwork | Selenium | Kubernetes,WorkIndia,Flipkart,Media & Entertainment,Finance Analyst,Full-time,Patna,2022-06-15,Applied,Not Available,38,Not Available,2721,87,Not Available,No,4,2
1112,Ekta Oberoi,Female,20,2023,IIM Bangalore,BBA,HR,7.14,2,No,No,5,3,PyTorch | R | Ruby on Rails | React,Naukri,Upstox,HealthTech,Content Writer,Full-time,Gurugram,2024-10-18,Applied,Not Available,45,Not Available,912,58,Not Available,No,8,1
1115,Bharat Krishnan,Male,27,2020,Pune University,MCA,Computer Applications,9.49,1,No,Yes,2,5,C++ | Azure | PyTorch | MongoDB | Kotlin,Naukri,Uber India,Consulting,Product Manager,Full-time,Chandigarh,2024-02-29,Applied,Not Available,31,Not Available,1654,62,Not Available,No,7,4
1117,Kartik Porwal,Male,25,2020,BITS Goa,MCA,Computer Applications,8.68,3,Yes,No,6,4,Excel | Power BI | Scala | AWS,Indeed,Uber India,Automotive,Database Administrator,Internship,Noida,2024-10-21,Offer,2.0,2,9158.0,2178,66,Not Available,No,10,4
1119,Raghav Pillai,Male,24,2022,Presidency University Kolkata,B.Tech,Chemical Engineering,7.46,3,No,No,3,1,Ruby on Rails | Scala,LinkedIn,Axis Bank,FinTech,iOS Developer,Internship,Visakhapatnam,2024-07-24,Offer,5.0,39,10377.0,695,91,No,No,4,2
1120,Aarav Chaudhary,Male,23,2020,DTU Delhi,B.E.,Electronics,6.28,3,Yes,Yes,4,1,Flutter | Power BI | Scala,Indeed,Citi India,E-commerce,QA Engineer,Internship,Jaipur,2022-08-09,Technical Interview,4.0,21,Not Available,2061,89,Not Available,No,5,2
1123,Esha Swamy,Female,24,2021,Thapar University,B.Com,Commerce,9.08,1,No,No,3,5,Bash Scripting | Scala,HackerEarth,JPMorgan India,Banking & Finance,QA Engineer,Full-time,Jaipur,2022-02-06,Offer,4.0,42,328152.0,2163,82,Not Available,Yes,8,1
1124,Mansi Swamy,Female,20,2021,IIT Roorkee,MCA,Computer Applications,6.88,3,No,No,2,5,Azure | REST APIs,Internshala,Uber India,Banking & Finance,Digital Marketing Executive,Full-time,Bhubaneswar,2022-06-22,Applied,Not Available,44,Not Available,1528,70,Not Available,No,7,1
1125,Uma Verma,Female,26,2020,IIT Kanpur,BBA,Business Administration,9.9,2,No,No,0,5,Kotlin | Python,Cutshort,NIIT Technologies,Telecom,SEO Analyst,Part-time,Chandigarh,2021-12-16,Applied,Not Available,30,Not Available,2707,61,Not Available,No,5,1
1126,Dhruv Rao,Male,24,2021,VIT Vellore,MCA,Computer Applications,8.79,3,No,Yes,2,3,R | JavaScript,Naukri,IBM India,Banking & Finance,Data Analyst,Contract,Visakhapatnam,2021-01-02,Applied,Not Available,31,Not Available,258,61,Not Available,No,5,0
1127,Deepika Srivastava,Female,20,2022,IIT Kharagpur,BCA,Computer Applications,8.49,3,No,No,5,1,C++ | Node.js | Python,TimesJobs,Unacademy,Automotive,Digital Marketing Executive,Part-time,Chandigarh,2024-07-02,Offer,3.0,18,746365.0,2705,84,Not Available,No,6,2
1130,Vijay Bajaj,Male,21,2022,Anna University Chennai,BBA,Business Administration,7.82,1,No,No,4,3,Leadership | Cybersecurity | C++,Cutshort,Lenskart,HealthTech,Cloud Engineer,Full-time,Visakhapatnam,2024-06-18,Online Assessment,Not Available,28,Not Available,906,66,Not Available,No,7,2
1132,Aarti Ramachandran,Female,23,2020,IIM Calcutta,M.Tech,Data Science,8.43,0,No,Yes,1,1,Communication | Azure | Kubernetes | Spark | Swift,Cutshort,PhonePe,IT/Software,HR Executive,Part-time,Gurugram,2024-01-25,Offer,5.0,34,551175.0,2033,90,Not Available,No,2,4
1137,Pallavi Desai,Female,20,2021,XLRI Jamshedpur,M.Tech,Data Science,9.14,3,Yes,Yes,5,1,Teamwork | REST APIs | Kubernetes | PyTorch,LinkedIn,IBM India,FinTech,Technical Support Engineer,Full-time,Remote,2021-06-06,Applied,Not Available,45,Not Available,108,86,No,No,6,0
1138,Kamya Joshi,Female,26,2023,IIT Roorkee,MBA,Strategy,9.47,2,No,No,4,3,Power BI | Kubernetes | Figma | Git | Bash Scripting,Campus Placement,Amazon India,Retail,Recruiter,Full-time,Remote,2024-02-03,Technical Interview,2.0,12,Not Available,1436,63,Not Available,Yes,7,1
1141,Eklavya Das,Prefer not to say,20,2024,DTU Delhi,M.Tech,Software Engineering,6.52,2,No,Yes,5,0,Deep Learning | R | Laravel | Power BI | Problem Solving,Unstop,Bajaj Finserv,AgriTech,SEO Analyst,Internship,Remote,2024-12-13,Shortlisted,Not Available,16,Not Available,1451,82,Not Available,No,5,0
1143,Firoz Chaudhary,Prefer not to say,25,2022,Chandigarh University,B.Com,Finance,8.77,1,No,No,3,5,Leadership | SQL,LinkedIn,Practo,Retail,Cybersecurity Analyst,Part-time,Delhi NCR,2023-01-07,Offer,5.0,41,691792.0,1219,80,No,No,8,1
1144,Kartik Mathur,Male,20,2022,Anna University Chennai,B.Com,Finance,9.67,2,No,Yes,5,1,Deep Learning | Bash Scripting | Spark,Referral,Zoho,HealthTech,Cybersecurity Analyst,Internship,Chandigarh,2023-12-31,Online Assessment,Not Available,45,Not Available,1842,56,Not Available,Yes,6,1
1145,Falguni Kulkarni,Female,24,2022,Jadavpur University Kolkata,BBA,Finance,9.81,3,No,No,0,5,Excel | JavaScript | Node.js | AWS,Foundit,Accenture,EdTech,SEO Analyst,Contract,Visakhapatnam,2023-11-14,Applied,Not Available,8,Not Available,1038,87,Not Available,No,5,1
1146,Kirti Shah,Female,23,2021,Amity University Noida,MCA,Computer Applications,6.94,0,Yes,No,0,2,Excel | REST APIs | Problem Solving,Campus Placement,MakeMyTrip,Manufacturing,Finance Analyst,Full-time,Pune,2024-07-26,Technical Interview,1.0,32,Not Available,728,87,Not Available,No,2,3
1148,Mohini Hegde,Female,25,2021,SRMIST Chennai,MBA,Marketing,8.83,2,No,No,3,5,React | TensorFlow | Scala,Naukri,IBM India,Automotive,Android Developer,Internship,Delhi NCR,2022-09-06,Offer,2.0,32,20263.0,1259,100,Not Available,No,8,1
1150,Darshan Singh,Male,24,2020,NIT Warangal,B.E.,Electrical,9.56,2,No,No,2,3,GraphQL | TypeScript | JavaScript | Bash Scripting,LinkedIn,Practo,Automotive,Recruiter,Full-time,Pune,2024-09-04,Applied,Not Available,10,Not Available,1380,74,No,Yes,5,4
1152,Tarun Mehta,Male,21,2022,Jadavpur University Kolkata,B.Sc (IT),Information Technology,6.23,0,No,No,5,0,MATLAB | PyTorch | Teamwork | Django | Machine Learning,LinkedIn,Flipkart,Logistics,Sales Executive,Part-time,Mumbai,2023-11-17,Applied,Not Available,43,Not Available,938,67,No,No,5,1
1153,Itisha Pillai,Female,21,2023,BITS Hyderabad,B.Sc (CS),Computer Science,9.46,3,No,No,5,5,Kotlin | Node.js,LinkedIn,Meesho,Media & Entertainment,Cybersecurity Analyst,Contract,Delhi NCR,2024-06-20,Applied,Not Available,33,Not Available,2012,73,Yes,No,10,1
1154,Vishal Pillai,Male,22,2020,SVNIT Surat,B.Sc (CS),Computer Science,9.79,2,No,Yes,3,0,PHP | Kotlin | TensorFlow | Kubernetes,LinkedIn,PolicyBazaar,Telecom,Marketing Analyst,Internship,Pune,2023-01-04,HR Interview,2.0,42,Not Available,1931,64,No,No,3,3
1157,Namrata Chaudhary,Female,27,2022,Pune University,B.Com,Finance,7.87,1,No,No,1,3,Hadoop | Networking | Python | TypeScript,Indeed,Razorpay,Retail,SEO Analyst,Part-time,Lucknow,2024-11-19,Applied,Not Available,24,Not Available,2304,76,Not Available,No,4,2
1160,Bharat Patil,Male,21,2022,IIIT Allahabad,BCA,Computer Applications,8.68,1,No,No,0,3,MongoDB | SQL | Teamwork | Spring Boot | Java,Referral,Mindtree,Banking & Finance,Business Analyst,Full-time,Chennai,2023-03-30,HR Interview,3.0,2,Not Available,1413,76,Not Available,No,3,1
1163,Harish Oberoi,Male,27,2020,IIM Ahmedabad,BBA,Marketing,6.66,0,No,No,2,0,React | Data Analysis,Indeed,Morgan Stanley India,AgriTech,Digital Marketing Executive,Internship,Bengaluru,2022-05-08,Applied,Not Available,34,Not Available,2623,71,Not Available,No,2,2
1164,Chirag Biswas,Male,20,2020,SRMIST Chennai,MCA,Computer Applications,9.15,2,No,No,5,0,Deep Learning | Hadoop | Kubernetes | Communication,Naukri,LTIMindtree,Consulting,Sales Executive,Full-time,Pune,2021-06-23,Withdrawn,Not Available,45,Not Available,1999,99,Not Available,No,5,1
1165,Wasim Kapoor,Male,27,2022,NIT Trichy,B.Com,Commerce,9.85,0,No,No,5,0,Excel | Problem Solving | Teamwork | REST APIs | GraphQL,Cutshort,Samsung India,Media & Entertainment,Systems Engineer,Full-time,Chennai,2022-04-25,Shortlisted,Not Available,8,Not Available,1726,100,Not Available,No,5,0
1167,Dhruv Mishra,Male,24,2021,BIT Mesra Ranchi,B.Sc (CS),Computer Science,8.71,1,No,No,4,1,Kotlin | Machine Learning | MATLAB,Internshala,1mg,Media & Entertainment,Marketing Analyst,Part-time,Mysuru,2023-10-05,Online Assessment,Not Available,36,Not Available,560,97,Not Available,No,5,2
1169,Farhan Anand,Male,24,2022,KIIT Bhubaneswar,B.E.,Computer Science,10.0,1,Yes,No,2,2,Networking | Teamwork | Swift,LinkedIn,Angel One,Retail,SEO Analyst,Internship,Jaipur,2024-12-25,Applied,Not Available,32,Not Available,2790,85,No,No,4,2
1170,Elina Dey,Female,20,2020,DTU Delhi,B.Com,Finance,9.49,1,No,Yes,0,1,Scala | Networking,HackerEarth,HCL Technologies,Retail,Frontend Developer,Internship,Indore,2023-09-17,Online Assessment,Not Available,38,Not Available,297,94,Not Available,No,1,3
1171,Rohan Shah,Male,26,2022,Osmania University Hyderabad,B.Sc (CS),Computer Science,9.23,2,No,Yes,3,5,SQL | Bash Scripting | Python,Campus Placement,Uber India,Logistics,Database Administrator,Full-time,Bhubaneswar,2024-04-30,Offer,1.0,29,272203.0,241,70,Not Available,No,8,2
1174,Mayank Bajaj,Male,23,2020,NIT Calicut,BCA,Computer Applications,8.48,2,No,No,2,3,Tableau | Python | Spark,Monster,Tech Mahindra,Telecom,Systems Engineer,Internship,Noida,2021-03-22,HR Interview,3.0,15,Not Available,1422,60,Not Available,No,5,1
1175,Jay Jadhav,Male,27,2023,JNTUH Hyderabad,M.Tech,AI/ML,6.05,2,No,Yes,6,5,JavaScript | Networking,Campus Placement,Nykaa,Consulting,Database Administrator,Contract,Kochi,2024-05-14,Rejected,2.0,13,Not Available,607,86,Not Available,No,11,1
1177,Karan Pillai,Male,27,2020,Anna University Chennai,B.Sc (CS),Computer Science,6.55,1,No,No,4,4,Laravel | Problem Solving | Django,Indeed,Amazon India,E-commerce,Marketing Analyst,Internship,Lucknow,2024-07-05,Rejected,5.0,18,Not Available,1953,69,Not Available,No,8,4
1179,Ishaan Oberoi,Male,27,2021,MNNIT Allahabad,BBA,HR,7.85,2,No,Yes,1,4,Hive | TypeScript | C++,Naukri,Delhivery,Automotive,Recruiter,Internship,Mysuru,2024-10-08,Online Assessment,Not Available,14,Not Available,2825,68,Not Available,Yes,5,3
1181,Utsav Rajan,Male,21,2022,XLRI Jamshedpur,BBA,HR,6.61,2,No,Yes,5,0,PHP | Docker | Deep Learning,Naukri,1mg,Consulting,Frontend Developer,Full-time,Jaipur,2022-12-23,Online Assessment,Not Available,26,Not Available,1041,98,Not Available,No,5,0
1190,Kartik Krishnan,Male,23,2024,IIT Bombay,B.E.,Computer Science,5.81,2,No,No,0,4,Django | Ruby on Rails,LinkedIn,Google India,Automotive,Product Manager,Internship,Bhubaneswar,2024-03-30,Applied,Not Available,26,Not Available,2611,78,Yes,No,4,0
1191,Varun Chopra,Male,23,2024,Chandigarh University,B.Com,Accounting,5.87,3,No,No,3,0,Scala | Teamwork,Unstop,Razorpay,Automotive,SEO Analyst,Full-time,Chennai,2024-02-18,Rejected,1.0,24,Not Available,120,86,Not Available,No,3,0
1192,Meera Das,Female,23,2021,IIM Calcutta,BCA,Computer Applications,8.93,2,No,Yes,1,0,C++ | R | JavaScript | Excel,Indeed,Deloitte,Telecom,Embedded Engineer,Full-time,Lucknow,2022-12-16,Shortlisted,Not Available,29,Not Available,1094,89,Not Available,Yes,1,1
1194,Amrita Naik,Female,23,2021,IIT Kharagpur,BCA,Computer Applications,7.11,3,No,No,0,3,Power BI | MongoDB | Leadership,Campus Placement,Tata Steel,Automotive,Operations Analyst,Internship,Vadodara,2023-11-01,HR Interview,1.0,7,Not Available,132,92,Not Available,No,3,2
1196,Elina Bose,Female,24,2020,IIM Bangalore,B.Com,Commerce,6.73,2,No,No,2,0,Python | GraphQL | MATLAB | Cybersecurity | Docker,Campus Placement,Groww,IT/Software,Operations Analyst,Internship,Vadodara,2023-07-25,Applied,Not Available,26,Not Available,1820,93,Not Available,No,2,3
1197,Yamini Swamy,Female,25,2024,MNNIT Allahabad,B.Tech,Chemical Engineering,6.66,2,Yes,Yes,4,5,Leadership | Spark,Naukri,Lenskart,Consulting,Frontend Developer,Full-time,Kolkata,2024-10-13,HR Interview,4.0,35,Not Available,1228,84,Not Available,No,9,0
1198,Sonali Thakur,Female,23,2020,IIT Hyderabad,MCA,Computer Applications,7.73,3,No,No,5,5,PHP | Git | GraphQL | Python | AWS,Apna,LTIMindtree,E-commerce,UX Designer,Internship,Indore,2021-06-23,Applied,Not Available,25,Not Available,1634,63,Not Available,No,10,1
1199,Simran Patel,Female,23,2022,IIEST Shibpur,B.Com,Commerce,6.72,3,No,No,5,5,Kotlin | Scala | C++ | MongoDB | TensorFlow,Naukri,Zoho,AgriTech,Embedded Engineer,Internship,Mysuru,2022-08-28,Applied,Not Available,5,Not Available,1540,86,Not Available,No,10,0
1201,Omkar Choudhury,Male,20,2022,Presidency University Kolkata,BBA,Marketing,6.8,1,No,Yes,5,5,Python | Hadoop,LinkedIn,Razorpay,Automotive,Cloud Engineer,Contract,Patna,2022-04-09,HR Interview,1.0,18,Not Available,2910,96,No,No,10,0
1202,Janhavi Subramaniam,Female,23,2022,SRMIST Chennai,B.Sc (CS),Computer Science,9.44,3,No,No,5,2,Azure | SQL,Glassdoor,Absolutdata,Retail,Backend Developer,Full-time,Kolkata,2023-10-05,Technical Interview,1.0,37,Not Available,2841,88,Not Available,Yes,7,1
1203,Pooja Arora,Female,26,2021,MDI Gurgaon,B.Sc (IT),Information Technology,9.88,2,No,No,4,3,MATLAB | Docker | Django,Internshala,Urban Company,HealthTech,Systems Engineer,Contract,Chandigarh,2021-09-19,Shortlisted,Not Available,45,Not Available,1280,87,Not Available,No,7,0
1204,Khushi Venkatesh,Female,22,2022,Delhi University,B.Sc (IT),Information Technology,6.08,2,No,Yes,3,4,Ruby on Rails | Java | Docker,LinkedIn,Goldman Sachs,HealthTech,HR Executive,Full-time,Lucknow,2023-12-16,Applied,Not Available,31,Not Available,700,55,No,No,7,1
1207,Deepak Arora,Male,25,2021,VIT Vellore,B.Sc (CS),Computer Science,9.03,3,No,Yes,4,3,Node.js | Java,HackerEarth,Nykaa,FinTech,Android Developer,Full-time,Gurugram,2022-09-10,Online Assessment,Not Available,32,Not Available,1542,100,Not Available,No,7,1
1209,Lavanya Menon,Female,21,2021,NIT Trichy,BCA,Computer Applications,9.42,2,No,Yes,3,0,Selenium | Excel | MATLAB | MongoDB,Shine,Upstox,EdTech,Technical Support Engineer,Full-time,Bhopal,2022-09-27,Shortlisted,Not Available,32,Not Available,1097,55,Not Available,No,3,1
1210,Qasim Choudhury,Male,25,2023,IIT Bombay,B.Tech,Chemical Engineering,7.2,1,No,No,6,1,Deep Learning | MATLAB,Unstop,Paytm,Banking & Finance,Sales Executive,Internship,Kolkata,2023-10-29,Shortlisted,Not Available,35,Not Available,725,85,Not Available,No,7,0
1211,Xander Trivedi,Male,26,2022,Kalinga University,B.Sc (CS),Computer Science,6.39,0,No,No,2,5,TypeScript | Machine Learning | R | C++ | TensorFlow,Indeed,Coforge,IT/Software,Digital Marketing Executive,Full-time,Chandigarh,2022-04-20,Applied,Not Available,13,Not Available,1083,96,Not Available,No,7,0
1213,Sarika Oberoi,Female,21,2020,SRMIST Chennai,MCA,Computer Applications,8.11,2,No,No,6,5,TypeScript | Communication | Machine Learning | React,Unstop,PolicyBazaar,Automotive,Systems Engineer,Full-time,Hyderabad,2022-03-04,HR Interview,5.0,27,Not Available,842,99,Not Available,No,11,2
1216,Raghav Khatri,Male,20,2020,IIT Bombay,B.Com,Accounting,5.94,3,No,No,2,3,Teamwork | Hive,Shine,Google India,Manufacturing,Digital Marketing Executive,Full-time,Surat,2024-09-16,Rejected,4.0,25,Not Available,1910,94,Not Available,No,5,4
1217,Uday Khanna,Male,27,2021,IIT Madras,BBA,HR,6.03,1,No,No,3,2,MATLAB | Deep Learning | JavaScript,Naukri,LTIMindtree,Automotive,Sales Executive,Full-time,Chennai,2022-07-01,Rejected,3.0,40,Not Available,1970,61,Not Available,No,5,1
1218,Irfan Roy,Male,23,2021,Nirma University Ahmedabad,M.Tech,VLSI,5.53,0,No,Yes,4,0,MATLAB | Swift | Excel | Hive | Deep Learning,AngelList,Mu Sigma,IT/Software,Content Writer,Contract,Kochi,2023-11-07,Shortlisted,Not Available,33,Not Available,2310,99,Not Available,No,4,2
1219,Leena Majumdar,Female,21,2020,SVNIT Surat,B.Com,Accounting,8.53,3,No,Yes,3,3,Excel | Linux | Data Analysis | PyTorch,Naukri,PolicyBazaar,IT/Software,Frontend Developer,Full-time,Pune,2023-10-01,Shortlisted,Not Available,32,Not Available,2744,82,Not Available,No,6,3
1220,Geetanjali Dixit,Female,26,2022,JNTUH Hyderabad,MBA,Business Analytics,7.5,3,No,Yes,4,5,Selenium | Cybersecurity | Node.js | Kubernetes,Naukri,Axis Bank,HealthTech,SEO Analyst,Full-time,Noida,2022-10-17,Technical Interview,3.0,41,Not Available,581,71,Not Available,Yes,9,0
1222,Radha Choudhury,Female,26,2022,JNTUH Hyderabad,B.Com,Commerce,8.63,2,No,Yes,1,3,JavaScript | Problem Solving | Node.js,Naukri,LTIMindtree,EdTech,Frontend Developer,Internship,Vadodara,2022-06-12,Offer,5.0,7,18296.0,237,64,Not Available,No,4,0
1223,Keshav Ghosh,Male,26,2021,NIT Surathkal,B.Sc (IT),Information Technology,7.6,3,No,No,6,3,Cybersecurity | C++ | Tableau | Excel | AWS,Monster,MakeMyTrip,AgriTech,Technical Support Engineer,Internship,Nagpur,2022-06-26,Applied,Not Available,39,Not Available,650,58,Not Available,No,9,1
1224,Yukti Nair,Female,20,2020,IIT Delhi,BCA,Computer Applications,7.46,3,No,Yes,6,4,MongoDB | TensorFlow | Teamwork | PHP,Naukri,BigBasket,Telecom,Sales Executive,Internship,Kolkata,2023-11-28,Applied,Not Available,16,Not Available,138,82,Not Available,Yes,10,3
1225,Ishan Ghosh,Male,25,2022,Kalinga University,M.Tech,Software Engineering,8.16,2,Yes,No,2,5,PyTorch | C++ | Deep Learning,HackerEarth,HCL Technologies,Media & Entertainment,Finance Analyst,Part-time,Nagpur,2022-11-16,Shortlisted,Not Available,31,Not Available,297,85,Not Available,Yes,7,0
1226,Itisha Swamy,Female,21,2021,IIEST Shibpur,BCA,Computer Applications,9.47,3,No,No,4,0,Data Analysis | Swift | REST APIs,Naukri,Angel One,HealthTech,iOS Developer,Full-time,Patna,2022-03-01,Rejected,4.0,16,Not Available,2090,81,Not Available,No,4,1
1228,Harsha Ahuja,Female,20,2022,Manipal Institute of Technology,BBA,Marketing,7.66,0,No,Yes,6,3,R | Spring Boot | Communication,Naukri,Amazon India,Consulting,Embedded Engineer,Internship,Jaipur,2024-07-02,Online Assessment,Not Available,18,Not Available,1119,72,Not Available,No,9,2
1231,Ishan Sharma,Male,20,2022,BITS Goa,B.Sc (CS),Computer Science,8.49,1,No,No,5,3,JavaScript | Teamwork | PHP,Referral,Tech Mahindra,Automotive,ML Engineer,Contract,Mumbai,2022-12-11,Shortlisted,Not Available,19,Not Available,2953,83,Not Available,No,8,0
1232,Xander Subramaniam,Male,27,2021,Jadavpur University Kolkata,B.Com,Finance,6.18,2,No,Yes,4,0,Node.js | Laravel | Machine Learning | Swift,LinkedIn,Uber India,FinTech,Network Engineer,Part-time,Kochi,2022-07-17,Offer,3.0,23,865389.0,453,87,No,No,4,1
1233,Geeta Majumdar,Female,21,2022,Bangalore University,BBA,Business Administration,6.6,0,No,No,6,4,Teamwork | Communication | Cybersecurity | Flutter,Indeed,Flipkart,Logistics,Technical Support Engineer,Full-time,Vadodara,2022-08-26,Online Assessment,Not Available,19,Not Available,2446,62,Not Available,No,10,0
1235,Yogesh Oberoi,Male,27,2023,Anna University Chennai,MBA,Business Analytics,9.43,2,No,No,1,1,Azure | Leadership | Cybersecurity | GraphQL | Tableau,Indeed,1mg,Automotive,Data Analyst,Full-time,Mumbai,2024-12-26,Shortlisted,Not Available,22,Not Available,1541,93,Not Available,No,2,1
1238,Neeraj Mukherjee,Male,22,2020,IIIT Hyderabad,B.Com,Finance,6.47,2,No,No,3,5,PyTorch | Flutter | JavaScript | Ruby on Rails | Spark,Naukri,Infosys,HealthTech,Technical Support Engineer,Internship,Delhi NCR,2021-03-03,Online Assessment,Not Available,4,Not Available,1253,67,Not Available,Yes,8,1
1239,Jatin Arora,Male,27,2024,Mumbai University,BCA,Computer Applications,8.32,3,No,Yes,4,3,Spark | MATLAB,Apna,IBM India,Logistics,iOS Developer,Full-time,Surat,2024-03-25,Rejected,1.0,34,Not Available,2123,89,Not Available,No,7,0
1244,Priya Soni,Female,26,2022,Nirma University Ahmedabad,BBA,HR,7.26,0,No,Yes,4,1,TypeScript | Azure | Tableau,Cutshort,PhonePe,HealthTech,Finance Analyst,Internship,Pune,2022-01-16,Rejected,5.0,15,Not Available,1965,68,Not Available,No,5,0
1245,Riya Khanna,Female,21,2021,COEP Pune,MCA,Computer Applications,9.64,2,No,Yes,2,2,GraphQL | Spring Boot | MATLAB | Git,Cutshort,Urban Company,Logistics,Finance Analyst,Internship,Mysuru,2023-02-01,Offer,1.0,33,23085.0,1628,90,Not Available,No,4,2
1249,Ekansh Bansal,Male,26,2022,Presidency University Kolkata,BBA,Business Administration,7.0,1,No,No,2,4,SQL | MongoDB | Leadership | Excel | Git,Monster,Groww,AgriTech,DevOps Engineer,Full-time,Bengaluru,2024-07-09,Online Assessment,Not Available,24,Not Available,555,69,Not Available,Yes,6,2
1250,Tushar Das,Male,22,2020,Thapar University,B.Com,Finance,7.55,2,No,Yes,3,0,Selenium | Tableau | Azure | C++,Naukri,Amazon India,Automotive,Backend Developer,Full-time,Ahmedabad,2021-06-28,Applied,Not Available,28,Not Available,1734,77,Not Available,No,3,1
1251,Tarun Yadav,Male,26,2020,Chandigarh University,MBA,HR,7.8,3,No,Yes,2,2,Azure | PyTorch | REST APIs | AWS,Referral,Axis Bank,Consulting,Android Developer,Part-time,Patna,2021-04-28,Applied,Not Available,21,Not Available,511,55,Not Available,Yes,4,1
1252,Geeta Mukherjee,Female,27,2020,IIIT Hyderabad,BBA,Business Administration,6.94,0,No,No,0,5,Spring Boot | REST APIs,Referral,MakeMyTrip,FinTech,Frontend Developer,Contract,Chandigarh,2022-01-20,Online Assessment,Not Available,15,Not Available,2901,69,Not Available,Yes,5,2
1254,Suresh Oswal,Male,20,2021,Osmania University Hyderabad,B.Tech,Information Technology,5.81,0,No,Yes,4,0,SQL | JavaScript | Hadoop | Power BI,LinkedIn,Coforge,FinTech,Marketing Analyst,Internship,Ahmedabad,2023-05-04,Applied,Not Available,16,Not Available,76,75,No,No,4,2
1255,Jyoti Biswas,Female,20,2020,Symbiosis Pune,B.Com,Accounting,6.04,2,No,No,0,5,SQL | REST APIs | Python,Campus Placement,Barclays India,Telecom,Data Analyst,Full-time,Chennai,2022-11-30,HR Interview,2.0,40,Not Available,744,90,Not Available,No,5,2
1256,Wahida Lodha,Female,27,2020,IIIT Allahabad,B.Com,Accounting,7.21,0,No,No,2,0,Hadoop | SQL | Swift | Cybersecurity,Naukri,Axis Bank,IT/Software,Systems Engineer,Internship,Mumbai,2024-11-05,Shortlisted,Not Available,24,Not Available,2465,60,Not Available,No,2,4
1258,Kirti Negi,Female,20,2024,Manipal Institute of Technology,MCA,Computer Applications,9.41,3,No,No,3,1,Selenium | MongoDB | GraphQL,Cutshort,Zoho,Consulting,Software Engineer,Internship,Remote,2024-09-08,Shortlisted,Not Available,5,Not Available,546,90,Not Available,No,4,0
1260,Elina Joshi,Female,21,2022,HBTU Kanpur,BBA,HR,6.1,3,No,No,0,0,Figma | Scala | Cybersecurity | Hadoop,Monster,Texas Instruments India,Consulting,Software Engineer,Contract,Bhopal,2022-02-19,Technical Interview,5.0,39,Not Available,1532,79,Not Available,No,0,0
1261,Ruhi Tiwari,Female,22,2020,Amity University Noida,B.E.,Electronics,7.16,1,No,No,4,5,Leadership | Networking | PHP | R | Spark,LinkedIn,Cognizant,IT/Software,Embedded Engineer,Full-time,Kochi,2023-08-15,HR Interview,1.0,34,Not Available,1754,95,No,No,9,3
1264,Dinesh Negi,Male,23,2021,Bangalore University,MBA,Marketing,7.41,1,Yes,No,2,4,Communication | Kotlin | Flutter | MongoDB | Deep Learning,Internshala,NIIT Technologies,Automotive,SEO Analyst,Internship,Kolkata,2022-08-18,HR Interview,2.0,8,Not Available,1901,69,Not Available,No,6,1
1265,Chitra Porwal,Female,23,2020,IIIT Allahabad,M.Tech,Software Engineering,7.44,0,No,No,2,5,Django | Scala | JavaScript | Git | Kotlin,Cutshort,PolicyBazaar,Media & Entertainment,Embedded Engineer,Internship,Visakhapatnam,2021-06-11,Shortlisted,Not Available,14,Not Available,353,63,Not Available,No,7,1
1266,Darshan Saxena,Male,23,2022,SRM University Chennai,B.Com,Finance,5.84,2,No,Yes,4,1,Machine Learning | JavaScript | Spark | Problem Solving | Flutter,LinkedIn,Uber India,Consulting,Sales Executive,Internship,Chandigarh,2023-07-13,Technical Interview,1.0,27,Not Available,813,94,No,No,5,1
1270,Xander Desai,Male,24,2021,Anna University Chennai,MCA,Computer Applications,9.61,2,No,Yes,5,0,PyTorch | JavaScript,Campus Placement,Goldman Sachs,Automotive,Network Engineer,Part-time,Delhi NCR,2021-04-16,Shortlisted,Not Available,23,Not Available,493,80,Not Available,No,5,0
1276,Aditya Oberoi,Male,23,2021,IIT Bombay,BCA,Computer Applications,6.61,2,No,No,3,0,Kotlin | Spring Boot | Java | Teamwork | AWS,Unstop,MakeMyTrip,Logistics,Android Developer,Contract,Mysuru,2024-04-23,HR Interview,4.0,32,Not Available,2670,100,Not Available,No,3,3
1277,Bindiya Garg,Female,20,2024,SRMIST Chennai,M.Tech,VLSI,9.38,0,Yes,No,1,2,Java | Tableau,Campus Placement,Tech Mahindra,FinTech,Marketing Analyst,Part-time,Bengaluru,2024-11-09,Technical Interview,2.0,39,Not Available,2977,86,Not Available,No,3,0
1278,Brijesh Trivedi,Male,25,2022,NIT Warangal,MCA,Computer Applications,6.8,0,No,No,4,4,GraphQL | Deep Learning | Swift,Freshersworld,Tiger Analytics,FinTech,Database Administrator,Contract,Vadodara,2024-12-31,Applied,Not Available,36,Not Available,1356,99,Not Available,No,8,2
1281,Payal Kapoor,Female,21,2021,PES University Bangalore,B.Tech,Data Science,9.6,2,Yes,No,2,4,Cybersecurity | Kubernetes | Problem Solving | Machine Learning,LinkedIn,Persistent Systems,Automotive,HR Executive,Full-time,Kolkata,2022-01-22,HR Interview,4.0,21,Not Available,2558,59,No,Yes,6,1
1283,Kamlesh Subramaniam,Male,27,2020,Kalinga University,B.Sc (CS),Computer Science,6.47,0,No,Yes,0,4,Kubernetes | Teamwork | MATLAB,Indeed,Bosch India,E-commerce,Content Writer,Full-time,Chennai,2023-06-23,HR Interview,4.0,38,Not Available,1783,70,Not Available,No,4,3
1286,Omna Krishnan,Female,20,2021,HBTU Kanpur,BCA,Computer Applications,6.76,2,No,Yes,5,1,Teamwork | AWS | SQL | C++,Indeed,IBM India,AgriTech,Data Analyst,Internship,Gurugram,2023-03-21,Applied,Not Available,1,Not Available,2626,73,Not Available,Yes,6,2
1289,Neeraj Chatterjee,Male,24,2022,Bangalore University,B.Com,Accounting,9.68,0,No,No,6,5,Problem Solving | MongoDB | Laravel,Internshala,HCL Technologies,Telecom,Sales Executive,Internship,Bhubaneswar,2022-10-01,HR Interview,1.0,3,Not Available,1065,95,Not Available,No,11,0
1291,Arnav Patel,Male,22,2020,JNTUH Hyderabad,M.Tech,Computer Science,8.95,1,No,No,1,0,Kubernetes | MATLAB | Scala | Networking,Naukri,HDFC Bank,Logistics,HR Executive,Full-time,Bhubaneswar,2021-03-15,Shortlisted,Not Available,34,Not Available,2950,92,Not Available,No,1,1
1293,Jignesh Patel,Male,24,2020,IIT Delhi,B.Sc (IT),Information Technology,7.34,0,No,Yes,2,1,AWS | Leadership | Teamwork | Swift | JavaScript,Cutshort,Fractal Analytics,Telecom,Business Analyst,Full-time,Bengaluru,2021-08-29,Online Assessment,Not Available,30,Not Available,106,69,Not Available,No,3,1
1295,Shivam Oswal,Male,22,2022,IIIT Bangalore,B.Tech,Information Technology,9.35,0,Yes,No,1,0,Flutter | Figma,HackerEarth,Samsung India,EdTech,Backend Developer,Full-time,Noida,2023-01-02,Technical Interview,2.0,24,Not Available,446,87,Not Available,No,1,1
1296,Tushar Verma,Male,27,2020,IIT Delhi,B.Sc (CS),Computer Science,6.59,3,No,No,1,2,MATLAB | Kotlin | Leadership | Java | Linux,Naukri,Mindtree,E-commerce,HR Executive,Full-time,Remote,2024-10-07,Applied,Not Available,8,Not Available,349,76,Not Available,No,3,4
1298,Harsh Saxena,Male,26,2020,BITS Pilani,MCA,Computer Applications,9.83,2,No,No,5,4,Problem Solving | Cybersecurity | Azure | PyTorch,Campus Placement,Amazon India,Retail,Cloud Engineer,Part-time,Jaipur,2022-10-07,Applied,Not Available,21,Not Available,2242,64,Not Available,No,9,2
1299,Darshan Walia,Male,25,2020,PES University Bangalore,B.E.,Mechanical,9.33,2,No,Yes,1,1,Kubernetes | Ruby on Rails | Django,Unstop,Bajaj Finserv,Retail,Data Analyst,Internship,Mysuru,2024-07-11,Shortlisted,Not Available,42,Not Available,752,87,Not Available,No,2,4
1301,Amit Joshi,Male,26,2020,KIIT Bhubaneswar,BBA,Marketing,7.26,3,No,No,3,2,Excel | Swift | REST APIs | GraphQL,Naukri,Mphasis,Logistics,SEO Analyst,Full-time,Indore,2021-02-12,Online Assessment,Not Available,9,Not Available,546,56,Not Available,No,5,1
1302,Brijesh Pandey,Male,25,2022,IIM Bangalore,MBA,Strategy,6.39,3,Yes,No,0,4,Azure | Hive | Cybersecurity,Naukri,HCL Technologies,Telecom,Sales Executive,Full-time,Pune,2023-01-09,Technical Interview,1.0,7,Not Available,2944,85,Not Available,No,4,1
1303,Kavya Menon,Female,22,2022,IIT Kharagpur,B.Sc (CS),Computer Science,6.61,2,No,No,3,4,Azure | MATLAB | Tableau | Figma,LinkedIn,PolicyBazaar,Automotive,Recruiter,Full-time,Kochi,2022-06-22,Shortlisted,Not Available,20,Not Available,2526,99,No,No,7,0
1304,Varsha Ramachandran,Female,21,2021,IIIT Allahabad,B.Sc (CS),Computer Science,7.72,2,No,No,6,1,Networking | SQL | PHP | Power BI | AWS,Referral,Citi India,IT/Software,Frontend Developer,Full-time,Kolkata,2023-03-19,Offer,3.0,31,385624.0,1637,61,Not Available,No,7,2
1305,Devika Shukla,Female,20,2022,Osmania University Hyderabad,MCA,Computer Applications,8.49,0,Yes,No,1,4,MongoDB | Java,Naukri,PhonePe,Media & Entertainment,SEO Analyst,Internship,Lucknow,2024-05-20,Applied,Not Available,31,Not Available,2711,73,Not Available,No,5,2
1306,Mohit Tiwari,Male,22,2023,Nirma University Ahmedabad,MCA,Computer Applications,7.67,2,No,No,2,5,Excel | Power BI | Hive | REST APIs,LinkedIn,PhonePe,Media & Entertainment,QA Engineer,Full-time,Kolkata,2024-05-30,Shortlisted,Not Available,38,Not Available,816,60,No,No,7,1
1308,Vikram Chopra,Male,25,2020,DTU Delhi,BBA,Marketing,9.29,3,No,No,1,0,Spark | Kotlin | Data Analysis,Referral,Citi India,Banking & Finance,Database Administrator,Full-time,Jaipur,2021-04-16,Rejected,3.0,11,Not Available,2853,99,Not Available,No,1,1
1309,Itisha Gupta,Female,22,2023,PES University Bangalore,B.Tech,Computer Science,8.23,3,No,Yes,5,5,Node.js | Machine Learning | MongoDB | PHP | GraphQL,Campus Placement,Citi India,Manufacturing,Frontend Developer,Full-time,Remote,2024-12-03,Shortlisted,Not Available,27,Not Available,204,63,Not Available,No,10,1
1310,Ishan Walia,Male,27,2022,BITS Pilani,M.Tech,AI/ML,7.5,0,No,Yes,6,4,Figma | Python,Referral,Samsung India,Banking & Finance,QA Engineer,Full-time,Chennai,2022-07-27,Applied,Not Available,15,Not Available,148,58,Not Available,No,10,0
1311,Riddhi Venkatesh,Female,25,2024,SRMIST Chennai,M.Tech,AI/ML,7.03,2,No,Yes,2,4,Teamwork | Docker,LinkedIn,Lenskart,E-commerce,Digital Marketing Executive,Full-time,Kochi,2024-06-27,Shortlisted,Not Available,26,Not Available,574,83,Yes,No,6,0
1313,Piyush Ghosh,Male,24,2020,IIIT Allahabad,B.Com,Finance,8.02,3,No,No,6,5,Laravel | Git | Selenium | Problem Solving,Unstop,Google India,IT/Software,Finance Analyst,Internship,Kochi,2023-07-27,Technical Interview,5.0,28,Not Available,1236,60,Not Available,No,11,3
1314,Raghav Ghosh,Male,25,2021,IIIT Bangalore,M.Tech,Computer Science,5.83,1,No,Yes,6,0,Cybersecurity | Problem Solving | Kubernetes | MATLAB | R,Unstop,Razorpay,HealthTech,ML Engineer,Contract,Bhopal,2024-01-25,Applied,Not Available,29,Not Available,61,73,Not Available,Yes,6,3
1315,Khushi Khanna,Female,25,2020,IIM Bangalore,B.Com,Accounting,7.18,1,No,No,4,1,Power BI | R,Apna,Zoho,Telecom,DevOps Engineer,Contract,Bhubaneswar,2023-10-14,Applied,Not Available,24,Not Available,1644,85,Not Available,No,5,3
1316,Girish Desai,Prefer not to say,20,2020,Christ University Bangalore,MBA,Operations,8.47,2,No,Yes,1,1,Deep Learning | Docker | Spring Boot | Java,LinkedIn,Infosys,AgriTech,HR Executive,Contract,Lucknow,2022-03-12,Shortlisted,Not Available,39,Not Available,239,99,No,Yes,2,2
1318,Ruhi Verma,Female,27,2022,Pune University,B.Sc (CS),Computer Science,8.02,0,No,No,6,3,Flutter | Linux | REST APIs,Indeed,Amazon India,Manufacturing,Digital Marketing Executive,Full-time,Nagpur,2022-09-09,Offer,1.0,17,590823.0,1584,87,Not Available,No,9,0
1319,Eshan Swamy,Male,27,2022,IIT Roorkee,B.Sc (IT),Information Technology,7.7,2,No,No,2,0,Deep Learning | PyTorch | Excel | Bash Scripting | Communication,Cutshort,Unacademy,Banking & Finance,Android Developer,Full-time,Kolkata,2022-03-25,Online Assessment,Not Available,38,Not Available,2196,65,Not Available,Yes,2,0
1322,Jatin Bhatnagar,Male,22,2020,NSUT Delhi,MBA,Finance,6.79,3,No,No,4,3,REST APIs | Django | Teamwork,HackerEarth,Razorpay,E-commerce,Software Engineer,Full-time,Mysuru,2024-12-04,Online Assessment,Not Available,45,Not Available,216,81,Not Available,No,7,4
1327,Twinkle Joshi,Female,21,2020,BITS Goa,M.Tech,Computer Science,8.23,0,No,No,2,5,Python | Data Analysis | Laravel,IIMJobs,Delhivery,E-commerce,Full Stack Developer,Contract,Hyderabad,2023-01-19,Technical Interview,3.0,37,Not Available,219,95,Not Available,No,7,3
1329,Vishal Joshi,Male,27,2022,Mumbai University,BBA,Finance,5.79,2,No,Yes,2,4,Data Analysis | Kubernetes | JavaScript | Swift,Naukri,TCS,FinTech,Database Administrator,Internship,Patna,2022-05-21,Rejected,5.0,33,Not Available,271,92,Not Available,No,6,0
1330,Alpana Gupta,Female,22,2022,Anna University Chennai,B.Tech,Information Technology,9.68,1,Yes,No,0,3,SQL | R | Ruby on Rails | Deep Learning | Tableau,Cutshort,Axis Bank,E-commerce,Systems Engineer,Part-time,Nagpur,2024-07-13,Technical Interview,4.0,32,Not Available,1836,77,Not Available,No,3,2
1332,Nidhi Sodhi,Female,23,2024,IIT Kharagpur,MCA,Computer Applications,7.63,2,No,No,6,3,Data Analysis | Excel | Bash Scripting | TypeScript | React,Campus Placement,Cognizant,EdTech,QA Engineer,Contract,Vadodara,2024-05-14,Applied,Not Available,29,Not Available,1469,93,Not Available,No,9,0
1334,Onkar Majumdar,Male,21,2022,BITS Hyderabad,BCA,Computer Applications,8.34,3,No,Yes,3,3,Git | Machine Learning | REST APIs,Internshala,Groww,Telecom,Recruiter,Full-time,Mysuru,2023-09-15,Applied,Not Available,39,Not Available,944,67,Not Available,No,6,1
1337,Ojaswini Bhatnagar,Female,26,2020,IIT Madras,B.Sc (CS),Computer Science,7.51,2,No,No,3,5,PHP | Communication | Hive | AWS,LinkedIn,Zoho,E-commerce,Digital Marketing Executive,Full-time,Delhi NCR,2022-06-28,Shortlisted,Not Available,31,Not Available,2457,95,No,No,8,2
1338,Gaurav Naik,Male,27,2023,Chandigarh University,B.Tech,Information Technology,5.82,1,No,Yes,0,1,C++ | Laravel | React | Power BI | Swift,LinkedIn,Razorpay,Banking & Finance,Software Engineer,Internship,Kolkata,2023-01-11,Technical Interview,5.0,10,Not Available,1325,97,Yes,No,1,0
1340,Jay Goyal,Male,24,2023,IIIT Hyderabad,MCA,Computer Applications,8.23,1,No,No,0,5,Excel | PHP | PyTorch | Flutter,LinkedIn,Mphasis,Media & Entertainment,Software Engineer,Full-time,Jaipur,2024-04-01,Applied,Not Available,41,Not Available,1799,65,No,No,5,1
1341,Onkar Shah,Male,23,2021,Mumbai University,M.Tech,Data Science,7.7,2,No,No,4,5,Kotlin | JavaScript | Networking,Cutshort,BigBasket,E-commerce,DevOps Engineer,Internship,Mysuru,2022-05-09,Applied,Not Available,17,Not Available,1813,81,Not Available,No,9,1
1342,Varun Garg,Male,26,2020,PES University Bangalore,B.Tech,Electrical Engineering,9.42,3,No,No,3,5,Spark | Machine Learning | Problem Solving | Communication | Hadoop,Referral,JPMorgan India,IT/Software,Systems Engineer,Full-time,Bhubaneswar,2024-08-24,Technical Interview,4.0,40,Not Available,1525,60,Not Available,No,8,4
1343,Dimple Majumdar,Female,21,2021,HBTU Kanpur,B.Sc (IT),Information Technology,5.71,1,No,Yes,0,4,Laravel | Java | MongoDB,Naukri,Uber India,HealthTech,Embedded Engineer,Full-time,Delhi NCR,2021-10-04,Technical Interview,2.0,14,Not Available,2073,86,Not Available,No,4,0
1344,Usha Jain,Female,20,2020,Nirma University Ahmedabad,BCA,Computer Applications,9.69,0,Yes,Yes,4,2,Java | Python | Hive,LinkedIn,Microsoft India,Manufacturing,Backend Developer,Full-time,Kolkata,2022-05-12,Offer,1.0,41,764164.0,2858,68,No,No,6,2
1345,Harini Verma,Female,22,2023,IIT Madras,BCA,Computer Applications,6.05,3,No,Yes,0,1,Hadoop | Java | Tableau | SQL,Cutshort,Delhivery,Telecom,Android Developer,Full-time,Visakhapatnam,2024-11-29,Technical Interview,5.0,1,Not Available,2913,55,Not Available,No,1,1
1346,Meera Biswas,Female,26,2022,XLRI Jamshedpur,B.Sc (CS),Computer Science,9.73,2,No,Yes,1,4,MongoDB | Django | React | Git | Leadership,AngelList,Qualcomm India,Consulting,UX Designer,Full-time,Bhopal,2024-07-06,Applied,Not Available,45,Not Available,2312,83,Not Available,Yes,5,2
1348,Chitra Arora,Female,25,2021,Kalinga University,M.Tech,VLSI,6.22,1,No,Yes,1,0,MongoDB | SQL | Figma,Indeed,Bajaj Finserv,Media & Entertainment,Product Manager,Full-time,Patna,2022-03-17,Applied,Not Available,25,Not Available,2073,98,Not Available,Yes,1,1
1351,Eklavya Ghosh,Male,20,2021,IIM Ahmedabad,M.Tech,Software Engineering,6.63,3,No,Yes,0,4,Java | Scala | Selenium,Naukri,Intel India,AgriTech,Data Analyst,Full-time,Surat,2022-04-21,Shortlisted,Not Available,1,Not Available,394,86,Not Available,No,4,1
1352,Arnav Grewal,Male,27,2021,Osmania University Hyderabad,BCA,Computer Applications,8.04,0,No,No,1,1,Django | SQL,LinkedIn,Zoho,Banking & Finance,Content Writer,Full-time,Bengaluru,2023-05-25,Rejected,1.0,25,Not Available,2237,56,Yes,No,2,2
1353,Mayank Garg,Male,20,2023,Mumbai University,B.E.,Computer Science,8.53,2,No,No,0,5,REST APIs | JavaScript,Cutshort,Barclays India,Retail,Marketing Analyst,Contract,Bhopal,2024-03-06,Shortlisted,Not Available,33,Not Available,2327,80,Not Available,No,5,1
1354,Nisha Pandey,Female,24,2020,IIIT Allahabad,BBA,Business Administration,6.89,2,No,Yes,1,4,TypeScript | JavaScript,Monster,Microsoft India,FinTech,SEO Analyst,Full-time,Jaipur,2024-12-01,Shortlisted,Not Available,45,Not Available,1697,84,Not Available,No,5,4
1355,Puja Chaudhary,Female,22,2022,Symbiosis Pune,MCA,Computer Applications,5.93,0,No,No,3,3,Docker | React | Kotlin | REST APIs,HackerEarth,Cognizant,E-commerce,Digital Marketing Executive,Full-time,Kolkata,2024-02-11,Applied,Not Available,23,Not Available,992,74,Not Available,No,6,2
1358,Arnav Anand,Male,22,2021,DTU Delhi,B.Sc (CS),Computer Science,9.88,1,No,No,0,3,JavaScript | SQL | PyTorch,Indeed,Goldman Sachs,HealthTech,Systems Engineer,Full-time,Noida,2024-11-16,Offer,3.0,24,346328.0,1681,99,Not Available,No,3,3
1359,Utsav Menon,Male,26,2021,IIM Bangalore,B.Com,Finance,7.39,1,No,No,2,2,Django | Bash Scripting | MongoDB | Cybersecurity,Monster,Texas Instruments India,EdTech,Cloud Engineer,Part-time,Pune,2021-06-22,Applied,Not Available,30,Not Available,1440,71,Not Available,No,4,0
1362,Brijesh Soni,Male,22,2022,Mumbai University,B.Sc (CS),Computer Science,5.62,0,No,Yes,2,1,Laravel | Hive | MATLAB | Spring Boot | Machine Learning,Naukri,Accenture,AgriTech,Android Developer,Full-time,Noida,2024-07-18,Shortlisted,Not Available,28,Not Available,1773,92,Not Available,No,3,2
1363,Kirti Dixit,Female,26,2021,JNTUH Hyderabad,M.Tech,AI/ML,8.23,1,No,No,4,3,Spring Boot | Docker,LinkedIn,Deloitte,AgriTech,Systems Engineer,Full-time,Delhi NCR,2022-12-18,Online Assessment,Not Available,7,Not Available,490,65,No,Yes,7,1
1364,Kunal Majumdar,Prefer not to say,20,2020,Manipal Institute of Technology,B.Tech,Mechanical Engineering,9.6,3,No,No,4,4,Flutter | Power BI | Hive | AWS | MongoDB,Glassdoor,Capgemini,Retail,Finance Analyst,Part-time,Noida,2024-12-08,Technical Interview,4.0,19,Not Available,627,78,Not Available,Yes,8,4
1368,Eklavya Bhatnagar,Male,21,2021,IIT Kanpur,B.Tech,Electronics & Communication,7.75,1,No,No,3,2,SQL | PHP | Java | AWS,Referral,Bajaj Finserv,Automotive,Product Manager,Full-time,Chandigarh,2024-05-27,Technical Interview,2.0,21,Not Available,1710,78,Not Available,No,5,3
1372,Ekta Pandey,Female,24,2023,IIT Roorkee,B.Sc (IT),Information Technology,8.75,1,Yes,Yes,2,1,TensorFlow | Tableau,LinkedIn,Mu Sigma,Banking & Finance,Business Analyst,Full-time,Nagpur,2023-12-13,Online Assessment,Not Available,29,Not Available,639,88,Yes,No,3,0
1375,Varsha Mathur,Female,24,2022,Amity University Noida,B.Sc (IT),Information Technology,8.28,0,No,No,4,0,Linux | Communication | Data Analysis | Kubernetes,HackerEarth,Swiggy,Banking & Finance,Digital Marketing Executive,Full-time,Indore,2024-07-02,Applied,Not Available,21,Not Available,1571,68,Not Available,No,4,2
1378,Falguni Negi,Female,22,2024,Manipal Institute of Technology,B.Com,Finance,8.21,0,No,No,5,4,Hadoop | Kubernetes | Node.js | Spring Boot,Cutshort,L&T Infotech,Automotive,Sales Executive,Full-time,Vadodara,2024-12-05,Online Assessment,Not Available,21,Not Available,1662,97,Not Available,No,9,0
1379,Falguni Patil,Prefer not to say,25,2021,SRM University Chennai,BBA,Business Administration,5.64,0,No,Yes,6,1,Swift | Laravel | Django | Docker | Communication,Indeed,TCS,FinTech,Business Analyst,Full-time,Nagpur,2023-09-27,Online Assessment,Not Available,23,Not Available,234,62,Not Available,No,7,2
1380,Yogesh Mehta,Male,23,2023,NSUT Delhi,BCA,Computer Applications,9.57,1,No,No,0,5,R | React | REST APIs | Kotlin,Monster,Tech Mahindra,AgriTech,Android Developer,Full-time,Noida,2024-12-06,Offer,2.0,44,294976.0,1066,61,Not Available,No,5,1
1382,Riddhi Bajaj,Female,21,2022,Amity University Noida,M.Tech,Computer Science,8.62,2,No,No,0,3,Ruby on Rails | GraphQL | Teamwork | C++ | TypeScript,Naukri,Axis Bank,Consulting,Cloud Engineer,Full-time,Bengaluru,2022-12-01,Online Assessment,Not Available,24,Not Available,1334,62,Not Available,No,3,0
1385,Dhruv Anand,Male,20,2020,NSUT Delhi,MCA,Computer Applications,9.88,0,No,No,3,1,MATLAB | Scala | Java | PHP | Django,Cutshort,HDFC Bank,FinTech,Finance Analyst,Full-time,Pune,2021-12-22,Applied,Not Available,27,Not Available,822,77,Not Available,No,4,1
1386,Mohit Subramaniam,Male,27,2022,Thapar University,BBA,Finance,6.25,2,No,Yes,2,0,Excel | Cybersecurity,LinkedIn,Nykaa,IT/Software,DevOps Engineer,Internship,Gurugram,2023-12-09,Applied,Not Available,29,Not Available,1297,99,No,No,2,1
1387,Bhavna Arora,Female,23,2022,XLRI Jamshedpur,MCA,Computer Applications,6.02,1,Yes,Yes,4,0,MATLAB | Bash Scripting | Networking | GraphQL | Docker,Internshala,Mu Sigma,E-commerce,iOS Developer,Full-time,Jaipur,2022-02-14,Rejected,2.0,43,Not Available,312,100,Not Available,Yes,4,0
1389,Vandana Gupta,Female,23,2023,Lovely Professional University,B.Sc (CS),Computer Science,8.35,1,No,Yes,1,1,Cybersecurity | Docker | AWS | Linux,Indeed,L&T Infotech,Consulting,QA Engineer,Part-time,Visakhapatnam,2024-07-17,Shortlisted,Not Available,16,Not Available,273,78,Not Available,No,2,1
1390,Siddharth Dey,Male,21,2021,SRMIST Chennai,MCA,Computer Applications,6.18,2,No,No,4,2,Networking | Hadoop | Flutter,Naukri,Groww,E-commerce,Recruiter,Full-time,Vadodara,2021-06-01,Shortlisted,Not Available,18,Not Available,2454,84,Not Available,No,6,0
1391,Parth Mishra,Male,23,2023,Osmania University Hyderabad,B.E.,Civil,9.36,3,No,Yes,4,1,Bash Scripting | Spring Boot | SQL,Campus Placement,Siemens India,Logistics,Cloud Engineer,Internship,Visakhapatnam,2024-09-26,Offer,3.0,9,37142.0,2354,74,Not Available,No,5,1
1394,Leena Jain,Female,21,2020,NIT Trichy,B.Tech,Electrical Engineering,7.28,3,No,Yes,1,0,Scala | Selenium | Power BI,Naukri,JPMorgan India,Retail,ML Engineer,Contract,Indore,2023-01-11,Shortlisted,Not Available,1,Not Available,1934,95,Not Available,Yes,1,3
1397,Eshan Khanna,Male,21,2022,IIEST Shibpur,M.Tech,Computer Science,5.68,0,No,No,0,3,PHP | Flutter | Git,Naukri,Lenskart,FinTech,Data Scientist,Full-time,Gurugram,2023-10-14,Shortlisted,Not Available,26,Not Available,2394,69,Not Available,No,3,1
1398,Shreya Jain,Female,24,2020,NIT Calicut,B.E.,Electrical,7.89,3,No,No,1,0,Python | Kubernetes | Leadership,LinkedIn,JPMorgan India,Logistics,Technical Support Engineer,Internship,Chandigarh,2024-07-14,Applied,Not Available,6,Not Available,2437,96,Yes,No,1,4
1399,Priya Oswal,Female,24,2021,HBTU Kanpur,BBA,Finance,5.78,1,No,Yes,4,5,Networking | MATLAB,Naukri,PhonePe,EdTech,Cybersecurity Analyst,Full-time,Bhopal,2024-10-23,Shortlisted,Not Available,30,Not Available,1644,82,Not Available,Yes,9,3
1400,Gargi Sundaram,Female,25,2020,NIT Surathkal,B.Sc (IT),Information Technology,8.41,3,No,No,2,2,Java | PHP | SQL,Internshala,Mu Sigma,EdTech,Frontend Developer,Internship,Visakhapatnam,2024-09-22,Applied,Not Available,40,Not Available,2852,83,Not Available,No,4,4
1401,Piyush Desai,Male,22,2020,DTU Delhi,B.E.,Mechanical,9.7,0,No,Yes,1,0,Kotlin | Flutter,Indeed,Tata Steel,Telecom,Content Writer,Full-time,Bhopal,2023-10-08,Applied,Not Available,9,Not Available,2934,97,Not Available,No,1,3
1402,Shreya Naik,Female,20,2021,RV College Bangalore,M.Tech,AI/ML,9.12,2,Yes,No,6,1,MATLAB | Python | Excel,Indeed,Mindtree,Telecom,Embedded Engineer,Full-time,Hyderabad,2024-05-02,Offer,2.0,18,427993.0,2495,85,Not Available,No,7,3
1403,Kartik Biswas,Male,21,2021,Thapar University,B.Sc (IT),Information Technology,7.64,2,No,Yes,5,2,Power BI | Selenium | Kubernetes | Deep Learning,Naukri,Qualcomm India,FinTech,Product Manager,Internship,Surat,2023-12-26,Applied,Not Available,21,Not Available,621,81,Not Available,No,7,2
1404,Omna Joshi,Female,21,2024,Lovely Professional University,B.E.,Computer Science,9.19,2,No,No,1,1,React | Git | REST APIs | Figma,Naukri,Fractal Analytics,Telecom,Data Analyst,Internship,Mumbai,2024-09-15,Shortlisted,Not Available,35,Not Available,87,93,Not Available,No,2,0
1405,Ravi Nair,Male,23,2022,IIIT Hyderabad,MBA,Strategy,5.77,3,No,No,0,1,Cybersecurity | Kubernetes | Spring Boot | Data Analysis,Cutshort,Nykaa,FinTech,Cybersecurity Analyst,Internship,Ahmedabad,2022-09-08,Technical Interview,4.0,24,Not Available,616,72,Not Available,No,1,0
1408,Deepak Lal,Male,22,2021,Osmania University Hyderabad,BBA,Finance,5.91,1,No,No,1,4,TensorFlow | Deep Learning,Naukri,JPMorgan India,AgriTech,Database Administrator,Full-time,Surat,2023-01-09,Applied,Not Available,24,Not Available,1189,59,Not Available,No,5,2
1409,Chetna Murthy,Female,23,2020,Manipal Institute of Technology,B.Tech,Computer Science,9.51,2,No,Yes,1,4,Figma | Kotlin | Data Analysis,Naukri,Qualcomm India,AgriTech,UX Designer,Full-time,Bhopal,2024-04-01,Offer,5.0,25,823218.0,1525,83,Not Available,Yes,5,4
1410,Simran Bhatia,Female,22,2020,NIT Surathkal,BCA,Computer Applications,5.77,3,No,No,4,2,Leadership | Hive | Excel | Teamwork | Selenium,Naukri,Upstox,AgriTech,SEO Analyst,Contract,Chennai,2022-03-08,Applied,Not Available,11,Not Available,1530,89,Not Available,No,6,2
1411,Ekansh Sodhi,Male,24,2023,IIIT Bangalore,B.Sc (CS),Computer Science,6.44,3,No,Yes,4,2,C++ | SQL | Kotlin | Machine Learning | Cybersecurity,Naukri,Freshworks,Retail,Systems Engineer,Full-time,Kolkata,2024-12-06,Rejected,3.0,20,Not Available,2543,58,Not Available,No,6,1
1414,Vijay Sethi,Male,25,2021,COEP Pune,BBA,Business Administration,9.59,3,No,Yes,2,2,Java | PyTorch,Naukri,Cure.fit,Retail,Cybersecurity Analyst,Full-time,Nagpur,2022-03-29,Offer,2.0,5,404666.0,1813,77,Not Available,Yes,4,1
1415,Vandana Das,Female,23,2024,Symbiosis Pune,B.Sc (CS),Computer Science,6.7,2,No,Yes,0,0,MATLAB | REST APIs,HackerEarth,Angel One,Manufacturing,Software Engineer,Full-time,Mysuru,2024-09-11,Applied,Not Available,23,Not Available,2666,56,Not Available,No,0,0
1416,Varun Patil,Male,25,2021,VIT Vellore,B.Sc (CS),Computer Science,7.75,0,No,No,2,2,Cybersecurity | React | Machine Learning | TypeScript,Glassdoor,BYJU's,HealthTech,Systems Engineer,Internship,Chennai,2021-11-17,Applied,Not Available,12,Not Available,2129,97,Not Available,No,4,0
1418,Amit Desai,Male,22,2022,IIT Madras,BCA,Computer Applications,6.63,3,No,No,1,4,Flutter | Leadership | JavaScript,HackerEarth,ICICI Bank,Telecom,Android Developer,Full-time,Noida,2022-03-08,Online Assessment,Not Available,38,Not Available,1139,64,Not Available,No,5,0
1419,Hema Sundaram,Female,20,2021,VIT Vellore,B.Tech,Electrical Engineering,8.38,0,No,Yes,1,1,Flutter | Git,Campus Placement,L&T Infotech,IT/Software,Systems Engineer,Internship,Mysuru,2023-11-13,Offer,3.0,7,29652.0,1420,92,Not Available,Yes,2,2
1422,Tushar Pillai,Male,22,2022,XLRI Jamshedpur,BCA,Computer Applications,5.52,1,No,No,0,3,AWS | TensorFlow,Unstop,L&T Infotech,Telecom,QA Engineer,Full-time,Vadodara,2023-06-01,Shortlisted,Not Available,19,Not Available,2339,58,Not Available,No,3,1
1424,Ekansh Murthy,Male,25,2021,NIT Warangal,BBA,HR,9.46,2,No,Yes,0,2,Networking | Teamwork | REST APIs | Docker | Problem Solving,AngelList,MakeMyTrip,Logistics,SEO Analyst,Internship,Bhopal,2021-03-17,Applied,Not Available,38,Not Available,2572,57,Not Available,No,2,0
1425,Keshav Nair,Male,24,2022,IIM Calcutta,MCA,Computer Applications,8.09,3,No,Yes,6,0,MATLAB | Communication | Java,Naukri,Nykaa,Consulting,Cybersecurity Analyst,Contract,Patna,2024-04-03,Applied,Not Available,4,Not Available,2175,56,Not Available,No,6,2
1427,Ekta Roy,Female,26,2023,BITS Pilani,BCA,Computer Applications,6.97,3,No,No,0,4,GraphQL | MongoDB | Machine Learning,Referral,Zerodha,Manufacturing,Recruiter,Internship,Noida,2024-03-28,Rejected,1.0,38,Not Available,312,94,Not Available,No,4,1
1430,Sagar Subramaniam,Male,22,2022,BITS Pilani,BBA,HR,8.6,3,No,No,2,2,Networking | Django | Flutter | REST APIs | Ruby on Rails,AngelList,Goldman Sachs,Logistics,Embedded Engineer,Contract,Mumbai,2024-12-06,Shortlisted,Not Available,38,Not Available,2900,64,Not Available,No,4,2
1432,Ishaan Krishnan,Male,20,2023,BITS Pilani,BCA,Computer Applications,8.09,3,Yes,Yes,5,2,PyTorch | Leadership,LinkedIn,Delhivery,E-commerce,Sales Executive,Internship,Bengaluru,2024-11-09,Shortlisted,Not Available,33,Not Available,2293,95,Yes,No,7,1
1433,Ritesh Trivedi,Male,22,2023,IIT Madras,BCA,Computer Applications,6.9,0,No,No,1,4,Git | Flutter,Naukri,Fractal Analytics,HealthTech,Digital Marketing Executive,Full-time,Jaipur,2023-05-08,Applied,Not Available,19,Not Available,1622,84,Not Available,No,5,0
1434,Ekansh Mehta,Male,23,2023,Presidency University Kolkata,B.Tech,Electrical Engineering,8.62,0,No,No,2,0,TensorFlow | React | Tableau,Naukri,1mg,EdTech,Business Analyst,Part-time,Pune,2024-10-08,Applied,Not Available,28,Not Available,1622,83,Not Available,No,2,1
1435,Parth Bhatia,Prefer not to say,20,2022,VIT Vellore,BCA,Computer Applications,6.21,0,No,Yes,4,2,Docker | Power BI | Linux,LinkedIn,Groww,Media & Entertainment,Operations Analyst,Contract,Bhopal,2024-02-01,Technical Interview,1.0,24,Not Available,2319,59,No,No,6,2
1436,Urvashi Hegde,Female,22,2020,VIT Vellore,MCA,Computer Applications,9.36,3,No,Yes,2,1,MongoDB | Git | Java | Selenium | Python,WorkIndia,Bajaj Finserv,Logistics,Marketing Analyst,Contract,Bengaluru,2023-01-16,Rejected,4.0,11,Not Available,2601,78,Not Available,Yes,3,3
1437,Uma Bansal,Female,21,2021,Nirma University Ahmedabad,B.Sc (CS),Computer Science,9.68,3,No,No,2,4,Hadoop | Azure | TensorFlow | Tableau | Git,Indeed,Tech Mahindra,Consulting,Android Developer,Full-time,Mysuru,2022-12-10,Applied,Not Available,6,Not Available,2026,92,Not Available,No,6,1
1439,Kamlesh Mukherjee,Male,25,2021,BITS Hyderabad,BCA,Computer Applications,9.31,2,No,No,0,5,Python | SQL,Naukri,Flipkart,E-commerce,Sales Executive,Internship,Delhi NCR,2024-06-14,Online Assessment,Not Available,18,Not Available,228,90,Not Available,No,5,3
1442,Zara Mukherjee,Female,27,2023,Nirma University Ahmedabad,B.Sc (IT),Information Technology,7.78,1,No,No,2,4,TensorFlow | Machine Learning | JavaScript,Indeed,Barclays India,Automotive,Network Engineer,Internship,Noida,2024-04-12,Rejected,4.0,21,Not Available,2502,59,Not Available,No,6,1
1443,Raghav Das,Male,20,2021,VIT Vellore,B.E.,Mechanical,8.85,2,No,No,3,5,PyTorch | TensorFlow,Naukri,Zerodha,Logistics,Full Stack Developer,Full-time,Gurugram,2024-03-22,Technical Interview,5.0,4,Not Available,1291,70,Not Available,No,8,3
1444,Mansi Bansal,Female,21,2023,Anna University Chennai,MBA,Finance,7.88,1,No,No,4,2,AWS | Power BI | Java,Indeed,Razorpay,HealthTech,Digital Marketing Executive,Internship,Lucknow,2023-09-29,Shortlisted,Not Available,7,Not Available,813,81,Not Available,Yes,6,0
1445,Onkar Bisht,Male,25,2023,Manipal Institute of Technology,MBA,Business Analytics,7.29,0,No,No,1,4,Teamwork | C++ | PHP,Naukri,Barclays India,Logistics,Content Writer,Contract,Pune,2024-10-15,Technical Interview,5.0,33,Not Available,2222,77,Not Available,No,5,1
1449,Komal Verma,Female,20,2022,IIT Bombay,B.Com,Commerce,7.79,1,No,No,1,3,Node.js | Scala,Internshala,1mg,Media & Entertainment,Embedded Engineer,Internship,Bhubaneswar,2022-12-10,Technical Interview,2.0,13,Not Available,1207,64,Not Available,Yes,4,0
1450,Usha Kapoor,Female,22,2022,BITS Goa,MBA,Operations,7.65,1,No,Yes,3,5,JavaScript | Machine Learning | SQL | R,Campus Placement,Upstox,Manufacturing,Frontend Developer,Full-time,Gurugram,2023-12-14,Shortlisted,Not Available,3,Not Available,980,100,Not Available,No,8,1
1453,Utsav Verma,Male,23,2024,Mumbai University,BBA,Finance,9.01,2,No,No,5,0,Bash Scripting | Ruby on Rails,Naukri,Lenskart,E-commerce,ML Engineer,Contract,Jaipur,2024-07-14,Applied,Not Available,40,Not Available,1200,84,Not Available,No,5,0
1456,Wahida Rawat,Female,27,2021,Anna University Chennai,BCA,Computer Applications,7.68,2,No,No,4,3,Kubernetes | Bash Scripting | R | AWS | Spark,Naukri,Angel One,EdTech,SEO Analyst,Full-time,Chandigarh,2021-08-24,Shortlisted,Not Available,38,Not Available,1953,64,Not Available,No,7,0
1457,Ekansh Menon,Male,24,2021,SVNIT Surat,B.Sc (CS),Computer Science,6.54,3,No,No,5,3,Selenium | Excel | Communication | Networking | AWS,Naukri,L&T Infotech,Retail,SEO Analyst,Full-time,Mumbai,2022-02-28,Technical Interview,4.0,1,Not Available,1276,100,Not Available,No,8,1
1458,Sarika Sharma,Female,27,2023,IIT Roorkee,BCA,Computer Applications,9.8,3,Yes,No,4,4,Kotlin | Communication,Freshersworld,Coforge,Media & Entertainment,Operations Analyst,Internship,Nagpur,2024-10-01,Applied,Not Available,10,Not Available,419,84,Not Available,Yes,8,1
1459,Zara Naik,Female,25,2023,IIIT Hyderabad,B.Com,Finance,9.14,0,No,Yes,1,3,Bash Scripting | Azure | Django | Git,Internshala,Mindtree,Telecom,DevOps Engineer,Full-time,Bengaluru,2023-08-30,Rejected,5.0,6,Not Available,276,97,Not Available,No,4,0
1461,Raghav Kumar,Male,25,2020,BIT Mesra Ranchi,BBA,Finance,7.27,3,No,Yes,5,3,Spring Boot | Azure | Bash Scripting,Glassdoor,Accenture,Manufacturing,iOS Developer,Full-time,Noida,2021-04-26,Shortlisted,Not Available,30,Not Available,2967,96,Not Available,Yes,8,1
1462,Gopal Bose,Male,21,2021,JNTUH Hyderabad,MBA,Marketing,9.43,3,No,No,5,1,Django | Machine Learning | Kotlin | Hive | Hadoop,Naukri,Coforge,Telecom,QA Engineer,Full-time,Mumbai,2022-11-17,Shortlisted,Not Available,34,Not Available,2477,92,Not Available,No,6,1
1464,Lalit Murthy,Male,24,2020,Lovely Professional University,M.Tech,VLSI,5.88,1,No,No,4,2,Linux | Hive | Scala,Naukri,Mphasis,FinTech,Operations Analyst,Internship,Nagpur,2023-06-12,Technical Interview,2.0,24,Not Available,1426,90,Not Available,No,6,3
1466,Sonali Bhatia,Female,26,2022,NSUT Delhi,BCA,Computer Applications,7.87,2,No,No,3,2,Git | C++ | REST APIs | MATLAB,LinkedIn,Angel One,EdTech,Full Stack Developer,Internship,Hyderabad,2024-02-02,Rejected,4.0,44,Not Available,251,88,No,No,5,2
1470,Farhan Subramaniam,Male,23,2023,IIIT Hyderabad,MBA,Marketing,8.26,2,No,No,4,5,Scala | Django | Selenium | MongoDB,Naukri,JPMorgan India,HealthTech,Cloud Engineer,Contract,Patna,2024-05-15,Rejected,3.0,5,Not Available,1832,70,Not Available,No,9,1
1471,Dinesh Patil,Male,27,2023,DTU Delhi,B.Sc (IT),Information Technology,7.47,1,Yes,Yes,2,4,Selenium | Django | Spring Boot | React | Spark,LinkedIn,Angel One,Telecom,HR Executive,Full-time,Visakhapatnam,2024-10-01,Online Assessment,Not Available,15,Not Available,569,66,No,Yes,6,1
1472,Kavya Bhatnagar,Female,20,2022,Pune University,MBA,Strategy,6.01,1,No,No,2,0,Networking | TypeScript | React | Power BI,Naukri,Ola,HealthTech,Operations Analyst,Full-time,Mysuru,2023-08-20,Applied,Not Available,9,Not Available,821,94,Not Available,No,2,1
1473,Kavya Choudhury,Female,25,2021,NIT Surathkal,MBA,Marketing,9.45,2,No,No,6,4,TypeScript | TensorFlow,Freshersworld,Zoho,Retail,Frontend Developer,Internship,Hyderabad,2024-05-02,Shortlisted,Not Available,1,Not Available,2201,86,Not Available,No,10,3
1475,Ishan Rastogi,Male,20,2020,GLA University Mathura,B.Sc (IT),Information Technology,9.98,0,No,Yes,3,1,MATLAB | Node.js,LinkedIn,Lenskart,Automotive,ML Engineer,Internship,Vadodara,2021-10-30,Shortlisted,Not Available,10,Not Available,1887,88,Yes,No,4,1
1479,Ishita Negi,Female,23,2020,Chandigarh University,B.Com,Accounting,8.58,1,No,Yes,6,4,Figma | Selenium,LinkedIn,Coforge,Consulting,HR Executive,Internship,Mumbai,2023-03-29,Online Assessment,Not Available,24,Not Available,1483,91,No,No,10,3
1480,Dimple Bansal,Female,21,2020,Mumbai University,M.Tech,VLSI,9.55,1,No,Yes,0,1,Linux | Cybersecurity | Laravel | Scala,Unstop,Groww,Retail,Business Analyst,Full-time,Lucknow,2022-10-18,Offer,5.0,29,804275.0,669,68,Not Available,No,1,2
1481,Neeraj Rajan,Male,22,2020,RV College Bangalore,B.Tech,Mechanical Engineering,6.8,0,Yes,Yes,2,0,Cybersecurity | Teamwork | GraphQL | Tableau | MongoDB,Indeed,TCS,Retail,iOS Developer,Full-time,Bhubaneswar,2024-10-25,Offer,4.0,22,340167.0,2651,78,Not Available,No,2,4
1485,Onkar Porwal,Male,27,2021,IIT Roorkee,M.Tech,Computer Science,9.79,0,No,No,4,4,Power BI | Java,Naukri,Intel India,Consulting,UX Designer,Full-time,Chennai,2024-01-31,Applied,Not Available,4,Not Available,464,79,Not Available,No,8,3
1487,Uday Bhatia,Male,23,2020,SVNIT Surat,MBA,Operations,5.92,3,Yes,Yes,3,0,Communication | Selenium | Node.js | PyTorch,Naukri,Morgan Stanley India,HealthTech,Systems Engineer,Full-time,Chennai,2023-05-31,Applied,Not Available,23,Not Available,2844,97,Not Available,No,3,3
1489,Mayank Rajan,Male,26,2020,Kalinga University,M.Tech,AI/ML,8.47,0,No,Yes,6,2,Machine Learning | Figma,Cutshort,Uber India,Manufacturing,DevOps Engineer,Full-time,Jaipur,2022-12-25,Shortlisted,Not Available,6,Not Available,2331,67,Not Available,Yes,8,2
1490,Esha Mishra,Female,23,2024,Manipal Institute of Technology,B.E.,Mechanical,7.05,0,No,Yes,1,5,Azure | Kotlin | Docker | Python,Naukri,Groww,Logistics,Data Analyst,Full-time,Noida,2024-08-18,Offer,1.0,45,480274.0,104,83,Not Available,No,6,0
1491,Om Pillai,Male,24,2020,SRMIST Chennai,BCA,Computer Applications,7.7,0,No,Yes,3,3,Selenium | Tableau | Azure,Referral,Paytm,Telecom,QA Engineer,Contract,Kochi,2023-06-19,Shortlisted,Not Available,40,Not Available,1425,87,Not Available,No,6,3
1492,Puja Sodhi,Female,24,2023,PES University Bangalore,M.Tech,VLSI,8.89,1,No,Yes,4,4,React | Data Analysis | PyTorch,Indeed,PolicyBazaar,E-commerce,SEO Analyst,Internship,Bhubaneswar,2023-04-06,Shortlisted,Not Available,17,Not Available,2955,93,Not Available,No,8,0
1496,Leena Sodhi,Female,22,2021,Bangalore University,B.E.,Electrical,9.97,1,No,No,5,0,Docker | C++ | PyTorch,LinkedIn,Capgemini,Retail,Product Manager,Full-time,Jaipur,2023-09-11,Offer,5.0,32,1820404.0,2718,56,No,No,5,2
1498,Arjun Khatri,Male,22,2020,IIT Kharagpur,MBA,Strategy,8.49,1,No,Yes,0,5,Scala | Leadership | Swift,Naukri,Siemens India,Logistics,QA Engineer,Internship,Vadodara,2023-12-31,Offer,2.0,11,28186.0,308,69,Not Available,No,5,3
1501,Furqan Biswas,Male,20,2024,Jadavpur University Kolkata,B.Tech,Civil Engineering,6.02,1,Yes,No,6,1,GraphQL | Bash Scripting | Flutter | Python,Naukri,Nykaa,EdTech,Full Stack Developer,Internship,Chandigarh,2024-10-10,Shortlisted,Not Available,27,Not Available,1133,56,Not Available,Yes,7,0
1503,Jyoti Bose,Female,20,2020,DTU Delhi,B.E.,Civil,6.04,2,No,No,2,0,MongoDB | Hadoop | R | Hive,Internshala,HCL Technologies,Retail,Business Analyst,Internship,Vadodara,2021-01-24,Applied,Not Available,22,Not Available,1741,83,Not Available,No,2,1
1504,Mohit Pandey,Male,26,2021,Lovely Professional University,BBA,Finance,5.89,3,No,Yes,0,1,Azure | Bash Scripting,LinkedIn,Upstox,FinTech,Systems Engineer,Full-time,Hyderabad,2021-04-22,Shortlisted,Not Available,21,Not Available,1784,56,Yes,No,1,0
1506,Vibha Sundaram,Female,21,2023,IIM Calcutta,B.Com,Commerce,5.94,0,No,No,0,0,Machine Learning | Networking | Communication | MongoDB,LinkedIn,Groww,HealthTech,Marketing Analyst,Part-time,Kochi,2023-06-20,Applied,Not Available,44,Not Available,885,83,Yes,No,0,0
1508,Harish Kapoor,Male,27,2021,PES University Bangalore,B.Sc (CS),Computer Science,8.49,0,No,Yes,1,2,GraphQL | Spring Boot | Kubernetes | Figma | Communication,LinkedIn,IBM India,Automotive,Business Analyst,Internship,Remote,2022-10-12,Shortlisted,Not Available,9,Not Available,1683,58,No,No,3,1
1509,Esha Bansal,Female,21,2020,Chandigarh University,B.Sc (IT),Information Technology,6.72,1,No,No,6,0,Communication | Kotlin,Naukri,Intel India,Logistics,Finance Analyst,Contract,Pune,2022-07-17,Rejected,1.0,34,Not Available,647,63,Not Available,No,6,2
1510,Zara Kapoor,Female,21,2020,IIIT Hyderabad,B.Com,Accounting,7.3,1,No,No,4,2,Hive | Linux,Naukri,Freshworks,EdTech,Cloud Engineer,Contract,Kochi,2023-03-12,Shortlisted,Not Available,5,Not Available,2078,73,Not Available,No,6,3
1511,Uday Reddy,Male,26,2022,Jadavpur University Kolkata,MBA,Finance,7.44,2,No,Yes,0,5,Kotlin | Scala | SQL,Glassdoor,Intel India,Logistics,Operations Analyst,Internship,Ahmedabad,2024-07-19,Applied,Not Available,44,Not Available,98,86,Not Available,No,5,2
1513,Ekansh Bhatia,Male,27,2021,IIIT Hyderabad,BBA,HR,5.65,3,No,Yes,6,2,React | R | Linux,Indeed,Bosch India,IT/Software,Cloud Engineer,Contract,Visakhapatnam,2022-03-15,Online Assessment,Not Available,6,Not Available,523,88,Not Available,No,8,1
1514,Parth Sandhu,Male,27,2022,MNNIT Allahabad,B.Tech,Data Science,6.26,0,No,No,2,0,Kotlin | TypeScript | Azure | Flutter,LinkedIn,Barclays India,Telecom,Database Administrator,Full-time,Indore,2023-11-01,Applied,Not Available,14,Not Available,2533,93,No,No,2,1
1516,Harsh Jain,Male,22,2021,NIT Calicut,B.Sc (CS),Computer Science,6.33,3,No,Yes,0,5,PHP | Kubernetes | Figma,LinkedIn,Unacademy,Media & Entertainment,QA Engineer,Internship,Noida,2021-07-08,Applied,Not Available,12,Not Available,2084,96,No,No,5,0
1519,Sneha Kapoor,Female,22,2020,SRM University Chennai,MBA,Finance,5.96,0,No,Yes,0,0,Docker | Data Analysis | Django | MATLAB | C++,LinkedIn,Morgan Stanley India,Consulting,Sales Executive,Full-time,Surat,2022-08-14,HR Interview,2.0,7,Not Available,748,68,Yes,No,0,2
1520,Lakshay Kumar,Male,27,2021,RV College Bangalore,MBA,Strategy,9.37,3,Yes,No,6,5,Excel | GraphQL | SQL | Tableau,Indeed,Upstox,Manufacturing,Cybersecurity Analyst,Part-time,Surat,2022-02-25,Online Assessment,Not Available,11,Not Available,557,69,Not Available,No,11,1
1524,Utsav Arora,Male,27,2020,MNNIT Allahabad,MCA,Computer Applications,8.94,1,Yes,No,0,5,Linux | Node.js | SQL | GraphQL | Docker,Naukri,HDFC Bank,IT/Software,UX Designer,Full-time,Kolkata,2021-08-22,Offer,5.0,44,518051.0,283,69,Not Available,No,5,1
1526,Neeraj Bhatnagar,Male,20,2023,Bangalore University,BCA,Computer Applications,7.01,1,No,No,3,4,AWS | Java,Campus Placement,Zoho,Media & Entertainment,Database Administrator,Full-time,Chandigarh,2023-09-04,Online Assessment,Not Available,43,Not Available,2529,56,Not Available,No,7,0
1528,Vandana Patel,Female,22,2020,BITS Pilani,MCA,Computer Applications,9.1,1,Yes,No,0,1,Hive | Node.js | Teamwork | C++,Naukri,Accenture,Consulting,Android Developer,Full-time,Visakhapatnam,2021-05-28,Offer,1.0,28,534970.0,1521,74,Not Available,No,1,1
1529,Vikram Mehta,Prefer not to say,24,2020,IIT Delhi,B.Sc (IT),Information Technology,6.65,2,No,No,4,1,Networking | Laravel | Selenium | Kubernetes,LinkedIn,Mu Sigma,IT/Software,Product Manager,Contract,Lucknow,2024-04-04,Technical Interview,1.0,19,Not Available,1673,82,Yes,No,5,4
1535,Xander Mukherjee,Male,27,2023,IIIT Hyderabad,MCA,Computer Applications,8.61,0,No,No,2,1,Communication | AWS | Docker | TypeScript | R,Cutshort,Nykaa,Banking & Finance,QA Engineer,Full-time,Visakhapatnam,2023-10-14,Offer,4.0,34,266248.0,1504,81,Not Available,No,3,0
1537,Dhruv Kumar,Male,25,2023,IIM Bangalore,MBA,Marketing,7.17,1,No,No,2,5,Kubernetes | Docker | Networking | Bash Scripting,Cutshort,1mg,Consulting,Content Writer,Contract,Mysuru,2023-04-20,Applied,Not Available,22,Not Available,2875,72,Not Available,No,7,0
1538,Jatin Gupta,Male,25,2021,Nirma University Ahmedabad,B.Tech,Chemical Engineering,6.22,3,No,No,5,1,Spring Boot | TypeScript | Git | MATLAB | Flutter,Referral,PolicyBazaar,IT/Software,Data Scientist,Internship,Noida,2021-11-19,HR Interview,4.0,42,Not Available,1796,80,Not Available,Yes,6,0
1542,Aditi Majumdar,Female,24,2020,SRM University Chennai,B.E.,Computer Science,7.94,3,No,No,2,3,GraphQL | Kubernetes | SQL | Node.js,Cutshort,HCL Technologies,FinTech,DevOps Engineer,Internship,Visakhapatnam,2021-05-02,Withdrawn,Not Available,39,Not Available,1626,82,Not Available,No,5,1
1544,Meera Dey,Female,23,2020,Thapar University,BCA,Computer Applications,5.71,2,No,Yes,3,4,Problem Solving | Scala | Hive,Naukri,Zerodha,EdTech,Data Scientist,Full-time,Indore,2024-02-18,HR Interview,5.0,32,Not Available,2463,70,Not Available,No,7,4
1545,Uma Dixit,Female,21,2021,SP Jain Mumbai,B.Com,Accounting,7.49,3,No,No,4,3,JavaScript | Leadership,LinkedIn,Mindtree,Media & Entertainment,SEO Analyst,Part-time,Chennai,2024-05-07,Shortlisted,Not Available,40,Not Available,1610,75,Yes,No,7,3
1546,Hemant Subramaniam,Male,23,2020,HBTU Kanpur,B.Com,Commerce,6.13,2,Yes,Yes,0,3,TypeScript | React,LinkedIn,Citi India,EdTech,Technical Support Engineer,Internship,Bhopal,2021-04-26,Withdrawn,Not Available,12,Not Available,1779,78,No,No,3,1
1547,Ritesh Hegde,Male,25,2022,IIT Delhi,B.E.,Electrical,6.44,1,No,No,0,0,Flutter | Teamwork | Django | TensorFlow,Indeed,HDFC Bank,Banking & Finance,Content Writer,Full-time,Mumbai,2024-11-23,Applied,Not Available,45,Not Available,2982,59,Not Available,No,0,2
1548,Vandana Lodha,Female,23,2020,IIIT Allahabad,MBA,Operations,9.78,3,No,Yes,0,5,Excel | REST APIs | Tableau | Hadoop | Kotlin,Campus Placement,Cognizant,Banking & Finance,Content Writer,Part-time,Bengaluru,2021-07-20,Technical Interview,1.0,19,Not Available,2367,65,Not Available,No,5,1
1549,Leena Lal,Female,22,2021,Osmania University Hyderabad,B.Sc (IT),Information Technology,9.92,3,Yes,No,2,2,TensorFlow | JavaScript | Machine Learning | Scala | Git,Referral,Barclays India,EdTech,HR Executive,Full-time,Mumbai,2022-07-21,Offer,1.0,5,293757.0,2331,100,Not Available,No,4,1
1550,Falak Joshi,Female,21,2022,JNTUH Hyderabad,B.Sc (CS),Computer Science,8.68,2,No,No,6,5,JavaScript | Azure | Kotlin | TensorFlow | Hadoop,Campus Placement,Citi India,FinTech,Recruiter,Contract,Nagpur,2023-09-20,Technical Interview,5.0,27,Not Available,253,75,Not Available,No,11,1
1551,Ekta Mathur,Female,22,2022,DTU Delhi,MBA,Finance,9.27,1,No,Yes,2,0,GraphQL | Communication | R | Cybersecurity | Linux,Internshala,Swiggy,FinTech,Database Administrator,Internship,Jaipur,2022-06-13,Offer,1.0,34,32206.0,702,86,Not Available,No,2,0
1553,Inder Shah,Prefer not to say,26,2023,IIM Ahmedabad,B.Tech,Computer Science,8.65,0,Yes,No,1,3,Deep Learning | PyTorch | Flutter | Communication | Spark,IIMJobs,Lenskart,IT/Software,Product Manager,Full-time,Delhi NCR,2023-04-22,HR Interview,1.0,43,Not Available,2118,62,Not Available,No,4,0
1555,Furqan Mukherjee,Male,20,2020,SRMIST Chennai,M.Tech,AI/ML,8.91,0,No,No,0,0,Kotlin | Ruby on Rails | Communication | Deep Learning | Flutter,Naukri,Persistent Systems,Manufacturing,QA Engineer,Full-time,Surat,2024-07-04,Shortlisted,Not Available,31,Not Available,2025,57,Not Available,No,0,4
1556,Jignesh Mishra,Male,22,2021,Christ University Bangalore,B.Sc (CS),Computer Science,8.14,0,No,Yes,5,4,MongoDB | Django | Machine Learning,Indeed,Unacademy,Media & Entertainment,Marketing Analyst,Internship,Lucknow,2022-03-31,Applied,Not Available,30,Not Available,1198,99,Not Available,Yes,9,1
1559,Tejas Das,Male,26,2022,PES University Bangalore,MCA,Computer Applications,7.24,0,No,Yes,6,3,Data Analysis | Azure | JavaScript | Spark | Deep Learning,Naukri,Citi India,Manufacturing,Data Analyst,Internship,Bengaluru,2023-03-05,Technical Interview,4.0,2,Not Available,2558,83,Not Available,No,9,1
1560,Babita Soni,Female,27,2020,IIM Calcutta,B.Com,Commerce,8.36,2,No,No,0,5,Figma | Spring Boot,Naukri,Intel India,Retail,Product Manager,Contract,Ahmedabad,2024-12-28,HR Interview,3.0,37,Not Available,997,56,Not Available,No,5,4
1562,Ekansh Sundaram,Male,20,2021,SP Jain Mumbai,M.Tech,VLSI,6.68,0,No,Yes,6,0,Hive | JavaScript | MongoDB | Spark,Internshala,Siemens India,Telecom,HR Executive,Full-time,Kolkata,2024-01-16,Online Assessment,Not Available,1,Not Available,2269,73,Not Available,No,6,3
1565,Tejas Sandhu,Male,22,2023,Christ University Bangalore,BBA,Finance,7.52,3,No,Yes,4,1,Deep Learning | Excel | Hadoop | JavaScript,Naukri,Accenture,Manufacturing,Operations Analyst,Full-time,Mumbai,2023-06-18,Applied,Not Available,20,Not Available,554,68,Not Available,No,5,0
1566,Aditi Lal,Female,21,2021,MNNIT Allahabad,MBA,Business Analytics,9.95,0,No,No,3,4,Data Analysis | Figma | Teamwork | Excel,Apna,Bajaj Finserv,Logistics,Data Scientist,Full-time,Mysuru,2022-09-20,Rejected,3.0,21,Not Available,2888,93,Not Available,No,7,1
1568,Tarun Dhillon,Male,23,2020,HBTU Kanpur,BBA,HR,5.52,1,No,No,5,5,Swift | Java | Communication,LinkedIn,Texas Instruments India,EdTech,Systems Engineer,Part-time,Kochi,2023-02-17,Shortlisted,Not Available,20,Not Available,1964,57,No,No,10,3
1569,Kunal Biswas,Male,25,2023,Osmania University Hyderabad,B.Com,Finance,7.38,3,No,No,2,1,Data Analysis | PHP | JavaScript | Ruby on Rails | Azure,LinkedIn,Cognizant,Automotive,QA Engineer,Full-time,Coimbatore,2024-04-04,Online Assessment,Not Available,19,Not Available,1951,86,Yes,No,3,1
1570,Jagdish Dhillon,Male,26,2021,IIT Hyderabad,B.Tech,Electrical Engineering,9.28,3,No,No,5,1,Figma | Laravel,IIMJobs,LTIMindtree,IT/Software,Software Engineer,Full-time,Indore,2023-10-30,Technical Interview,1.0,34,Not Available,309,65,Not Available,No,6,2
1573,Payal Garg,Female,20,2022,BIT Mesra Ranchi,BBA,HR,8.36,2,No,Yes,3,5,Linux | Excel,Indeed,Unacademy,Logistics,Systems Engineer,Full-time,Ahmedabad,2023-06-18,Applied,Not Available,27,Not Available,2204,88,Not Available,No,8,1
1575,Karan Rawat,Male,27,2023,IIIT Hyderabad,BCA,Computer Applications,7.88,0,No,Yes,2,5,Communication | Python | MongoDB | Docker | Selenium,Indeed,Mu Sigma,Consulting,Backend Developer,Full-time,Coimbatore,2024-11-30,Online Assessment,Not Available,43,Not Available,1346,82,Not Available,No,7,1
1576,Kartik Sethi,Male,24,2021,Manipal Institute of Technology,MBA,Business Analytics,9.05,3,No,No,4,4,REST APIs | Machine Learning,LinkedIn,Fractal Analytics,Telecom,UX Designer,Full-time,Kochi,2024-09-26,Applied,Not Available,21,Not Available,1114,61,No,No,8,3
1581,Divya Malhotra,Female,27,2020,NIT Calicut,B.Sc (IT),Information Technology,8.38,2,Yes,Yes,2,1,REST APIs | PyTorch | Communication,Naukri,Texas Instruments India,FinTech,iOS Developer,Full-time,Pune,2023-06-02,Technical Interview,3.0,23,Not Available,299,75,Not Available,No,3,3
1582,Eklavya Ahuja,Male,24,2020,IIT Kanpur,MCA,Computer Applications,6.21,2,No,No,1,5,Docker | Kubernetes | Hadoop | Hive | Ruby on Rails,Indeed,Bosch India,Automotive,Recruiter,Internship,Mumbai,2022-06-18,HR Interview,5.0,44,Not Available,1460,75,Not Available,No,6,2
1583,Gargi Naik,Female,20,2020,Thapar University,B.Sc (IT),Information Technology,5.59,1,No,No,4,3,Bash Scripting | Problem Solving | Leadership | Scala | Power BI,Naukri,Razorpay,Automotive,Data Scientist,Full-time,Mysuru,2023-07-25,Online Assessment,Not Available,32,Not Available,2889,96,Not Available,No,7,3
1585,Mayank Lal,Male,22,2024,Symbiosis Pune,B.Sc (CS),Computer Science,7.21,2,No,Yes,1,3,Flutter | Kubernetes | Hadoop | Kotlin,Apna,Accenture,AgriTech,Systems Engineer,Full-time,Surat,2024-04-27,Applied,Not Available,22,Not Available,2684,78,Not Available,No,4,0
1586,Nisha Bisht,Female,24,2021,Manipal Institute of Technology,MBA,Operations,7.08,0,No,No,1,2,Communication | Problem Solving | JavaScript,AngelList,BigBasket,Media & Entertainment,Software Engineer,Full-time,Bengaluru,2023-04-29,Offer,3.0,5,576969.0,1030,92,Not Available,No,3,2
1587,Yogesh Swamy,Male,24,2022,Presidency University Kolkata,B.Tech,Chemical Engineering,6.44,0,No,Yes,5,0,Deep Learning | TensorFlow,Naukri,Freshworks,Banking & Finance,iOS Developer,Full-time,Jaipur,2022-06-09,Applied,Not Available,32,Not Available,2317,87,Not Available,No,5,0
1589,Riya Patil,Female,27,2020,DTU Delhi,B.Com,Finance,9.99,1,No,No,3,3,Machine Learning | Linux | Scala | Data Analysis,Unstop,Tiger Analytics,AgriTech,Content Writer,Full-time,Visakhapatnam,2021-08-11,Offer,5.0,24,565140.0,1185,72,Not Available,Yes,6,1
1590,Nidhi Ramachandran,Female,25,2023,Kalinga University,BBA,Marketing,7.87,3,No,No,0,0,Kubernetes | SQL | Git | Hadoop | Networking,Internshala,BYJU's,Telecom,Recruiter,Full-time,Lucknow,2023-10-09,Rejected,2.0,24,Not Available,2682,76,Not Available,No,0,0
1595,Harish Chatterjee,Male,22,2022,IIT Kanpur,B.E.,Computer Science,9.72,0,No,Yes,1,0,Kubernetes | GraphQL | SQL | Problem Solving | Cybersecurity,Naukri,Absolutdata,Banking & Finance,UX Designer,Full-time,Indore,2023-07-30,Technical Interview,3.0,1,Not Available,427,76,Not Available,Yes,1,1
1596,Aarav Verma,Male,20,2021,Thapar University,MBA,HR,7.54,2,No,Yes,5,3,Cybersecurity | REST APIs | Data Analysis | Networking,LinkedIn,Practo,Telecom,Product Manager,Full-time,Mumbai,2022-11-23,Applied,Not Available,34,Not Available,1378,94,Yes,No,8,1
1598,Payal Das,Female,23,2020,Symbiosis Pune,MCA,Computer Applications,7.08,0,No,No,0,3,MongoDB | TensorFlow | Hadoop | JavaScript | Power BI,Indeed,Delhivery,IT/Software,HR Executive,Internship,Noida,2021-08-31,Applied,Not Available,43,Not Available,2401,95,Not Available,No,3,1
1599,Umesh Mukherjee,Male,23,2020,IIEST Shibpur,BBA,Finance,7.36,0,No,No,5,0,Problem Solving | Spark | PyTorch | React | Azure,LinkedIn,Zerodha,EdTech,Software Engineer,Full-time,Bhubaneswar,2023-10-01,Online Assessment,Not Available,20,Not Available,2966,85,No,No,5,3
1600,Gopal Das,Male,24,2021,IIIT Bangalore,MBA,Business Analytics,7.31,3,No,Yes,1,3,Flutter | Deep Learning | Linux | Power BI,LinkedIn,Tech Mahindra,Automotive,Data Scientist,Full-time,Jaipur,2022-06-12,Online Assessment,Not Available,22,Not Available,2468,77,Yes,No,4,1
1601,Sachin Khanna,Male,27,2021,Osmania University Hyderabad,B.E.,Computer Science,9.26,3,No,No,0,2,Laravel | Machine Learning,Monster,Ola,HealthTech,Systems Engineer,Part-time,Gurugram,2024-06-01,Technical Interview,4.0,8,Not Available,2674,70,Not Available,No,2,3
1605,Jay Shukla,Male,20,2022,Presidency University Kolkata,M.Tech,VLSI,8.7,2,No,Yes,0,0,JavaScript | Data Analysis | Node.js,Naukri,Angel One,AgriTech,Operations Analyst,Full-time,Chandigarh,2024-04-22,Online Assessment,Not Available,28,Not Available,779,64,Not Available,No,0,2
1606,Yamini Biswas,Female,26,2022,MNNIT Allahabad,B.E.,Electrical,6.72,2,No,No,1,2,Hadoop | TypeScript,LinkedIn,TCS,E-commerce,SEO Analyst,Part-time,Indore,2022-04-21,Applied,Not Available,40,Not Available,598,64,No,No,3,0
1608,Varun Ahuja,Male,25,2020,NIT Calicut,BBA,Finance,9.92,1,No,No,3,2,Flutter | Excel,Unstop,Goldman Sachs,Banking & Finance,QA Engineer,Full-time,Chennai,2022-10-17,Applied,Not Available,15,Not Available,652,72,Not Available,No,5,2
1611,Gaurang Verma,Male,26,2023,Lovely Professional University,B.Tech,Electronics & Communication,5.88,1,No,No,3,5,Excel | Teamwork,HackerEarth,Samsung India,Telecom,Embedded Engineer,Contract,Bhubaneswar,2023-02-17,Offer,4.0,33,821285.0,2903,98,Not Available,No,8,0
1612,Xander Bhatt,Male,27,2020,RV College Bangalore,B.Tech,Data Science,6.62,1,No,No,5,0,Bash Scripting | Azure | Scala,Campus Placement,HDFC Bank,Logistics,SEO Analyst,Internship,Jaipur,2023-07-17,Technical Interview,4.0,24,Not Available,849,96,Not Available,No,5,3
1613,Dhruv Rastogi,Male,21,2021,BIT Mesra Ranchi,MBA,Operations,6.2,1,No,No,5,1,PyTorch | Communication | MATLAB | Problem Solving,Campus Placement,Paytm,Automotive,Sales Executive,Internship,Indore,2021-09-07,Applied,Not Available,4,Not Available,1883,59,Not Available,No,6,0
1616,Mukesh Natarajan,Male,26,2020,RV College Bangalore,B.E.,Computer Science,9.48,0,No,Yes,5,1,Bash Scripting | TensorFlow | Java,Naukri,Mu Sigma,Retail,Software Engineer,Full-time,Jaipur,2024-02-18,Technical Interview,4.0,19,Not Available,1119,72,Not Available,No,6,4
1618,Gouri More,Female,22,2020,Christ University Bangalore,B.E.,Electrical,8.92,0,Yes,No,5,3,REST APIs | Machine Learning | Hadoop | Node.js,AngelList,ICICI Bank,Banking & Finance,Full Stack Developer,Full-time,Indore,2023-01-01,Technical Interview,1.0,29,Not Available,1316,79,Not Available,Yes,8,3
1619,Sachin Bose,Male,22,2020,NSUT Delhi,B.Com,Commerce,7.51,0,No,No,6,1,Git | PHP | Laravel | Ruby on Rails | Node.js,Referral,Bosch India,Automotive,Technical Support Engineer,Full-time,Kochi,2022-03-24,Applied,Not Available,17,Not Available,526,79,Not Available,No,7,2
1621,Mohini Mishra,Female,24,2020,IIT Roorkee,B.Sc (IT),Information Technology,8.27,0,No,Yes,3,0,Swift | Azure | Machine Learning | C++ | Hive,HackerEarth,Hexaware,IT/Software,Data Scientist,Internship,Lucknow,2021-01-15,Shortlisted,Not Available,14,Not Available,2875,98,Not Available,No,3,1
1622,Vishal Pillai,Male,25,2020,BITS Pilani,MCA,Computer Applications,7.4,2,No,Yes,6,4,Spring Boot | MongoDB | Swift | Tableau,LinkedIn,Hexaware,Logistics,Business Analyst,Internship,Jaipur,2021-07-25,Applied,Not Available,43,Not Available,564,56,No,No,10,1
1623,Sagar Das,Male,24,2020,DTU Delhi,B.Sc (IT),Information Technology,8.37,1,No,No,3,3,Tableau | TypeScript | JavaScript | Power BI,Campus Placement,HDFC Bank,Logistics,Network Engineer,Contract,Chandigarh,2023-09-12,Applied,Not Available,15,Not Available,2528,61,Not Available,No,6,3
1624,Neha Sandhu,Female,20,2020,IIM Ahmedabad,B.Com,Accounting,5.96,1,No,No,0,0,Figma | PHP | Tableau | Scala,LinkedIn,Coforge,Manufacturing,Software Engineer,Contract,Bengaluru,2022-04-07,Online Assessment,Not Available,41,Not Available,1566,78,No,No,0,2
1627,Naman Subramaniam,Male,21,2020,XLRI Jamshedpur,B.Sc (CS),Computer Science,9.02,2,No,No,6,2,Communication | Leadership,Campus Placement,1mg,Banking & Finance,iOS Developer,Contract,Bhopal,2022-08-29,Shortlisted,Not Available,5,Not Available,1264,78,Not Available,No,8,2
1628,Naman Joshi,Male,20,2021,BIT Mesra Ranchi,BBA,Business Administration,9.91,2,No,Yes,2,3,AWS | Selenium | Linux | GraphQL,Naukri,Mu Sigma,Logistics,Business Analyst,Full-time,Coimbatore,2021-02-20,Online Assessment,Not Available,11,Not Available,1119,75,Not Available,Yes,5,0
1629,Abhinav Mukherjee,Male,24,2023,IIT Madras,BCA,Computer Applications,7.38,3,No,No,6,3,Machine Learning | Deep Learning,Naukri,L&T Infotech,Manufacturing,Recruiter,Contract,Mysuru,2024-09-10,Applied,Not Available,17,Not Available,432,83,Not Available,No,9,1
1630,Lata Gupta,Prefer not to say,25,2022,IIT Roorkee,M.Tech,AI/ML,6.7,0,Yes,Yes,3,4,Kubernetes | Ruby on Rails,Naukri,BYJU's,Retail,Full Stack Developer,Full-time,Coimbatore,2022-02-23,Applied,Not Available,40,Not Available,1713,94,Not Available,No,7,0
1632,Bhumi Desai,Female,22,2022,IIIT Bangalore,B.Tech,Mechanical Engineering,7.82,0,Yes,No,5,2,Communication | Tableau,Internshala,Freshworks,Manufacturing,iOS Developer,Full-time,Bengaluru,2022-05-20,Applied,Not Available,44,Not Available,2268,81,Not Available,No,7,0
1636,Ekansh Choudhury,Prefer not to say,26,2022,GLA University Mathura,B.E.,Mechanical,5.78,1,No,Yes,3,3,Azure | TypeScript | Flutter,Indeed,Amazon India,Logistics,Android Developer,Internship,Mumbai,2022-12-27,Offer,1.0,6,28554.0,2438,61,Not Available,No,6,0
1638,Lakshay Gupta,Male,27,2021,Manipal Institute of Technology,M.Tech,Software Engineering,7.67,1,No,Yes,2,2,PyTorch | Teamwork | Selenium | Data Analysis,LinkedIn,Microsoft India,FinTech,Finance Analyst,Full-time,Jaipur,2024-04-28,Applied,Not Available,26,Not Available,997,85,No,Yes,4,3
1639,Amrita Balakrishnan,Female,24,2021,Christ University Bangalore,B.Sc (CS),Computer Science,6.06,2,No,No,0,3,Figma | Python | PHP | JavaScript,Referral,Morgan Stanley India,Banking & Finance,Network Engineer,Internship,Mumbai,2024-10-06,Applied,Not Available,19,Not Available,1697,100,Not Available,No,3,3
1641,Darshan Sundaram,Male,23,2022,Symbiosis Pune,B.E.,Computer Science,7.31,3,No,No,5,3,Ruby on Rails | Linux | PyTorch,Internshala,Microsoft India,EdTech,Digital Marketing Executive,Full-time,Patna,2023-08-31,Technical Interview,5.0,45,Not Available,710,95,Not Available,No,8,1
1642,Nikhil Bisht,Male,25,2021,HBTU Kanpur,BBA,Marketing,7.14,1,Yes,Yes,1,3,React | PyTorch | JavaScript | Scala | Tableau,Naukri,Texas Instruments India,Banking & Finance,Recruiter,Internship,Bhubaneswar,2023-12-04,Shortlisted,Not Available,1,Not Available,682,87,Not Available,No,4,2
1643,Priya Rajan,Female,22,2023,SRMIST Chennai,B.Sc (IT),Information Technology,5.52,0,No,Yes,3,4,Deep Learning | PHP,Internshala,Goldman Sachs,Telecom,UX Designer,Internship,Coimbatore,2024-08-20,Online Assessment,Not Available,41,Not Available,2373,69,Not Available,No,7,1
1645,Lata Venkatesh,Female,20,2020,GLA University Mathura,BBA,Finance,7.24,0,No,Yes,0,1,Communication | Leadership,Indeed,Zoho,IT/Software,Cybersecurity Analyst,Full-time,Kochi,2021-09-20,Shortlisted,Not Available,29,Not Available,1309,87,Not Available,No,1,1
1647,Sarika Grewal,Female,23,2023,Thapar University,B.Sc (CS),Computer Science,7.64,2,No,Yes,6,4,Kubernetes | Power BI | Docker | Kotlin,Indeed,PolicyBazaar,Retail,Marketing Analyst,Internship,Vadodara,2024-06-02,Applied,Not Available,22,Not Available,2118,69,Not Available,No,10,1
1648,Geeta Natarajan,Female,23,2023,Pune University,B.Sc (IT),Information Technology,6.36,3,Yes,Yes,2,2,Deep Learning | Kubernetes,Campus Placement,LTIMindtree,Telecom,Android Developer,Full-time,Hyderabad,2023-09-09,Offer,1.0,40,431464.0,1413,92,Not Available,No,4,0
1650,Tejas Bose,Male,27,2020,MDI Gurgaon,M.Tech,Software Engineering,6.43,1,No,Yes,4,2,Machine Learning | MATLAB,Indeed,Hexaware,Automotive,Product Manager,Full-time,Mumbai,2021-05-16,Offer,4.0,24,1446272.0,1886,78,Not Available,No,6,1
1652,Jyoti Verma,Female,27,2023,Thapar University,B.Tech,Mechanical Engineering,6.82,2,No,No,4,0,Leadership | Excel,Naukri,LTIMindtree,AgriTech,UX Designer,Contract,Jaipur,2023-07-28,Shortlisted,Not Available,24,Not Available,1126,80,Not Available,No,4,0
1653,Om Jadhav,Male,22,2023,IIT Delhi,MBA,Marketing,6.56,1,No,Yes,5,4,GraphQL | TensorFlow | Spring Boot | Networking | JavaScript,Internshala,Swiggy,Retail,QA Engineer,Internship,Surat,2024-02-13,Applied,Not Available,7,Not Available,1234,95,Not Available,Yes,9,1
1654,Tarun Goyal,Male,27,2022,Bangalore University,B.E.,Electronics,9.11,3,No,No,1,3,Machine Learning | Scala,HackerEarth,Nykaa,IT/Software,UX Designer,Internship,Gurugram,2022-08-26,Applied,Not Available,5,Not Available,2861,65,Not Available,Yes,4,0
1657,Kunal Murthy,Male,24,2022,NIT Calicut,B.Com,Finance,7.88,3,No,Yes,4,2,Tableau | MATLAB,Naukri,Cure.fit,HealthTech,Systems Engineer,Full-time,Kochi,2023-11-03,Technical Interview,5.0,38,Not Available,1650,93,Not Available,No,6,1
1661,Harish Bajaj,Male,23,2020,SVNIT Surat,M.Tech,VLSI,5.8,3,No,Yes,3,5,React | TensorFlow | Power BI | Ruby on Rails | Excel,Campus Placement,Zomato,EdTech,Software Engineer,Contract,Pune,2023-04-20,Applied,Not Available,44,Not Available,2568,88,Not Available,No,8,3
1662,Zaid Anand,Male,26,2022,IIM Bangalore,B.Sc (IT),Information Technology,7.54,2,No,Yes,6,1,TypeScript | Scala | Docker | Leadership,LinkedIn,Flipkart,Logistics,QA Engineer,Full-time,Mumbai,2024-01-13,Technical Interview,3.0,5,Not Available,2919,66,No,No,7,2
1663,Falguni Murthy,Female,20,2020,IIM Ahmedabad,BBA,Marketing,9.2,2,No,Yes,0,2,TensorFlow | PHP | Figma | Spark,Indeed,Cognizant,IT/Software,Recruiter,Full-time,Chennai,2022-03-24,Applied,Not Available,21,Not Available,594,74,Not Available,Yes,2,2
1664,Deepak Saxena,Male,27,2022,COEP Pune,B.Sc (IT),Information Technology,7.58,3,No,Yes,6,1,Selenium | Networking | TypeScript | Cybersecurity | Data Analysis,Campus Placement,HDFC Bank,EdTech,Content Writer,Full-time,Coimbatore,2022-09-29,Rejected,3.0,2,Not Available,433,90,Not Available,No,7,0
1667,Harish Sodhi,Prefer not to say,24,2021,Bangalore University,MCA,Computer Applications,9.23,3,No,No,3,5,Tableau | Flutter,Naukri,Delhivery,FinTech,HR Executive,Part-time,Ahmedabad,2022-06-11,Offer,3.0,44,492849.0,1169,94,Not Available,Yes,8,1
1669,Hemant Murthy,Male,24,2023,Delhi University,B.Sc (CS),Computer Science,6.72,1,No,No,2,5,JavaScript | GraphQL,TimesJobs,Nykaa,Banking & Finance,Sales Executive,Full-time,Mumbai,2023-08-26,Online Assessment,Not Available,16,Not Available,111,76,Not Available,No,7,0
1671,Twinkle Porwal,Female,24,2021,IIT Roorkee,B.Tech,Data Science,5.86,2,No,No,4,1,MATLAB | TypeScript,Naukri,Ola,Media & Entertainment,SEO Analyst,Part-time,Ahmedabad,2024-05-21,Shortlisted,Not Available,13,Not Available,99,98,Not Available,No,5,3
1674,Uma Patel,Female,27,2021,BIT Mesra Ranchi,B.E.,Electrical,7.68,0,No,Yes,6,1,Swift | Deep Learning | Spark | MATLAB | Scala,LinkedIn,Coforge,Automotive,Technical Support Engineer,Internship,Pune,2023-06-07,Applied,Not Available,41,Not Available,1656,81,No,No,7,2
1675,Vikram Subramaniam,Male,23,2022,NIT Warangal,M.Tech,AI/ML,7.39,1,No,No,4,1,MATLAB | Data Analysis,LinkedIn,Infosys,Banking & Finance,Database Administrator,Full-time,Remote,2023-12-11,Applied,Not Available,6,Not Available,1403,65,No,No,5,1
1677,Arnav Grewal,Male,23,2023,IIIT Bangalore,B.Com,Finance,9.48,1,Yes,Yes,0,0,REST APIs | Machine Learning,Campus Placement,HCL Technologies,Retail,iOS Developer,Full-time,Coimbatore,2023-12-28,HR Interview,3.0,7,Not Available,2734,61,Not Available,No,0,0
1680,Abhinav Ghosh,Male,25,2021,IIM Bangalore,BBA,HR,9.12,0,No,Yes,1,2,SQL | Kotlin,Referral,Razorpay,AgriTech,Android Developer,Full-time,Kolkata,2022-12-16,Online Assessment,Not Available,6,Not Available,1994,66,Not Available,No,3,1
1682,Varun Trivedi,Male,27,2020,SRMIST Chennai,MCA,Computer Applications,5.5,0,No,No,6,3,Figma | Power BI | Django | AWS | Node.js,Naukri,Fractal Analytics,Telecom,DevOps Engineer,Internship,Bhopal,2021-08-23,Applied,Not Available,29,Not Available,76,80,Not Available,No,9,1
1684,Tarun Arora,Male,25,2020,KIIT Bhubaneswar,MCA,Computer Applications,6.51,1,No,No,5,3,SQL | Communication,Cutshort,Wipro,Automotive,Marketing Analyst,Internship,Mumbai,2024-10-22,Shortlisted,Not Available,42,Not Available,364,77,Not Available,No,8,4
1687,Vijay Oberoi,Male,23,2022,NSUT Delhi,BCA,Computer Applications,9.56,2,Yes,Yes,3,1,Laravel | Swift,HackerEarth,Axis Bank,IT/Software,UX Designer,Full-time,Nagpur,2022-09-10,Applied,Not Available,41,Not Available,873,63,Not Available,No,4,0
1688,Farhan Balakrishnan,Male,27,2020,IIEST Shibpur,BCA,Computer Applications,5.97,1,No,No,4,2,Communication | PHP | Azure | Spring Boot,LinkedIn,Practo,EdTech,ML Engineer,Full-time,Chennai,2022-11-23,Online Assessment,Not Available,9,Not Available,2795,90,No,No,6,2
1689,Bharat Sharma,Male,24,2020,Presidency University Kolkata,M.Tech,AI/ML,6.68,3,No,No,6,1,TensorFlow | Spark | PHP | Docker,Foundit,Swiggy,Consulting,Sales Executive,Full-time,Nagpur,2023-01-30,Applied,Not Available,7,Not Available,1063,78,Not Available,No,7,3
1690,Mukesh Garg,Male,25,2022,MNNIT Allahabad,M.Tech,Computer Science,8.7,2,Yes,Yes,6,3,MATLAB | Docker | Bash Scripting | PHP,IIMJobs,Cure.fit,Consulting,Operations Analyst,Full-time,Bhopal,2023-11-27,Shortlisted,Not Available,15,Not Available,2284,97,Not Available,No,9,1
1692,Rajesh More,Male,21,2020,MNNIT Allahabad,BBA,Business Administration,5.65,0,No,No,6,1,Hive | Machine Learning,Campus Placement,Groww,AgriTech,Android Developer,Full-time,Jaipur,2023-12-01,Applied,Not Available,36,Not Available,2958,55,Not Available,No,7,3
1693,Chirag Iyer,Male,22,2023,NSUT Delhi,B.E.,Mechanical,7.23,2,No,No,0,4,MATLAB | Selenium,Naukri,Cure.fit,Automotive,Recruiter,Contract,Bengaluru,2023-12-14,Applied,Not Available,13,Not Available,167,89,Not Available,No,4,0
1694,Onkar Sodhi,Male,20,2023,Manipal Institute of Technology,B.E.,Electrical,8.28,3,No,No,0,1,REST APIs | PyTorch | Communication,Naukri,Fractal Analytics,Logistics,HR Executive,Internship,Pune,2023-12-11,Applied,Not Available,11,Not Available,1024,90,Not Available,No,1,0
1695,Mayank Choudhury,Male,20,2020,Christ University Bangalore,B.Tech,Data Science,8.11,0,No,Yes,4,4,Python | Linux,Naukri,Infosys,Manufacturing,Recruiter,Full-time,Lucknow,2021-11-11,Online Assessment,Not Available,26,Not Available,2195,85,Not Available,No,8,1
1696,Babita Oberoi,Female,22,2020,SVNIT Surat,B.Sc (CS),Computer Science,7.54,0,No,No,6,3,Machine Learning | Excel | Bash Scripting,Unstop,Mindtree,Logistics,Finance Analyst,Full-time,Chandigarh,2022-07-06,Applied,Not Available,45,Not Available,327,92,Not Available,No,9,2
1697,Aarav Ahuja,Male,22,2023,Osmania University Hyderabad,BCA,Computer Applications,9.24,2,No,No,5,4,Excel | Docker | Laravel | Tableau | Teamwork,Internshala,LTIMindtree,EdTech,Cybersecurity Analyst,Internship,Remote,2024-01-13,Online Assessment,Not Available,42,Not Available,1153,94,Not Available,No,9,1
1700,Meera Iyer,Female,21,2023,BIT Mesra Ranchi,BCA,Computer Applications,7.02,2,No,No,4,2,C++ | TypeScript,Referral,Fractal Analytics,E-commerce,Cybersecurity Analyst,Contract,Surat,2023-03-26,Shortlisted,Not Available,35,Not Available,140,86,Not Available,No,6,0
1701,Suresh Soni,Prefer not to say,20,2022,IIIT Bangalore,B.Tech,Electronics & Communication,8.06,3,No,Yes,6,5,Selenium | Git | MATLAB | Azure,Cutshort,Paytm,Manufacturing,Marketing Analyst,Contract,Vadodara,2023-02-05,Offer,3.0,33,692151.0,150,99,Not Available,No,11,1
1702,Tushar Patel,Male,20,2020,Bangalore University,B.Com,Commerce,6.07,1,No,Yes,5,1,Spark | Scala | MATLAB | Leadership,Campus Placement,Tech Mahindra,IT/Software,Backend Developer,Contract,Chandigarh,2021-08-26,Online Assessment,Not Available,3,Not Available,1660,96,Not Available,No,6,1
1703,Jignesh Jadhav,Male,26,2020,Presidency University Kolkata,MBA,Operations,8.6,1,No,No,3,2,Spring Boot | Tableau | JavaScript | MATLAB | Laravel,LinkedIn,Lenskart,E-commerce,iOS Developer,Full-time,Bengaluru,2024-06-19,Applied,Not Available,44,Not Available,282,57,No,No,5,4
1706,Falak Desai,Female,23,2022,IIIT Allahabad,BBA,Finance,6.11,2,No,No,2,2,Python | Leadership | MongoDB | Linux | Teamwork,Naukri,L&T Infotech,Logistics,Database Administrator,Full-time,Bhubaneswar,2022-02-06,Online Assessment,Not Available,28,Not Available,2521,76,Not Available,No,4,0
1708,Nisha Verma,Female,20,2020,Kalinga University,MCA,Computer Applications,8.64,3,No,No,3,0,Laravel | Spark | Python | GraphQL,Internshala,Freshworks,Telecom,Full Stack Developer,Contract,Ahmedabad,2024-11-02,Shortlisted,Not Available,18,Not Available,1976,71,Not Available,No,3,4
1709,Chethan Goyal,Male,27,2023,SRMIST Chennai,B.Com,Finance,8.12,3,Yes,No,0,5,REST APIs | Spring Boot | Teamwork | Networking | Git,Internshala,Capgemini,Retail,Product Manager,Full-time,Coimbatore,2023-04-29,Technical Interview,5.0,11,Not Available,325,99,Not Available,No,5,0
1710,Yamini Gupta,Female,25,2021,HBTU Kanpur,B.E.,Electronics,9.97,0,No,No,3,2,AWS | Hive,WorkIndia,Qualcomm India,Manufacturing,UX Designer,Full-time,Bhubaneswar,2023-06-24,Shortlisted,Not Available,21,Not Available,1583,91,Not Available,No,5,2
1711,Lakshay Majumdar,Male,21,2021,IIT Madras,M.Tech,Software Engineering,6.59,1,Yes,No,5,1,GraphQL | Teamwork | SQL | Machine Learning,HackerEarth,Morgan Stanley India,Manufacturing,Sales Executive,Internship,Kolkata,2021-12-28,Offer,3.0,34,30709.0,278,66,Not Available,No,6,0
1712,Sneha Bose,Female,26,2021,IIM Bangalore,M.Tech,AI/ML,8.97,2,Yes,No,4,1,Data Analysis | AWS | Swift | Linux | JavaScript,LinkedIn,Microsoft India,Telecom,Cloud Engineer,Internship,Mumbai,2021-09-23,Online Assessment,Not Available,5,Not Available,232,79,Yes,No,5,0
1713,Uday Bansal,Male,24,2021,NIT Calicut,B.Sc (IT),Information Technology,5.51,3,No,Yes,5,2,Problem Solving | React | Bash Scripting | TensorFlow | Hive,LinkedIn,PolicyBazaar,IT/Software,Technical Support Engineer,Full-time,Pune,2021-07-13,Shortlisted,Not Available,6,Not Available,1151,98,No,No,7,0
1715,Nidhi Lal,Female,20,2020,Anna University Chennai,MBA,Strategy,7.89,1,No,No,1,1,JavaScript | Flutter | Swift | C++,HackerEarth,Fractal Analytics,Retail,Technical Support Engineer,Contract,Mysuru,2022-04-07,Applied,Not Available,24,Not Available,1515,80,Not Available,No,2,2
1717,Omkar Gupta,Male,21,2023,IIM Bangalore,MBA,Finance,7.0,3,No,Yes,4,4,Scala | TensorFlow,Naukri,Coforge,AgriTech,Sales Executive,Full-time,Patna,2024-12-28,HR Interview,1.0,11,Not Available,877,65,Not Available,No,8,1
1718,Rohan Rao,Male,26,2021,SRMIST Chennai,B.E.,Electrical,5.97,0,No,No,3,0,Spring Boot | Tableau | Docker,Unstop,Google India,AgriTech,Product Manager,Contract,Pune,2021-04-12,Withdrawn,Not Available,10,Not Available,2292,80,Not Available,Yes,3,0
1720,Firoz Ahuja,Male,22,2022,HBTU Kanpur,B.Sc (CS),Computer Science,5.78,3,No,No,1,2,Machine Learning | Hadoop | Git,Apna,Swiggy,Logistics,Embedded Engineer,Contract,Chennai,2024-04-20,Shortlisted,Not Available,45,Not Available,2177,72,Not Available,No,3,2
1723,Kunal Sundaram,Male,23,2021,RV College Bangalore,B.E.,Electronics,7.75,2,No,Yes,2,4,Spring Boot | Azure,Indeed,HCL Technologies,FinTech,Sales Executive,Part-time,Gurugram,2021-03-28,Offer,3.0,18,350553.0,1275,59,Not Available,No,6,0
1724,Isha Bhatt,Female,22,2022,IIM Bangalore,MBA,Operations,7.49,0,No,No,4,1,Linux | Scala | Kubernetes,LinkedIn,Fractal Analytics,E-commerce,Data Scientist,Contract,Vadodara,2022-01-23,Applied,Not Available,30,Not Available,1190,62,No,No,5,0
1726,Kamlesh Arora,Male,23,2020,IIT Bombay,M.Tech,Computer Science,8.02,0,No,No,2,4,TensorFlow | MATLAB | REST APIs | Leadership,Indeed,Bajaj Finserv,E-commerce,Database Administrator,Internship,Noida,2024-01-27,Applied,Not Available,24,Not Available,2697,79,Not Available,No,6,4
1729,Tejas Sodhi,Male,21,2022,VIT Vellore,B.Sc (IT),Information Technology,8.63,1,No,Yes,6,5,Data Analysis | MongoDB | C++ | Hadoop,LinkedIn,Mu Sigma,Retail,ML Engineer,Internship,Bengaluru,2024-06-21,Rejected,3.0,24,Not Available,1036,59,No,No,11,2
1732,Zara Lodha,Female,22,2020,Pune University,BBA,Marketing,5.57,3,No,No,0,1,JavaScript | REST APIs,LinkedIn,Citi India,Logistics,DevOps Engineer,Full-time,Chandigarh,2023-01-29,Offer,1.0,6,905138.0,1542,88,No,No,1,3
1733,Arjun Mukherjee,Male,27,2022,MNNIT Allahabad,B.E.,Mechanical,6.02,1,No,Yes,3,0,MongoDB | Problem Solving | Networking | AWS,Glassdoor,1mg,IT/Software,iOS Developer,Full-time,Jaipur,2022-04-17,Online Assessment,Not Available,8,Not Available,478,76,Not Available,Yes,3,0
1734,Wasim Srivastava,Male,27,2020,Manipal Institute of Technology,B.Sc (CS),Computer Science,8.27,2,Yes,Yes,5,3,Python | Hive | Communication | Linux,Referral,Ola,Manufacturing,Marketing Analyst,Full-time,Vadodara,2021-03-15,Online Assessment,Not Available,32,Not Available,354,66,Not Available,Yes,8,1
1735,Ishan Kumar,Male,24,2022,IIM Calcutta,BCA,Computer Applications,9.67,3,No,Yes,4,3,Git | Power BI | Tableau,Indeed,Microsoft India,Logistics,Software Engineer,Contract,Visakhapatnam,2024-09-03,Technical Interview,3.0,16,Not Available,354,92,Not Available,No,7,2
1736,Deepika Dixit,Female,21,2021,XLRI Jamshedpur,BBA,HR,9.74,0,No,No,5,5,PHP | Selenium | Teamwork,AngelList,L&T Infotech,Media & Entertainment,Sales Executive,Part-time,Noida,2024-06-29,Applied,Not Available,23,Not Available,1134,95,Not Available,No,10,3
1737,Pooja Das,Female,26,2023,Manipal Institute of Technology,BCA,Computer Applications,6.59,3,No,No,6,3,Ruby on Rails | React | Node.js | C++,Naukri,BYJU's,Automotive,Android Developer,Internship,Vadodara,2023-08-18,Applied,Not Available,18,Not Available,824,56,Not Available,No,9,0
1739,Devika Desai,Female,26,2023,IIT Kanpur,MCA,Computer Applications,5.57,3,No,No,4,2,MATLAB | AWS,Naukri,NIIT Technologies,IT/Software,Digital Marketing Executive,Internship,Kochi,2024-04-16,Shortlisted,Not Available,8,Not Available,408,56,Not Available,No,6,1
1742,Kamlesh Dubey,Male,20,2023,Thapar University,B.E.,Electrical,6.03,0,No,No,4,4,PyTorch | Swift | PHP,Naukri,TCS,EdTech,Backend Developer,Part-time,Delhi NCR,2023-07-11,Shortlisted,Not Available,37,Not Available,2898,60,Not Available,No,8,0
1743,Simran Roy,Female,25,2022,IIT Delhi,B.Tech,Information Technology,6.35,3,No,No,5,0,Selenium | Kubernetes | Scala | R,Referral,Unacademy,Automotive,HR Executive,Full-time,Lucknow,2022-05-23,Offer,4.0,3,456392.0,860,92,Not Available,Yes,5,0
1745,Aarav Ramachandran,Male,22,2021,Manipal Institute of Technology,B.E.,Civil,5.54,0,No,Yes,5,4,MongoDB | TensorFlow | Node.js | TypeScript,LinkedIn,Coforge,HealthTech,Product Manager,Full-time,Coimbatore,2021-04-09,Shortlisted,Not Available,38,Not Available,1233,97,No,No,9,0
1746,Simran Grewal,Female,22,2021,SRMIST Chennai,BCA,Computer Applications,8.6,3,No,Yes,2,2,Machine Learning | Networking,Naukri,Ola,Retail,Android Developer,Full-time,Kochi,2022-12-30,HR Interview,5.0,38,Not Available,632,60,Not Available,No,4,1
1747,Lalit Ramachandran,Male,26,2022,MDI Gurgaon,BBA,Marketing,9.32,3,No,Yes,4,0,Deep Learning | Power BI,Internshala,Lenskart,Consulting,Business Analyst,Internship,Gurugram,2022-09-14,Applied,Not Available,15,Not Available,2792,98,Not Available,No,4,0
1749,Firoz Verma,Male,25,2020,IIM Ahmedabad,BCA,Computer Applications,8.9,3,No,No,6,4,C++ | Node.js | Java | Spring Boot | Figma,Referral,Groww,Automotive,QA Engineer,Full-time,Chennai,2024-12-16,Shortlisted,Not Available,24,Not Available,1776,78,Not Available,No,10,4
1750,Madhuri Soni,Female,25,2022,SRMIST Chennai,B.Tech,Information Technology,8.75,2,Yes,Yes,4,4,Data Analysis | PHP | Cybersecurity | Communication | Spring Boot,Shine,LTIMindtree,Automotive,Systems Engineer,Full-time,Hyderabad,2022-06-12,Shortlisted,Not Available,34,Not Available,1652,57,Not Available,Yes,8,0
1753,Kavya Bhatia,Female,20,2023,COEP Pune,MCA,Computer Applications,7.51,2,No,Yes,2,1,Kotlin | Hive | Spring Boot | Bash Scripting,LinkedIn,HDFC Bank,Consulting,SEO Analyst,Full-time,Kolkata,2023-03-08,Applied,Not Available,12,Not Available,1087,85,No,No,3,0
1754,Nisha Mukherjee,Female,23,2021,Presidency University Kolkata,MBA,Operations,7.37,0,No,No,6,5,Linux | Communication | Scala,Naukri,Qualcomm India,Retail,HR Executive,Full-time,Surat,2021-11-28,Technical Interview,1.0,44,Not Available,1531,86,Not Available,No,11,0
1755,Divya More,Female,26,2020,IIT Kanpur,M.Tech,AI/ML,8.95,3,No,No,0,0,Git | PyTorch | MATLAB,Internshala,MakeMyTrip,AgriTech,iOS Developer,Full-time,Coimbatore,2024-09-02,Rejected,5.0,9,Not Available,1877,88,Not Available,No,0,4
1756,Dinesh Mathur,Male,25,2022,IIT Bombay,BCA,Computer Applications,6.84,3,No,Yes,0,1,Problem Solving | R | Python | AWS | Laravel,Cutshort,Zoho,Consulting,Content Writer,Full-time,Remote,2023-06-03,Rejected,4.0,12,Not Available,2385,69,Not Available,No,1,1
1758,Abhinav Venkatesh,Male,26,2022,COEP Pune,B.Sc (CS),Computer Science,5.81,3,No,No,4,1,JavaScript | Problem Solving | Tableau | Flutter | Laravel,Naukri,Razorpay,AgriTech,SEO Analyst,Full-time,Delhi NCR,2022-12-25,HR Interview,3.0,34,Not Available,1005,72,Not Available,No,5,0
1760,Zaid Sethi,Male,22,2023,NIT Trichy,B.Sc (IT),Information Technology,9.12,0,Yes,Yes,3,1,Laravel | Node.js | Docker | PyTorch | MongoDB,Campus Placement,NIIT Technologies,E-commerce,Business Analyst,Internship,Kolkata,2023-02-14,Rejected,2.0,6,Not Available,1010,88,Not Available,No,4,0
1761,Rohan Sandhu,Male,23,2020,Symbiosis Pune,B.E.,Civil,7.41,0,No,Yes,5,5,Spark | Networking | Laravel | PHP | TypeScript,Unstop,Tiger Analytics,Telecom,Digital Marketing Executive,Contract,Chennai,2021-06-05,Online Assessment,Not Available,12,Not Available,1328,84,Not Available,No,10,1
1763,Amit Walia,Prefer not to say,23,2022,SVNIT Surat,B.E.,Electronics,9.0,1,No,Yes,2,3,React | Kubernetes,Referral,Angel One,E-commerce,SEO Analyst,Full-time,Delhi NCR,2024-02-16,Applied,Not Available,37,Not Available,1414,60,Not Available,No,5,2
1765,Nisha Kumar,Female,21,2021,Bangalore University,B.Sc (IT),Information Technology,7.53,0,No,No,4,2,Kotlin | C++ | Power BI | SQL | Linux,Campus Placement,Infosys,Manufacturing,Operations Analyst,Full-time,Patna,2021-09-15,Shortlisted,Not Available,13,Not Available,814,57,Not Available,Yes,6,0
1767,Neha Shukla,Female,22,2024,Pune University,BCA,Computer Applications,8.9,0,No,Yes,3,2,Scala | Hive | Docker,LinkedIn,Practo,Retail,Digital Marketing Executive,Full-time,Visakhapatnam,2024-03-31,HR Interview,1.0,33,Not Available,2016,63,No,Yes,5,0
1769,Itisha Jadhav,Female,26,2024,IIT Delhi,B.E.,Electronics,6.03,2,No,Yes,0,2,Communication | Data Analysis | Deep Learning | SQL | Cybersecurity,Referral,Zomato,Manufacturing,Cloud Engineer,Internship,Coimbatore,2024-07-17,HR Interview,4.0,42,Not Available,2603,63,Not Available,No,2,0
1771,Firoz Menon,Male,26,2020,Presidency University Kolkata,MCA,Computer Applications,6.45,2,No,No,1,5,Hadoop | Swift | Excel | AWS,LinkedIn,Mu Sigma,IT/Software,Full Stack Developer,Full-time,Jaipur,2022-02-17,Offer,4.0,2,1229451.0,1519,69,Yes,No,6,2
1772,Bhumi Ahuja,Female,20,2022,IIEST Shibpur,M.Tech,Computer Science,6.69,2,No,No,2,2,MATLAB | TensorFlow,Internshala,Nykaa,E-commerce,Data Scientist,Full-time,Jaipur,2024-07-31,Rejected,5.0,44,Not Available,1234,61,Not Available,Yes,4,2
1774,Hitesh Ahuja,Male,22,2022,Nirma University Ahmedabad,B.Com,Finance,6.96,1,No,No,4,0,Kotlin | Java | Excel,Indeed,Nykaa,FinTech,Business Analyst,Full-time,Chandigarh,2024-02-05,Offer,3.0,37,679406.0,2681,99,Not Available,No,4,2
1777,Natasha Swamy,Female,27,2020,IIT Roorkee,B.Tech,Civil Engineering,8.48,0,No,No,0,3,MongoDB | SQL | Teamwork | Flutter | Power BI,LinkedIn,Tech Mahindra,Automotive,Finance Analyst,Internship,Bhubaneswar,2021-10-05,Rejected,4.0,27,Not Available,362,63,Yes,No,3,1
1779,Jyoti Khanna,Female,24,2020,Pune University,B.Sc (CS),Computer Science,6.77,1,No,No,5,3,R | Hadoop | Scala | JavaScript,Naukri,MakeMyTrip,Retail,iOS Developer,Contract,Patna,2024-03-16,Offer,3.0,22,264272.0,2563,78,Not Available,Yes,8,4
1784,Akhil Bhatia,Male,27,2024,Jadavpur University Kolkata,B.Com,Accounting,8.63,2,No,No,5,2,React | Excel,Naukri,Urban Company,Media & Entertainment,Operations Analyst,Internship,Coimbatore,2024-06-29,Shortlisted,Not Available,11,Not Available,2919,83,Not Available,No,7,0
1785,Onkar Choudhury,Male,20,2020,IIIT Allahabad,B.E.,Computer Science,8.27,2,No,Yes,6,2,AWS | C++ | SQL,LinkedIn,Practo,AgriTech,Technical Support Engineer,Contract,Patna,2022-08-01,Applied,Not Available,45,Not Available,1562,91,No,No,8,2
1786,Chitra Pillai,Female,21,2022,VIT Vellore,B.Sc (CS),Computer Science,7.33,0,No,Yes,6,4,Teamwork | MATLAB | PyTorch | GraphQL | Swift,LinkedIn,Swiggy,Banking & Finance,UX Designer,Contract,Vadodara,2024-04-02,Shortlisted,Not Available,5,Not Available,500,62,No,No,10,2
1787,Vishal Porwal,Male,20,2021,NSUT Delhi,B.E.,Mechanical,8.41,3,Yes,Yes,1,1,Deep Learning | Networking | Teamwork | Docker | Flutter,Internshala,Samsung India,Media & Entertainment,Finance Analyst,Internship,Kolkata,2023-07-03,Applied,Not Available,18,Not Available,1941,96,Not Available,No,2,2
1788,Vikram Balakrishnan,Male,20,2022,MNNIT Allahabad,M.Tech,Computer Science,5.8,3,No,No,2,0,Azure | Networking,Indeed,Morgan Stanley India,FinTech,Network Engineer,Internship,Chennai,2022-07-20,Shortlisted,Not Available,15,Not Available,1858,93,Not Available,No,2,0
1789,Vinay Joshi,Male,24,2022,PES University Bangalore,MCA,Computer Applications,6.03,0,No,No,5,3,Scala | Power BI | Leadership | Selenium | REST APIs,Naukri,Fractal Analytics,Telecom,Network Engineer,Internship,Chandigarh,2024-12-05,Applied,Not Available,16,Not Available,2882,70,Not Available,No,8,2
1791,Jhanvi Chaudhary,Female,23,2020,IIT Delhi,B.E.,Civil,6.38,2,Yes,No,2,4,SQL | Hive | Deep Learning,Internshala,Mphasis,Consulting,QA Engineer,Internship,Noida,2021-04-18,Shortlisted,Not Available,22,Not Available,2694,95,Not Available,No,6,1
1793,Arnav Pandey,Male,26,2022,NIT Trichy,B.Tech,Electronics & Communication,8.76,3,No,No,3,1,Machine Learning | Django | C++ | JavaScript | TypeScript,Naukri,Zoho,Banking & Finance,Database Administrator,Internship,Indore,2024-06-28,Applied,Not Available,12,Not Available,292,78,Not Available,No,4,2
1795,Siddharth Choudhury,Male,22,2021,NIT Warangal,B.E.,Mechanical,6.04,3,No,No,3,4,TypeScript | PyTorch | Java,Naukri,Tiger Analytics,Manufacturing,ML Engineer,Full-time,Noida,2024-10-22,Offer,1.0,12,1067243.0,785,57,Not Available,No,7,3
1796,Madhuri Verma,Female,20,2023,IIIT Bangalore,BCA,Computer Applications,6.15,3,No,No,4,2,Networking | TensorFlow | Swift,Glassdoor,BYJU's,Retail,Database Administrator,Full-time,Delhi NCR,2023-09-23,Offer,5.0,43,744058.0,2220,83,Not Available,No,6,0
1797,Heena Rao,Female,21,2020,IIT Roorkee,B.Sc (CS),Computer Science,8.44,1,No,No,1,4,Django | Machine Learning | Azure,LinkedIn,PolicyBazaar,Manufacturing,Data Analyst,Full-time,Surat,2021-03-03,Shortlisted,Not Available,16,Not Available,2627,66,No,No,5,1
1798,Leena Patil,Female,26,2020,Anna University Chennai,B.E.,Electronics,7.38,3,No,Yes,5,2,REST APIs | GraphQL | Tableau,LinkedIn,1mg,IT/Software,Backend Developer,Full-time,Gurugram,2024-10-04,Shortlisted,Not Available,25,Not Available,2559,57,No,No,7,4
1800,Bharat Bhatnagar,Male,26,2020,Pune University,B.Com,Accounting,9.43,0,No,Yes,3,2,Networking | Tableau | Deep Learning | MATLAB | TensorFlow,Indeed,Deloitte,FinTech,Full Stack Developer,Full-time,Nagpur,2023-11-08,Shortlisted,Not Available,12,Not Available,1473,93,Not Available,No,5,3
1801,Harini Porwal,Female,21,2023,IIEST Shibpur,B.Sc (IT),Information Technology,8.93,1,No,No,2,1,React | Ruby on Rails | Selenium | Docker,Campus Placement,Practo,Consulting,Business Analyst,Full-time,Chandigarh,2024-10-23,Online Assessment,Not Available,11,Not Available,2793,71,Not Available,No,3,1
1802,Heena Balakrishnan,Female,23,2023,IIIT Hyderabad,B.Tech,Chemical Engineering,8.13,1,No,No,0,4,Networking | Data Analysis | Kotlin,Internshala,Coforge,AgriTech,Android Developer,Full-time,Remote,2024-03-26,Applied,Not Available,25,Not Available,1748,88,Not Available,No,4,1
1808,Irfan Mishra,Male,21,2021,BITS Goa,B.Tech,Chemical Engineering,6.2,0,No,Yes,2,3,Django | JavaScript | PyTorch | Excel,Indeed,Zerodha,Manufacturing,Digital Marketing Executive,Internship,Indore,2023-07-28,Offer,5.0,27,36511.0,2707,78,Not Available,No,5,2
1810,Pranav Malhotra,Male,27,2023,DTU Delhi,B.Sc (IT),Information Technology,6.17,1,Yes,Yes,2,1,Bash Scripting | GraphQL,Campus Placement,Uber India,Retail,Business Analyst,Internship,Mysuru,2024-03-26,Applied,Not Available,15,Not Available,1104,83,Not Available,No,3,1
1813,Amrita Bhatt,Female,24,2022,Nirma University Ahmedabad,B.Com,Finance,5.69,2,No,Yes,4,3,TypeScript | R,Unstop,Amazon India,Consulting,Database Administrator,Full-time,Gurugram,2024-05-07,Technical Interview,4.0,7,Not Available,1288,75,Not Available,No,7,2
1814,Pranav Menon,Male,26,2020,IIM Ahmedabad,B.Sc (CS),Computer Science,7.6,2,No,Yes,0,3,Git | Problem Solving,Naukri,Urban Company,Logistics,Software Engineer,Full-time,Mysuru,2024-11-22,Offer,3.0,31,751136.0,370,63,Not Available,No,3,4
1815,Utsav Khatri,Male,25,2021,IIM Bangalore,B.E.,Electronics,5.99,2,No,No,3,4,AWS | Hadoop | Figma | Selenium | Azure,Referral,Barclays India,Banking & Finance,Cybersecurity Analyst,Full-time,Coimbatore,2022-02-05,Applied,Not Available,7,Not Available,2691,79,Not Available,No,7,1
1817,Bharat Joshi,Male,23,2024,MDI Gurgaon,M.Tech,Data Science,9.3,3,No,Yes,3,4,GraphQL | Leadership,LinkedIn,Paytm,Manufacturing,Recruiter,Internship,Mumbai,2024-06-16,Shortlisted,Not Available,13,Not Available,1723,98,No,No,7,0
1818,Ishan Pandey,Male,22,2021,BITS Pilani,B.Sc (CS),Computer Science,8.28,3,No,Yes,6,2,Kubernetes | Laravel | Linux,Cutshort,Hexaware,Automotive,Sales Executive,Full-time,Coimbatore,2023-08-07,Offer,4.0,27,738780.0,1062,87,Not Available,No,8,2
1819,Charmi Oswal,Female,22,2021,Bangalore University,B.Sc (IT),Information Technology,7.69,3,No,Yes,4,3,React | REST APIs,Campus Placement,Tiger Analytics,Manufacturing,SEO Analyst,Full-time,Remote,2022-12-03,Online Assessment,Not Available,22,Not Available,1471,67,Not Available,No,7,1
1820,Riya Sengupta,Female,25,2024,Nirma University Ahmedabad,BCA,Computer Applications,7.92,1,No,Yes,4,5,Bash Scripting | Azure | PHP | Docker | Git,Cutshort,Citi India,Banking & Finance,QA Engineer,Internship,Vadodara,2024-06-16,Shortlisted,Not Available,15,Not Available,398,74,Not Available,No,9,0
1821,Trisha Pandey,Female,21,2022,Manipal Institute of Technology,B.Sc (IT),Information Technology,8.11,3,No,Yes,1,4,Swift | Communication | C++ | Teamwork,LinkedIn,Persistent Systems,E-commerce,Database Administrator,Internship,Nagpur,2024-07-27,Technical Interview,4.0,2,Not Available,873,78,No,No,5,2
1823,Jay Lodha,Male,22,2021,IIT Kharagpur,BBA,Marketing,9.2,0,No,Yes,0,0,GraphQL | Linux | Kubernetes,LinkedIn,Google India,HealthTech,QA Engineer,Full-time,Mysuru,2023-07-02,Applied,Not Available,37,Not Available,274,100,No,No,0,2
1825,Riya Soni,Female,22,2022,IIT Kanpur,B.Sc (CS),Computer Science,6.03,0,No,No,2,5,GraphQL | C++ | Data Analysis | Django,Unstop,Goldman Sachs,AgriTech,Product Manager,Contract,Hyderabad,2023-09-21,Technical Interview,2.0,41,Not Available,846,68,Not Available,No,7,1
1826,Wahida Mehta,Female,27,2020,Christ University Bangalore,BCA,Computer Applications,8.31,1,Yes,Yes,0,3,TypeScript | Machine Learning | Power BI,LinkedIn,Mindtree,Telecom,Android Developer,Internship,Hyderabad,2024-10-14,Applied,Not Available,2,Not Available,2278,58,Yes,No,3,4
1828,Onkar Sandhu,Male,26,2021,Delhi University,B.Tech,Mechanical Engineering,6.54,2,No,Yes,1,0,Hive | Kubernetes | Spark | React | Communication,Naukri,Cognizant,Automotive,Android Developer,Full-time,Kolkata,2024-06-28,Technical Interview,5.0,31,Not Available,617,88,Not Available,No,1,3
1829,Kartik Kulkarni,Male,21,2020,KIIT Bhubaneswar,M.Tech,Data Science,6.49,1,No,No,2,1,Laravel | R | JavaScript | Deep Learning,Cutshort,LTIMindtree,Consulting,Network Engineer,Internship,Vadodara,2021-12-17,Applied,Not Available,36,Not Available,1533,90,Not Available,No,3,1
1830,Naveen Gupta,Male,21,2020,GLA University Mathura,B.E.,Mechanical,8.55,2,No,No,2,3,Python | Selenium | Problem Solving,LinkedIn,Flipkart,FinTech,Database Administrator,Internship,Lucknow,2023-08-13,Applied,Not Available,13,Not Available,2829,63,Yes,No,5,3
1831,Jatin Lal,Male,20,2021,Amity University Noida,B.Sc (IT),Information Technology,8.08,0,No,Yes,0,5,SQL | Networking | JavaScript | Power BI,Unstop,Paytm,Retail,Systems Engineer,Full-time,Pune,2024-05-08,Shortlisted,Not Available,39,Not Available,1449,83,Not Available,No,5,3
1832,Suresh Das,Male,26,2021,IIIT Bangalore,B.Tech,Computer Science,7.72,3,No,No,5,1,Linux | Java | Deep Learning,LinkedIn,Flipkart,Telecom,Finance Analyst,Full-time,Lucknow,2024-06-29,Technical Interview,2.0,8,Not Available,722,86,No,No,6,3
1834,Utsav Bansal,Male,25,2024,IIIT Hyderabad,B.Sc (IT),Information Technology,7.47,2,No,Yes,3,3,Git | MongoDB,Internshala,Hexaware,AgriTech,Data Analyst,Full-time,Coimbatore,2024-04-05,Shortlisted,Not Available,18,Not Available,1430,59,Not Available,Yes,6,0
1835,Ananya Saxena,Female,22,2022,Chandigarh University,B.Com,Accounting,5.51,1,No,Yes,4,3,C++ | Networking | Laravel | JavaScript,Campus Placement,Qualcomm India,Media & Entertainment,Finance Analyst,Full-time,Bengaluru,2024-11-19,Rejected,2.0,25,Not Available,952,87,Not Available,No,7,2
1837,Komal Bansal,Female,27,2022,Jadavpur University Kolkata,M.Tech,Computer Science,6.92,0,No,No,2,2,Ruby on Rails | Hadoop | Tableau | Networking,Shine,Bosch India,EdTech,Digital Marketing Executive,Internship,Ahmedabad,2022-11-10,Online Assessment,Not Available,43,Not Available,1251,91,Not Available,No,4,0
1838,Geeta Lal,Female,21,2023,Jadavpur University Kolkata,MBA,Marketing,9.75,2,No,No,3,5,Node.js | AWS | Python | TypeScript,Cutshort,IBM India,Retail,Business Analyst,Full-time,Gurugram,2024-03-23,Shortlisted,Not Available,5,Not Available,551,60,Not Available,No,8,1
1839,Pallavi Pillai,Female,26,2020,Symbiosis Pune,B.Com,Finance,8.73,0,No,Yes,5,2,Hive | SQL | Spark | Scala | Selenium,Monster,Barclays India,IT/Software,Software Engineer,Part-time,Chandigarh,2024-06-17,Online Assessment,Not Available,34,Not Available,901,71,Not Available,No,7,4
1840,Priya Dixit,Prefer not to say,24,2021,IIT Kanpur,B.Tech,Information Technology,6.23,2,No,No,1,4,Git | Problem Solving | TypeScript | C++ | REST APIs,Internshala,Unacademy,Manufacturing,HR Executive,Full-time,Chandigarh,2022-09-29,Applied,Not Available,8,Not Available,2533,58,Not Available,No,5,1
1843,Deepika Walia,Female,24,2022,Jadavpur University Kolkata,MCA,Computer Applications,7.0,3,No,Yes,2,1,Hive | R | Figma | Data Analysis,LinkedIn,Mphasis,Automotive,SEO Analyst,Full-time,Patna,2022-07-05,Online Assessment,Not Available,6,Not Available,1044,89,No,No,3,0
1846,Zaid Bhatt,Male,25,2023,BITS Pilani,B.Tech,Information Technology,9.88,2,No,No,0,5,Flutter | Leadership | Machine Learning,LinkedIn,Microsoft India,Telecom,Data Analyst,Internship,Lucknow,2024-08-31,Offer,2.0,41,15312.0,441,70,No,No,5,1
1848,Tanvi Srivastava,Prefer not to say,21,2020,KIIT Bhubaneswar,M.Tech,Computer Science,8.35,3,No,No,0,1,Python | REST APIs | R | Spring Boot,Indeed,Tata Steel,Logistics,Content Writer,Full-time,Pune,2024-03-23,Applied,Not Available,45,Not Available,1054,76,Not Available,Yes,1,4
1849,Tanvi Kulkarni,Female,24,2022,IIEST Shibpur,MCA,Computer Applications,5.62,1,No,Yes,6,4,Flutter | GraphQL | Communication | Kubernetes,Naukri,Citi India,Media & Entertainment,UX Designer,Full-time,Chandigarh,2022-08-27,Online Assessment,Not Available,10,Not Available,2748,58,Not Available,No,10,0
1851,Mansi Garg,Female,26,2022,MDI Gurgaon,B.Tech,Civil Engineering,9.53,2,No,Yes,4,2,React | Tableau | Hadoop,LinkedIn,Tiger Analytics,Media & Entertainment,UX Designer,Internship,Nagpur,2022-11-28,Applied,Not Available,15,Not Available,2570,68,No,No,6,0
1852,Harini Malhotra,Prefer not to say,25,2022,XLRI Jamshedpur,BCA,Computer Applications,6.66,1,No,No,6,0,PHP | MATLAB | Excel,Naukri,Microsoft India,E-commerce,Product Manager,Full-time,Chennai,2022-04-16,Withdrawn,Not Available,30,Not Available,648,57,Not Available,No,6,0
1853,Sonali Krishnan,Female,25,2021,IIM Calcutta,M.Tech,Computer Science,9.74,0,No,Yes,1,4,REST APIs | Excel | Power BI | Django | Machine Learning,LinkedIn,Infosys,Retail,HR Executive,Contract,Kolkata,2024-08-04,Online Assessment,Not Available,23,Not Available,2845,89,No,No,5,3
1854,Nidhi Pandey,Female,21,2024,IIEST Shibpur,B.Sc (IT),Information Technology,9.46,0,No,Yes,4,4,PHP | MongoDB,Monster,Barclays India,E-commerce,Cybersecurity Analyst,Full-time,Vadodara,2024-02-22,Applied,Not Available,9,Not Available,2681,55,Not Available,No,8,0
1855,Firoz Bhatt,Male,25,2022,NIT Surathkal,B.Sc (IT),Information Technology,6.34,3,No,No,3,1,Problem Solving | JavaScript,Campus Placement,Meesho,E-commerce,Product Manager,Full-time,Bhubaneswar,2022-02-06,Offer,4.0,2,666972.0,2560,96,Not Available,Yes,4,0
1856,Piyush Chauhan,Male,23,2021,Pune University,B.Sc (CS),Computer Science,8.46,3,No,Yes,2,3,TypeScript | Cybersecurity | Java,Glassdoor,Zomato,E-commerce,Business Analyst,Contract,Chennai,2023-01-20,Online Assessment,Not Available,35,Not Available,2458,82,Not Available,No,5,2
1857,Varun Shah,Prefer not to say,24,2020,Symbiosis Pune,B.Com,Finance,6.31,1,No,Yes,4,2,C++ | Selenium | Spring Boot,Internshala,Deloitte,Manufacturing,Backend Developer,Internship,Lucknow,2022-03-08,Applied,Not Available,37,Not Available,1948,86,Not Available,No,6,2
1858,Vinay Anand,Male,25,2020,IIT Hyderabad,B.Com,Commerce,5.74,2,No,Yes,1,3,Spring Boot | JavaScript | MongoDB | R | AWS,Naukri,LTIMindtree,E-commerce,HR Executive,Part-time,Chandigarh,2021-07-08,Applied,Not Available,3,Not Available,129,68,Not Available,No,4,1
1860,Tejas Chauhan,Male,27,2021,Bangalore University,B.E.,Computer Science,6.13,0,No,Yes,6,5,JavaScript | Azure,Naukri,ICICI Bank,Telecom,Software Engineer,Full-time,Indore,2023-07-20,Technical Interview,2.0,36,Not Available,764,98,Not Available,No,11,2
1863,Dinesh Verma,Male,26,2020,SRMIST Chennai,B.Sc (CS),Computer Science,9.33,3,No,Yes,0,3,MongoDB | Kubernetes,Naukri,Tata Steel,EdTech,Digital Marketing Executive,Part-time,Coimbatore,2023-01-29,Applied,Not Available,6,Not Available,442,95,Not Available,No,3,3
1864,Vandana Dubey,Female,24,2020,IIT Kanpur,MBA,Finance,8.54,2,No,No,4,0,Ruby on Rails | Java | PHP | Flutter | Tableau,Naukri,Persistent Systems,Manufacturing,Network Engineer,Internship,Ahmedabad,2023-05-25,Applied,Not Available,17,Not Available,2645,90,Not Available,No,4,3
1865,Urvashi Oswal,Female,27,2022,BITS Goa,MBA,Strategy,6.82,1,No,No,0,5,Excel | Spring Boot | PHP | Machine Learning,Campus Placement,Siemens India,Consulting,Network Engineer,Full-time,Nagpur,2024-10-08,Online Assessment,Not Available,4,Not Available,2887,83,Not Available,No,5,2
1866,Simran Krishnan,Female,22,2022,VIT Vellore,B.Tech,Electronics & Communication,7.0,0,No,Yes,3,4,Django | SQL | Hadoop | Power BI,Cutshort,Zoho,FinTech,Product Manager,Full-time,Delhi NCR,2024-08-15,HR Interview,3.0,37,Not Available,2576,92,Not Available,No,7,2
1867,Xander Bose,Male,20,2020,Osmania University Hyderabad,BCA,Computer Applications,9.41,3,No,Yes,6,4,Kubernetes | Selenium | JavaScript | Django | Excel,Campus Placement,Cognizant,Automotive,Data Scientist,Full-time,Delhi NCR,2022-03-30,Technical Interview,4.0,2,Not Available,316,73,Not Available,No,10,2
1868,Rajesh Walia,Male,27,2021,Kalinga University,BBA,Finance,5.82,0,No,No,4,0,TypeScript | Networking | Power BI | Azure | Bash Scripting,AngelList,Upstox,Automotive,Cloud Engineer,Full-time,Delhi NCR,2023-07-24,Applied,Not Available,13,Not Available,188,70,Not Available,No,4,2
1870,Tanya Rajan,Female,24,2020,IIT Bombay,BBA,HR,5.75,1,No,No,5,3,Cybersecurity | React | Laravel | Python | Spring Boot,LinkedIn,Upstox,Manufacturing,Technical Support Engineer,Full-time,Bhopal,2021-03-25,Applied,Not Available,4,Not Available,134,61,Yes,Yes,8,1
1872,Onkar Lal,Prefer not to say,24,2020,IIT Kanpur,MCA,Computer Applications,9.26,1,No,Yes,4,3,AWS | GraphQL | Docker | Flutter,Unstop,Zomato,Consulting,QA Engineer,Full-time,Delhi NCR,2023-09-20,Applied,Not Available,10,Not Available,1388,71,Not Available,No,7,3
1873,Sonali Khanna,Female,25,2022,IIT Madras,BCA,Computer Applications,9.66,1,No,Yes,4,5,Git | Communication | Hive,Internshala,L&T Infotech,Media & Entertainment,QA Engineer,Contract,Coimbatore,2022-11-05,Applied,Not Available,11,Not Available,1255,64,Not Available,No,9,0
1874,Chitra Majumdar,Female,23,2021,Lovely Professional University,BCA,Computer Applications,6.02,3,No,Yes,3,3,MATLAB | Data Analysis,LinkedIn,Freshworks,IT/Software,Finance Analyst,Full-time,Kolkata,2024-06-14,Offer,4.0,1,436585.0,1012,61,No,No,6,3
1878,Jyoti Gupta,Female,20,2021,MNNIT Allahabad,B.E.,Mechanical,6.55,3,No,No,4,2,Data Analysis | Ruby on Rails | Deep Learning | Excel,LinkedIn,Goldman Sachs,HealthTech,Technical Support Engineer,Contract,Patna,2022-05-17,Applied,Not Available,25,Not Available,1758,87,No,No,6,1
1880,Nisha Chatterjee,Female,21,2022,JNTUH Hyderabad,B.Com,Commerce,8.37,1,No,Yes,4,2,Ruby on Rails | React | MongoDB,Naukri,BigBasket,Media & Entertainment,Recruiter,Full-time,Mumbai,2024-03-27,Offer,3.0,13,644655.0,2508,83,Not Available,No,6,2
1881,Xander Khatri,Male,22,2020,MDI Gurgaon,MBA,Finance,5.67,0,Yes,No,6,2,Power BI | Python | C++ | AWS,Indeed,HDFC Bank,E-commerce,Systems Engineer,Full-time,Indore,2022-11-19,Shortlisted,Not Available,19,Not Available,648,83,Not Available,No,8,2
1882,Leena Patel,Female,22,2023,MDI Gurgaon,B.Sc (CS),Computer Science,9.42,3,No,Yes,5,0,Teamwork | Tableau,LinkedIn,Capgemini,Telecom,HR Executive,Full-time,Coimbatore,2023-10-28,Offer,2.0,6,499424.0,1181,61,No,No,5,0
1883,Eshan Trivedi,Male,23,2020,IIM Ahmedabad,MCA,Computer Applications,8.79,0,No,Yes,5,1,PyTorch | Swift,Naukri,PhonePe,Media & Entertainment,Cybersecurity Analyst,Internship,Jaipur,2022-09-29,Offer,2.0,35,19657.0,1214,97,Not Available,No,6,2
1887,Naman Yadav,Male,26,2021,Pune University,BBA,Marketing,6.06,0,No,No,2,1,Ruby on Rails | Kotlin | React | REST APIs | Power BI,Naukri,Meesho,Manufacturing,Digital Marketing Executive,Internship,Surat,2024-10-26,Online Assessment,Not Available,4,Not Available,1482,72,Not Available,No,3,3
1888,Harini Rastogi,Female,26,2021,Osmania University Hyderabad,M.Tech,Data Science,8.25,2,No,No,6,0,Node.js | Azure | Python | Scala | Hadoop,Unstop,Fractal Analytics,Logistics,Cybersecurity Analyst,Internship,Vadodara,2023-09-02,Online Assessment,Not Available,10,Not Available,2780,99,Not Available,No,6,2
1890,Parth Kulkarni,Male,23,2020,Nirma University Ahmedabad,B.E.,Computer Science,6.94,2,No,Yes,3,5,SQL | PHP | C++,Naukri,TCS,Media & Entertainment,ML Engineer,Internship,Kochi,2022-05-27,Applied,Not Available,44,Not Available,1562,62,Not Available,No,8,2
1892,Urvashi Subramaniam,Female,27,2022,BITS Pilani,B.Sc (IT),Information Technology,9.2,2,No,No,0,3,Data Analysis | Deep Learning | Django,Naukri,Goldman Sachs,Media & Entertainment,Operations Analyst,Full-time,Jaipur,2023-07-25,HR Interview,4.0,30,Not Available,2866,87,Not Available,No,3,1
1893,Varsha Rao,Female,22,2022,IIT Delhi,M.Tech,VLSI,7.42,0,No,No,5,2,Flutter | Django,AngelList,Absolutdata,Banking & Finance,Data Analyst,Full-time,Coimbatore,2023-04-20,Shortlisted,Not Available,14,Not Available,606,79,Not Available,No,7,1
1894,Bharat Bose,Male,24,2020,NIT Warangal,B.Sc (IT),Information Technology,8.53,2,No,Yes,2,4,Git | GraphQL | Spring Boot,LinkedIn,Infosys,Banking & Finance,Cybersecurity Analyst,Internship,Pune,2021-01-16,Rejected,5.0,32,Not Available,482,79,No,No,6,1
1895,Sachin Ahuja,Male,22,2023,IIT Kanpur,BBA,Business Administration,7.78,1,No,No,4,4,Hadoop | AWS | SQL | PyTorch | Docker,LinkedIn,Upstox,Banking & Finance,QA Engineer,Internship,Bhopal,2023-05-13,HR Interview,4.0,7,Not Available,2144,57,No,No,8,0
1898,Keshav Mishra,Male,23,2022,BITS Pilani,B.Sc (CS),Computer Science,5.61,1,No,Yes,3,2,Hive | Flutter | Selenium | Git | Teamwork,Unstop,Intel India,Consulting,Data Scientist,Full-time,Vadodara,2022-06-03,Online Assessment,Not Available,8,Not Available,2160,86,Not Available,No,5,0
1899,Usha Srivastava,Prefer not to say,21,2021,Bangalore University,MBA,Business Analytics,7.94,3,No,Yes,0,2,Excel | React,Naukri,Nykaa,HealthTech,Systems Engineer,Internship,Chandigarh,2021-04-21,Online Assessment,Not Available,43,Not Available,1753,75,Not Available,No,2,0
1903,Neeraj Reddy,Male,24,2023,COEP Pune,B.Com,Accounting,8.72,3,No,No,2,2,Spark | Networking | Kubernetes | REST APIs | Linux,Internshala,Amazon India,Banking & Finance,Product Manager,Part-time,Delhi NCR,2023-07-28,Rejected,5.0,39,Not Available,1253,81,Not Available,Yes,4,0
1904,Piyush Bhatt,Male,22,2021,BIT Mesra Ranchi,BBA,Finance,5.93,1,No,No,5,4,TensorFlow | PHP | Figma | Laravel | R,Shine,Upstox,HealthTech,Backend Developer,Full-time,Ahmedabad,2022-01-19,Rejected,1.0,22,Not Available,297,96,Not Available,No,9,1
1905,Chitra More,Female,21,2020,Anna University Chennai,BCA,Computer Applications,8.8,3,No,Yes,6,1,Docker | Deep Learning | TypeScript,Naukri,Persistent Systems,Telecom,Operations Analyst,Full-time,Vadodara,2024-07-15,HR Interview,5.0,27,Not Available,2873,59,Not Available,No,7,4
1909,Karan Bose,Male,27,2021,NSUT Delhi,B.Sc (IT),Information Technology,5.86,2,No,No,6,2,Networking | Swift,Cutshort,Fractal Analytics,EdTech,Business Analyst,Full-time,Noida,2024-11-08,Applied,Not Available,18,Not Available,2453,79,Not Available,No,8,3
1910,Payal Sandhu,Female,25,2020,Presidency University Kolkata,MCA,Computer Applications,6.27,0,No,No,3,2,Flutter | Figma | Machine Learning | Excel | Selenium,Internshala,Urban Company,Telecom,Full Stack Developer,Internship,Bhopal,2021-09-09,Applied,Not Available,37,Not Available,2469,91,Not Available,No,5,1
1912,Rahul Majumdar,Male,24,2023,Bangalore University,BBA,Finance,8.82,0,No,No,3,4,Hadoop | Scala | Flutter | Swift,AngelList,Uber India,Media & Entertainment,Frontend Developer,Full-time,Patna,2024-04-05,Applied,Not Available,25,Not Available,2314,80,Not Available,No,7,1
1914,Abhinav Iyer,Male,22,2021,Chandigarh University,MCA,Computer Applications,8.89,2,No,Yes,2,2,Cybersecurity | Scala | Selenium | Power BI,LinkedIn,Freshworks,Logistics,Operations Analyst,Full-time,Pune,2024-09-08,Applied,Not Available,29,Not Available,1805,55,No,No,4,3
1915,Farida Rao,Female,27,2020,IIT Kharagpur,B.Tech,Mechanical Engineering,6.65,3,No,No,5,4,Hadoop | Spring Boot | Spark,Indeed,Goldman Sachs,Logistics,SEO Analyst,Internship,Remote,2022-04-04,HR Interview,2.0,40,Not Available,881,70,Not Available,No,9,2
1916,Vinay Jain,Male,23,2024,Osmania University Hyderabad,MCA,Computer Applications,7.05,0,No,Yes,6,5,Laravel | SQL | Spring Boot | Kubernetes | Deep Learning,HackerEarth,Goldman Sachs,Manufacturing,Data Analyst,Full-time,Remote,2024-05-20,Offer,3.0,31,547072.0,2275,86,Not Available,No,11,0
1917,Raghav Khatri,Male,20,2023,RV College Bangalore,B.Sc (IT),Information Technology,5.64,1,No,No,1,4,JavaScript | Laravel | TensorFlow | REST APIs,LinkedIn,Freshworks,Consulting,iOS Developer,Internship,Chennai,2023-12-31,Applied,Not Available,4,Not Available,1891,80,No,No,5,0
1919,Chetan Soni,Male,27,2023,NIT Surathkal,MCA,Computer Applications,5.99,2,No,Yes,4,3,Node.js | Excel | Azure | GraphQL | Teamwork,LinkedIn,Axis Bank,Manufacturing,Embedded Engineer,Full-time,Bhopal,2023-04-06,Offer,5.0,36,878535.0,1476,85,No,No,7,0
1920,Arjun Biswas,Male,22,2024,GLA University Mathura,B.Sc (IT),Information Technology,7.79,2,No,No,0,0,Figma | MATLAB | Linux | TypeScript | Machine Learning,Campus Placement,Barclays India,Logistics,Technical Support Engineer,Part-time,Jaipur,2024-11-14,Applied,Not Available,21,Not Available,315,72,Not Available,No,0,0
1922,Vishal Kulkarni,Male,20,2020,BITS Hyderabad,M.Tech,Computer Science,6.11,2,No,No,3,3,Linux | Figma | TypeScript | Tableau | Laravel,Cutshort,Bosch India,Banking & Finance,Cloud Engineer,Full-time,Lucknow,2023-02-12,Technical Interview,5.0,44,Not Available,90,62,Not Available,No,6,3
1924,Ishita Goyal,Prefer not to say,24,2020,NIT Surathkal,BBA,Finance,8.45,3,No,No,1,0,Ruby on Rails | Node.js | Git,Indeed,Siemens India,Automotive,Recruiter,Full-time,Bengaluru,2022-12-17,HR Interview,1.0,44,Not Available,1833,93,Not Available,No,1,2
1925,Wasim Pillai,Male,26,2020,MNNIT Allahabad,B.E.,Electronics,7.84,3,No,No,4,5,React | REST APIs,Campus Placement,HCL Technologies,Logistics,Finance Analyst,Internship,Coimbatore,2022-04-15,Offer,4.0,5,12760.0,1178,75,Not Available,Yes,9,2
1926,Heena Porwal,Female,26,2021,COEP Pune,BBA,Marketing,5.53,1,No,Yes,1,0,JavaScript | Git | Spring Boot | Ruby on Rails,Foundit,Flipkart,Automotive,Full Stack Developer,Full-time,Kochi,2021-04-20,Applied,Not Available,35,Not Available,1499,88,Not Available,No,1,0
1928,Amit Negi,Male,26,2020,Jadavpur University Kolkata,B.Sc (IT),Information Technology,8.32,0,No,No,1,5,Docker | JavaScript | PyTorch,Naukri,Persistent Systems,AgriTech,Finance Analyst,Full-time,Mumbai,2023-01-08,Applied,Not Available,23,Not Available,2579,56,Not Available,No,6,3
1930,Lata Singh,Female,21,2020,BITS Goa,M.Tech,VLSI,9.58,2,No,No,6,2,Communication | MATLAB | Scala,Naukri,Amazon India,Banking & Finance,Business Analyst,Internship,Visakhapatnam,2021-04-11,Applied,Not Available,42,Not Available,1756,98,Not Available,Yes,8,1
1931,Om Oberoi,Male,21,2021,SP Jain Mumbai,B.Sc (CS),Computer Science,8.25,1,Yes,Yes,1,1,Laravel | Python | Excel | Teamwork | Spring Boot,LinkedIn,MakeMyTrip,Media & Entertainment,Digital Marketing Executive,Full-time,Bhopal,2022-06-26,Technical Interview,5.0,24,Not Available,1757,75,No,No,2,1
1932,Keshav Kumar,Male,25,2024,IIT Madras,B.Tech,Computer Science,8.72,2,No,No,1,4,Git | Kotlin,Campus Placement,Accenture,Banking & Finance,SEO Analyst,Full-time,Ahmedabad,2024-11-03,Online Assessment,Not Available,45,Not Available,1414,84,Not Available,No,5,0
1934,Mukesh Bisht,Male,24,2022,HBTU Kanpur,MBA,Marketing,9.0,3,No,No,3,3,Django | Hadoop | Spark | Kubernetes | C++,LinkedIn,ICICI Bank,HealthTech,Product Manager,Contract,Pune,2022-04-23,Rejected,3.0,36,Not Available,468,82,Yes,No,6,0
1936,Xander Sharma,Male,22,2023,COEP Pune,B.Sc (IT),Information Technology,6.34,2,No,No,6,1,Machine Learning | Cybersecurity | Deep Learning | Power BI | Spark,Referral,Swiggy,Telecom,Systems Engineer,Full-time,Coimbatore,2024-12-02,Withdrawn,Not Available,27,Not Available,2333,65,Not Available,No,7,1
1939,Yogesh Joshi,Male,26,2022,IIEST Shibpur,B.E.,Mechanical,6.88,1,No,No,2,1,SQL | Django,Naukri,Microsoft India,HealthTech,Operations Analyst,Contract,Hyderabad,2023-02-17,Technical Interview,2.0,20,Not Available,363,77,Not Available,No,3,1
1940,Vinay Balakrishnan,Male,24,2020,Osmania University Hyderabad,BBA,Business Administration,6.41,0,No,No,0,4,Swift | MongoDB,Internshala,Practo,Logistics,Full Stack Developer,Internship,Gurugram,2022-12-08,Applied,Not Available,38,Not Available,1518,61,Not Available,No,4,2
1941,Babita Rawat,Female,25,2024,Nirma University Ahmedabad,B.Sc (CS),Computer Science,9.36,3,No,No,3,1,Figma | Networking | React | PHP | JavaScript,Internshala,Axis Bank,Retail,Network Engineer,Part-time,Indore,2024-01-13,Shortlisted,Not Available,9,Not Available,1968,100,Not Available,No,4,0
1943,Kirti Kulkarni,Female,22,2023,NIT Warangal,BCA,Computer Applications,9.02,1,No,No,2,0,Excel | Azure | Scala | Spring Boot,Referral,L&T Infotech,Automotive,Data Analyst,Full-time,Ahmedabad,2023-01-01,Applied,Not Available,10,Not Available,722,81,Not Available,No,2,0
1944,Indira More,Female,23,2020,IIM Ahmedabad,MBA,Marketing,9.83,3,No,No,6,2,Data Analysis | MATLAB,Cutshort,Tiger Analytics,HealthTech,Backend Developer,Full-time,Remote,2023-02-17,Offer,4.0,2,1099747.0,2548,90,Not Available,No,8,3
1945,Zaid Patel,Male,25,2020,Manipal Institute of Technology,B.Sc (CS),Computer Science,9.63,3,No,No,4,4,Linux | Data Analysis,Indeed,Fractal Analytics,HealthTech,Data Scientist,Full-time,Remote,2021-11-17,Technical Interview,4.0,19,Not Available,759,82,Not Available,Yes,8,1
1946,Darshan Oswal,Male,22,2021,NIT Surathkal,B.Com,Accounting,6.42,3,No,No,4,5,TypeScript | Teamwork | Django | Ruby on Rails,Internshala,Freshworks,Manufacturing,Business Analyst,Internship,Noida,2023-09-23,Shortlisted,Not Available,39,Not Available,1159,94,Not Available,No,9,2
1947,Neeraj Saxena,Male,21,2021,COEP Pune,B.Com,Finance,9.49,2,No,Yes,1,3,PyTorch | Figma | Kubernetes | REST APIs | JavaScript,LinkedIn,Infosys,Banking & Finance,Frontend Developer,Full-time,Delhi NCR,2022-05-18,Applied,Not Available,45,Not Available,2162,86,No,No,4,1
1948,Trisha Srivastava,Female,21,2022,Pune University,B.Com,Commerce,9.21,2,No,No,2,3,TypeScript | Flutter | PHP | Bash Scripting,Unstop,Absolutdata,Retail,DevOps Engineer,Internship,Pune,2023-01-12,Applied,Not Available,19,Not Available,931,57,Not Available,No,5,1
1949,Kartik Dhillon,Male,23,2022,NIT Warangal,B.E.,Mechanical,5.78,1,No,Yes,3,3,Figma | Laravel,AngelList,Freshworks,Media & Entertainment,Cloud Engineer,Full-time,Chandigarh,2023-09-02,Offer,1.0,7,685388.0,120,89,Not Available,Yes,6,1
1950,Sachin Singh,Male,22,2021,IIT Hyderabad,BCA,Computer Applications,8.12,2,Yes,Yes,6,3,AWS | Data Analysis | Azure,Internshala,Morgan Stanley India,Banking & Finance,Cloud Engineer,Contract,Chennai,2023-04-19,Offer,3.0,27,389522.0,572,62,Not Available,No,9,2
1952,Bharat Majumdar,Male,20,2021,NIT Surathkal,MCA,Computer Applications,5.89,2,No,No,1,1,Bash Scripting | Ruby on Rails | SQL,Naukri,Tata Steel,Manufacturing,Backend Developer,Full-time,Lucknow,2023-08-20,Shortlisted,Not Available,11,Not Available,2630,79,Not Available,Yes,2,2
1953,Sachin Rastogi,Male,26,2022,IIT Delhi,BBA,Marketing,5.57,3,No,No,4,5,Python | Kotlin | Linux | Ruby on Rails,Indeed,Coforge,Automotive,Sales Executive,Internship,Kolkata,2024-09-29,Online Assessment,Not Available,7,Not Available,2382,96,Not Available,Yes,9,2
1954,Natasha Bansal,Female,27,2022,KIIT Bhubaneswar,B.E.,Electronics,6.56,0,No,No,0,1,Node.js | Django | Docker | MongoDB,Indeed,Siemens India,Retail,Systems Engineer,Full-time,Kolkata,2023-07-17,Applied,Not Available,14,Not Available,880,65,Not Available,No,1,1
1957,Falak Garg,Prefer not to say,23,2022,NIT Trichy,B.Sc (CS),Computer Science,6.68,2,No,Yes,0,1,Bash Scripting | Ruby on Rails | Figma | C++,Indeed,Infosys,FinTech,UX Designer,Part-time,Hyderabad,2024-02-04,Applied,Not Available,18,Not Available,245,96,Not Available,No,1,2
1958,Vibha Porwal,Female,21,2022,BITS Pilani,B.Sc (IT),Information Technology,6.81,2,No,No,0,5,Bash Scripting | Tableau,Cutshort,Practo,Logistics,Cloud Engineer,Internship,Coimbatore,2024-11-10,Shortlisted,Not Available,15,Not Available,1748,71,Not Available,Yes,5,2
1959,Tejas Garg,Male,27,2021,Mumbai University,B.Sc (IT),Information Technology,8.65,1,No,Yes,5,3,Leadership | AWS,Naukri,Amazon India,Telecom,Product Manager,Internship,Noida,2021-10-11,Shortlisted,Not Available,16,Not Available,2389,99,Not Available,No,8,0
1963,Divya Chauhan,Female,23,2020,IIT Hyderabad,MBA,Finance,8.18,1,No,No,6,5,Machine Learning | Azure | PyTorch | Scala,Indeed,Google India,Manufacturing,Product Manager,Part-time,Bengaluru,2024-04-29,Offer,3.0,2,1889526.0,895,96,Not Available,No,11,4
1966,Chetan Mehta,Male,22,2022,Manipal Institute of Technology,M.Tech,Software Engineering,6.42,3,No,Yes,3,1,Swift | Hive | Java,Hirist,Barclays India,Automotive,Full Stack Developer,Full-time,Bengaluru,2024-10-15,Shortlisted,Not Available,25,Not Available,2528,95,Not Available,No,4,2
1967,Ojaswini Garg,Female,22,2023,BITS Hyderabad,B.E.,Electronics,9.6,3,No,Yes,2,2,Spring Boot | Swift | PyTorch,Internshala,Practo,Automotive,Operations Analyst,Full-time,Gurugram,2023-03-10,Online Assessment,Not Available,12,Not Available,1632,93,Not Available,No,4,0
1968,Ananya Mishra,Female,23,2021,VIT Vellore,BCA,Computer Applications,8.27,1,No,No,0,1,R | Kotlin | MongoDB | Hadoop | TypeScript,Naukri,Intel India,AgriTech,UX Designer,Full-time,Hyderabad,2024-01-12,Shortlisted,Not Available,20,Not Available,1932,77,Not Available,No,1,3
1970,Lakshay Walia,Male,23,2021,Osmania University Hyderabad,MBA,Operations,7.88,0,No,No,6,0,TypeScript | Python | Data Analysis | JavaScript | Bash Scripting,Referral,HDFC Bank,HealthTech,Database Administrator,Internship,Nagpur,2021-05-26,Applied,Not Available,4,Not Available,612,85,Not Available,No,6,0
1972,Eisha Rawat,Female,21,2020,SRMIST Chennai,B.E.,Electronics,8.32,3,No,No,6,1,Hadoop | Machine Learning | Selenium | Ruby on Rails | REST APIs,Naukri,Lenskart,Retail,Content Writer,Full-time,Indore,2021-01-16,Technical Interview,4.0,19,Not Available,796,63,Not Available,No,7,1
1974,Aarav Balakrishnan,Male,24,2021,MNNIT Allahabad,B.Sc (CS),Computer Science,10.0,0,No,No,6,0,GraphQL | PyTorch | Tableau | Data Analysis | Java,Unstop,Infosys,Telecom,Systems Engineer,Contract,Visakhapatnam,2022-11-27,Applied,Not Available,19,Not Available,1208,70,Not Available,No,6,1
1977,Deepak Choudhury,Male,24,2022,Kalinga University,MCA,Computer Applications,9.2,2,No,Yes,1,1,SQL | JavaScript,Referral,Microsoft India,Manufacturing,Network Engineer,Internship,Mysuru,2022-11-30,Technical Interview,1.0,7,Not Available,2306,78,Not Available,No,2,0
1979,Amit Shah,Male,27,2020,Thapar University,B.Com,Finance,6.31,2,No,No,5,3,Laravel | React,Referral,MakeMyTrip,AgriTech,Cybersecurity Analyst,Full-time,Nagpur,2024-10-03,Rejected,3.0,3,Not Available,1475,60,Not Available,Yes,8,4
1980,Aarav Oberoi,Male,20,2021,RV College Bangalore,BCA,Computer Applications,6.47,0,No,No,1,2,Cybersecurity | Teamwork,HackerEarth,Wipro,HealthTech,Systems Engineer,Full-time,Indore,2024-03-07,Online Assessment,Not Available,41,Not Available,2461,73,Not Available,Yes,3,3
1982,Qasim Sandhu,Male,21,2023,GLA University Mathura,MCA,Computer Applications,9.35,2,No,No,1,5,Hadoop | PHP,Indeed,Upstox,HealthTech,Systems Engineer,Full-time,Delhi NCR,2023-11-15,Applied,Not Available,25,Not Available,2401,80,Not Available,No,6,0
1983,Chetan Patil,Male,24,2020,Mumbai University,MBA,Operations,6.14,2,No,No,0,1,Data Analysis | Scala | TensorFlow | Azure | Java,AngelList,Deloitte,Consulting,Software Engineer,Contract,Noida,2024-04-11,Technical Interview,2.0,19,Not Available,498,85,Not Available,No,1,4
1984,Divya Walia,Female,20,2020,IIIT Allahabad,B.Tech,Electrical Engineering,7.41,3,No,Yes,0,5,Ruby on Rails | TypeScript | Excel | Kubernetes,Internshala,JPMorgan India,Media & Entertainment,Database Administrator,Contract,Remote,2021-04-15,Offer,1.0,31,569527.0,211,78,Not Available,No,5,1
1986,Sagar Dubey,Male,26,2021,Lovely Professional University,MBA,Marketing,7.05,3,Yes,Yes,5,1,Kubernetes | Hadoop | Hive,Internshala,Morgan Stanley India,Retail,Data Analyst,Part-time,Kochi,2021-05-15,Online Assessment,Not Available,44,Not Available,2790,99,Not Available,No,6,0
1987,Jyoti Patel,Female,24,2021,Anna University Chennai,BCA,Computer Applications,8.17,3,No,Yes,6,0,React | Bash Scripting,Naukri,Meesho,IT/Software,Sales Executive,Full-time,Bengaluru,2021-04-08,Applied,Not Available,27,Not Available,1461,90,Not Available,No,6,0
1988,Charmi Lodha,Female,20,2020,Delhi University,B.Tech,Data Science,7.45,0,No,Yes,4,3,MATLAB | Cybersecurity,Campus Placement,Cognizant,Automotive,HR Executive,Internship,Pune,2024-10-29,Rejected,2.0,39,Not Available,2358,55,Not Available,No,7,4
1991,Wasim Pandey,Male,24,2022,XLRI Jamshedpur,B.Com,Commerce,7.95,3,No,No,5,2,SQL | Power BI,Referral,Swiggy,Automotive,DevOps Engineer,Full-time,Mumbai,2023-06-17,Rejected,2.0,6,Not Available,1273,65,Not Available,Yes,7,1
1992,Akhil Sethi,Male,24,2021,Christ University Bangalore,BCA,Computer Applications,9.71,2,Yes,Yes,2,3,MATLAB | Networking | Data Analysis | Kubernetes | Selenium,Glassdoor,Ola,EdTech,Operations Analyst,Internship,Nagpur,2022-04-11,Applied,Not Available,33,Not Available,2756,91,Not Available,Yes,5,1
1994,Yamini Bhatia,Female,24,2023,IIIT Allahabad,MCA,Computer Applications,7.59,2,Yes,No,1,5,TensorFlow | Networking | Machine Learning | Git,Indeed,Coforge,E-commerce,Business Analyst,Full-time,Patna,2024-07-05,Online Assessment,Not Available,10,Not Available,2207,56,Not Available,No,6,1
1996,Mohini Menon,Female,20,2022,NIT Surathkal,M.Tech,Computer Science,6.03,1,No,No,5,5,R | REST APIs,LinkedIn,Meesho,E-commerce,Digital Marketing Executive,Internship,Surat,2024-05-29,Applied,Not Available,10,Not Available,981,96,No,No,10,2
1998,Omkar Bajaj,Male,24,2022,IIT Kanpur,BBA,Marketing,6.75,3,No,Yes,4,5,Scala | Spark | R,Internshala,Hexaware,Banking & Finance,Finance Analyst,Full-time,Chennai,2024-09-28,Online Assessment,Not Available,14,Not Available,1386,61,Not Available,Yes,9,2
1999,Jagdish Bajaj,Male,23,2022,BIT Mesra Ranchi,B.E.,Mechanical,6.78,3,No,Yes,3,3,GraphQL | Selenium | R,AngelList,Wipro,EdTech,Business Analyst,Full-time,Bhopal,2022-01-02,Online Assessment,Not Available,37,Not Available,1762,58,Not Available,No,6,0
2002,Rajesh Dhillon,Male,25,2022,SRMIST Chennai,BCA,Computer Applications,7.24,0,No,Yes,3,2,Azure | Linux | R | Cybersecurity,Unstop,Cure.fit,Retail,QA Engineer,Contract,Kolkata,2022-10-12,Applied,Not Available,35,Not Available,1026,63,Not Available,Yes,5,0
2003,Falguni Biswas,Female,21,2020,NIT Calicut,B.E.,Electrical,5.73,1,Yes,Yes,4,0,Networking | Laravel,Naukri,Bosch India,AgriTech,SEO Analyst,Full-time,Bhopal,2024-11-02,Online Assessment,Not Available,19,Not Available,2862,96,Not Available,No,4,4
2004,Ojaswi Khatri,Female,21,2021,BITS Goa,B.E.,Electrical,9.06,1,No,No,5,2,Kubernetes | GraphQL | Flutter,Unstop,Upstox,HealthTech,Finance Analyst,Internship,Bhubaneswar,2023-10-16,Applied,Not Available,37,Not Available,1906,75,Not Available,No,7,2
2005,Riddhi Shah,Female,27,2020,MNNIT Allahabad,B.Sc (CS),Computer Science,5.74,1,No,Yes,6,4,Kubernetes | TypeScript | Laravel | Spark,AngelList,Capgemini,Consulting,Finance Analyst,Contract,Bengaluru,2024-03-20,Shortlisted,Not Available,34,Not Available,862,58,Not Available,No,10,4
2007,Nisha Arora,Female,21,2021,BITS Goa,B.Tech,Mechanical Engineering,9.81,0,No,Yes,1,5,Node.js | Excel | Spring Boot | Flutter,Naukri,Siemens India,HealthTech,Content Writer,Full-time,Indore,2024-10-02,Shortlisted,Not Available,15,Not Available,2051,55,Not Available,Yes,6,3
2008,Urvashi Venkatesh,Female,27,2022,IIT Roorkee,BBA,Business Administration,8.88,1,No,No,3,0,Tableau | Leadership | REST APIs | Flutter | Cybersecurity,Naukri,Zoho,Consulting,QA Engineer,Contract,Lucknow,2022-09-27,Shortlisted,Not Available,41,Not Available,947,59,Not Available,No,3,0
2009,Lavanya Trivedi,Female,23,2021,PES University Bangalore,MBA,HR,6.59,3,No,No,0,5,Ruby on Rails | Docker | Laravel | Deep Learning,LinkedIn,Absolutdata,Media & Entertainment,Cloud Engineer,Internship,Coimbatore,2024-06-08,Shortlisted,Not Available,10,Not Available,617,72,No,No,5,3
2010,Meera Das,Female,25,2022,COEP Pune,B.Com,Finance,7.84,1,No,Yes,4,0,MongoDB | AWS | Docker | REST APIs,LinkedIn,Mu Sigma,Telecom,Digital Marketing Executive,Full-time,Nagpur,2024-06-23,HR Interview,3.0,42,Not Available,2702,66,No,No,4,2
2011,Chirag Bhatnagar,Male,27,2020,IIT Hyderabad,B.Sc (CS),Computer Science,7.18,3,No,No,1,0,AWS | Teamwork,LinkedIn,Intel India,Manufacturing,UX Designer,Internship,Kochi,2022-04-18,Online Assessment,Not Available,18,Not Available,1800,88,No,No,1,2
2012,Priya Oswal,Female,20,2021,SP Jain Mumbai,MBA,Business Analytics,8.56,3,No,Yes,1,5,Kubernetes | C++ | Deep Learning | Swift | Hive,LinkedIn,Freshworks,Consulting,Product Manager,Full-time,Patna,2021-01-14,Applied,Not Available,36,Not Available,1847,65,No,No,6,0
2015,Arjun Mishra,Male,24,2023,MDI Gurgaon,B.Com,Commerce,6.69,3,No,No,4,5,MongoDB | Swift,LinkedIn,Cognizant,FinTech,Finance Analyst,Full-time,Mumbai,2023-04-06,Online Assessment,Not Available,41,Not Available,2108,78,No,No,9,0
2016,Brijesh Yadav,Male,21,2023,IIT Delhi,B.Sc (CS),Computer Science,5.74,2,No,Yes,3,1,Cybersecurity | REST APIs | JavaScript,Glassdoor,Bajaj Finserv,E-commerce,SEO Analyst,Contract,Delhi NCR,2024-09-15,Withdrawn,Not Available,28,Not Available,2542,71,Not Available,No,4,1
2018,Chirag Kulkarni,Male,22,2021,NIT Warangal,BCA,Computer Applications,9.31,1,No,Yes,6,1,Excel | Networking | Tableau,Naukri,Cognizant,Banking & Finance,HR Executive,Full-time,Nagpur,2023-10-09,Shortlisted,Not Available,30,Not Available,2257,81,Not Available,No,7,2
2019,Rahul Sandhu,Male,20,2020,IIT Delhi,MBA,Business Analytics,5.89,0,No,Yes,5,5,Swift | Hadoop | Tableau | Spark,LinkedIn,Nykaa,HealthTech,Network Engineer,Internship,Delhi NCR,2022-08-08,Applied,Not Available,26,Not Available,2461,96,No,No,10,2
2022,Om Anand,Male,20,2022,Pune University,BBA,HR,5.87,3,No,Yes,0,4,Spring Boot | Machine Learning | Scala,Cutshort,BigBasket,Manufacturing,Operations Analyst,Part-time,Patna,2024-05-09,Technical Interview,3.0,40,Not Available,51,82,Not Available,No,4,2
2023,Wasim Lal,Male,26,2020,Presidency University Kolkata,MBA,Operations,7.31,0,Yes,No,4,1,Node.js | Bash Scripting | Java,TimesJobs,Bosch India,Retail,Operations Analyst,Full-time,Chandigarh,2024-02-26,Offer,2.0,38,273447.0,2069,75,Not Available,No,5,4
2025,Omna Chopra,Female,22,2022,Nirma University Ahmedabad,MBA,Business Analytics,8.98,0,Yes,No,2,4,R | Linux,AngelList,Delhivery,Manufacturing,Finance Analyst,Internship,Ahmedabad,2022-06-05,HR Interview,3.0,40,Not Available,446,57,Not Available,No,6,0
2026,Zara Soni,Female,23,2020,IIEST Shibpur,BCA,Computer Applications,8.76,1,No,No,6,3,Leadership | JavaScript | Swift,Internshala,Uber India,E-commerce,Network Engineer,Full-time,Lucknow,2021-07-02,Shortlisted,Not Available,31,Not Available,402,86,Not Available,No,9,1
2027,Aarav Hegde,Male,24,2020,NIT Warangal,B.Tech,Chemical Engineering,9.42,3,Yes,Yes,3,2,Kotlin | Hive,Unstop,Groww,HealthTech,Android Developer,Full-time,Bengaluru,2021-05-08,Applied,Not Available,1,Not Available,419,69,Not Available,No,5,1
2029,Dimple Mathur,Female,21,2024,Osmania University Hyderabad,B.Sc (IT),Information Technology,8.02,0,No,No,4,5,Excel | TensorFlow | Docker,Unstop,Lenskart,HealthTech,Embedded Engineer,Part-time,Remote,2024-04-24,Applied,Not Available,33,Not Available,1939,99,Not Available,Yes,9,0
2035,Kirti Kulkarni,Female,24,2021,IIIT Hyderabad,MBA,Strategy,9.36,2,Yes,No,5,5,REST APIs | Deep Learning | Problem Solving | Python | Flutter,Unstop,Zoho,Retail,iOS Developer,Full-time,Delhi NCR,2024-12-31,Applied,Not Available,7,Not Available,1574,80,Not Available,No,10,3
2037,Mansi Kumar,Female,25,2020,NIT Surathkal,B.Sc (IT),Information Technology,5.99,0,No,Yes,3,5,Node.js | Problem Solving | PyTorch | Kubernetes,Naukri,Siemens India,Banking & Finance,Technical Support Engineer,Contract,Ahmedabad,2022-02-27,Rejected,3.0,22,Not Available,1541,92,Not Available,Yes,8,2
2041,Vandana Kulkarni,Female,24,2023,Kalinga University,B.Tech,Electronics & Communication,8.09,1,No,Yes,4,0,Excel | Tableau | TypeScript | MATLAB | Cybersecurity,Foundit,Goldman Sachs,AgriTech,Technical Support Engineer,Full-time,Jaipur,2024-04-08,Withdrawn,Not Available,9,Not Available,2312,82,Not Available,No,4,1
2043,Priya Subramaniam,Female,21,2020,DTU Delhi,BCA,Computer Applications,6.57,2,No,Yes,1,2,Node.js | Django | Tableau,Naukri,BYJU's,Media & Entertainment,Systems Engineer,Full-time,Bhopal,2021-10-09,HR Interview,3.0,23,Not Available,2909,95,Not Available,Yes,3,1
2044,Harsha Gupta,Female,24,2020,Anna University Chennai,M.Tech,VLSI,5.91,3,No,No,4,4,React | Laravel | Scala,LinkedIn,Samsung India,Consulting,Cybersecurity Analyst,Full-time,Hyderabad,2023-03-31,Applied,Not Available,9,Not Available,2498,86,Yes,No,8,3
2045,Yukti Grewal,Female,27,2021,BITS Hyderabad,BCA,Computer Applications,9.58,1,No,No,1,3,TensorFlow | Flutter | Cybersecurity,LinkedIn,Tata Steel,HealthTech,Full Stack Developer,Full-time,Pune,2023-12-04,Offer,3.0,35,1387127.0,1197,85,No,Yes,4,2
2047,Omkar Malhotra,Male,25,2022,IIT Bombay,B.Com,Finance,8.64,3,No,No,2,3,Bash Scripting | Laravel | MongoDB,HackerEarth,Urban Company,IT/Software,Recruiter,Full-time,Chennai,2022-12-11,Offer,2.0,7,250556.0,2941,82,Not Available,No,5,0
2049,Ananya Dixit,Female,22,2021,IIT Madras,BBA,Marketing,7.1,0,Yes,No,4,2,Data Analysis | Hive | Kubernetes,Cutshort,Cure.fit,Automotive,Business Analyst,Full-time,Patna,2021-11-18,Online Assessment,Not Available,38,Not Available,585,92,Not Available,No,6,0
2050,Gargi Saxena,Female,21,2020,IIT Bombay,BCA,Computer Applications,7.66,1,No,No,4,4,Docker | Spark | Linux,Campus Placement,JPMorgan India,EdTech,Frontend Developer,Full-time,Mumbai,2022-04-21,Applied,Not Available,11,Not Available,1277,58,Not Available,No,8,2
2051,Alpana Rajan,Female,20,2020,VIT Vellore,M.Tech,Software Engineering,5.97,0,No,Yes,3,4,Azure | Leadership | Spring Boot | Python,Internshala,Persistent Systems,AgriTech,Sales Executive,Full-time,Mysuru,2021-04-13,Online Assessment,Not Available,8,Not Available,1516,60,Not Available,No,7,1
2052,Hitesh Majumdar,Male,26,2020,IIT Delhi,BBA,HR,9.85,2,No,No,0,3,Django | GraphQL,Monster,Axis Bank,Consulting,Product Manager,Part-time,Surat,2023-09-28,Applied,Not Available,9,Not Available,2904,77,Not Available,No,3,3
2053,Neha Bose,Female,22,2022,IIEST Shibpur,BBA,HR,7.78,1,No,Yes,1,4,Laravel | R | Figma | Hive | Swift,LinkedIn,Texas Instruments India,Logistics,SEO Analyst,Full-time,Patna,2024-03-07,Technical Interview,3.0,22,Not Available,2807,94,No,No,5,2
2056,Lata Bhatnagar,Female,25,2020,DTU Delhi,B.Sc (CS),Computer Science,7.27,3,No,No,2,1,Excel | Selenium,Monster,Wipro,FinTech,Database Administrator,Full-time,Delhi NCR,2024-03-06,Online Assessment,Not Available,8,Not Available,490,55,Not Available,No,3,4
2057,Lakshay Dubey,Male,24,2022,SRM University Chennai,BCA,Computer Applications,7.06,2,No,No,5,2,R | Flutter,Unstop,Groww,Banking & Finance,Android Developer,Internship,Surat,2024-09-01,Technical Interview,3.0,21,Not Available,316,83,Not Available,No,7,2
2060,Varun Singh,Male,25,2024,NIT Trichy,B.Tech,Electrical Engineering,6.98,3,No,Yes,5,2,Hadoop | Data Analysis | Node.js,Internshala,Tiger Analytics,Consulting,Database Administrator,Internship,Noida,2024-03-02,Rejected,2.0,17,Not Available,1943,87,Not Available,Yes,7,0
2061,Ojaswini Balakrishnan,Female,21,2020,DTU Delhi,B.Com,Accounting,9.97,1,No,Yes,3,0,Java | Swift | Hive,Campus Placement,Zomato,Telecom,Database Administrator,Full-time,Ahmedabad,2021-12-20,Shortlisted,Not Available,34,Not Available,2279,62,Not Available,Yes,3,1
2062,Vibha Bhatia,Female,21,2021,JNTUH Hyderabad,M.Tech,VLSI,7.38,2,No,No,3,4,Teamwork | AWS | Communication | Spring Boot,Indeed,Wipro,IT/Software,Cloud Engineer,Part-time,Pune,2022-12-08,Technical Interview,3.0,27,Not Available,1342,86,Not Available,Yes,7,1
2065,Tanvi Kapoor,Female,24,2022,SVNIT Surat,B.Tech,Chemical Engineering,7.47,1,No,Yes,5,4,Cybersecurity | Flutter | JavaScript | SQL | TypeScript,LinkedIn,Razorpay,Telecom,Full Stack Developer,Internship,Kochi,2023-05-01,Applied,Not Available,39,Not Available,2696,69,No,No,9,1
2066,Brijesh Oberoi,Male,27,2021,SP Jain Mumbai,MCA,Computer Applications,7.01,0,No,Yes,6,3,Data Analysis | Docker,Cutshort,Morgan Stanley India,E-commerce,Content Writer,Full-time,Bengaluru,2021-06-18,Technical Interview,2.0,36,Not Available,574,68,Not Available,No,9,0
2067,Kavya Joshi,Female,22,2022,MDI Gurgaon,B.Sc (CS),Computer Science,6.74,3,No,Yes,6,3,Laravel | Bash Scripting,Campus Placement,HDFC Bank,EdTech,Full Stack Developer,Internship,Jaipur,2023-04-07,Shortlisted,Not Available,33,Not Available,950,75,Not Available,No,9,1
2068,Naman Dey,Male,25,2021,GLA University Mathura,B.E.,Electrical,6.66,1,No,Yes,1,0,Azure | Bash Scripting | GraphQL | PyTorch,Naukri,Angel One,Telecom,Systems Engineer,Full-time,Indore,2022-02-02,Technical Interview,2.0,14,Not Available,2993,58,Not Available,No,1,1
2070,Nikhil Bhatt,Male,24,2022,SRMIST Chennai,MBA,Strategy,7.15,3,No,No,4,5,Azure | Kubernetes | Data Analysis | PyTorch | Selenium,Campus Placement,Flipkart,Telecom,Full Stack Developer,Internship,Mumbai,2022-04-13,Shortlisted,Not Available,24,Not Available,2876,85,Not Available,No,9,0
2071,Xander Chaudhary,Male,26,2022,MDI Gurgaon,BBA,Marketing,6.44,0,Yes,Yes,2,1,Power BI | Selenium | Node.js,Indeed,LTIMindtree,HealthTech,ML Engineer,Contract,Mysuru,2022-01-30,HR Interview,5.0,45,Not Available,1506,60,Not Available,No,3,0
2072,Wahida Pandey,Female,21,2020,IIT Roorkee,MBA,Marketing,9.81,1,No,No,6,4,Networking | JavaScript | PyTorch,Campus Placement,Absolutdata,Logistics,Cloud Engineer,Full-time,Remote,2024-12-01,Offer,1.0,32,347970.0,2890,70,Not Available,Yes,10,4
2074,Priya Tiwari,Female,25,2021,NIT Warangal,B.Sc (IT),Information Technology,7.88,0,No,No,4,5,Kubernetes | REST APIs | Kotlin | TensorFlow | Git,Naukri,Mphasis,Automotive,Frontend Developer,Internship,Hyderabad,2022-06-09,Shortlisted,Not Available,5,Not Available,730,96,Not Available,No,9,1
2075,Vishal More,Male,27,2022,Jadavpur University Kolkata,B.E.,Computer Science,7.33,2,No,No,5,0,Azure | Machine Learning | Excel,Unstop,Barclays India,Logistics,Cloud Engineer,Internship,Gurugram,2022-07-25,Shortlisted,Not Available,43,Not Available,1287,89,Not Available,No,5,0
2076,Gaurang Bajaj,Male,24,2022,Bangalore University,B.E.,Mechanical,6.3,2,No,No,4,0,AWS | Spring Boot | Bash Scripting | JavaScript,Indeed,HDFC Bank,EdTech,Technical Support Engineer,Internship,Noida,2022-04-25,Rejected,4.0,9,Not Available,1855,80,Not Available,No,4,0
2078,Madhuri Patil,Female,26,2024,Thapar University,BCA,Computer Applications,8.71,2,No,No,4,0,R | Hive,Internshala,Uber India,Retail,Recruiter,Full-time,Mysuru,2024-03-01,Offer,5.0,14,784862.0,1362,55,Not Available,No,4,0
2079,Keshav Sodhi,Male,25,2022,IIT Bombay,MBA,Finance,7.26,0,No,No,2,3,REST APIs | Flutter | Docker,Naukri,Mu Sigma,E-commerce,Business Analyst,Full-time,Vadodara,2023-03-16,Rejected,2.0,44,Not Available,1942,100,Not Available,No,5,1
2080,Aarti Goyal,Female,24,2022,Chandigarh University,MBA,Finance,8.69,2,No,No,1,5,React | Leadership,Naukri,Meesho,EdTech,Cybersecurity Analyst,Full-time,Jaipur,2022-08-05,Shortlisted,Not Available,1,Not Available,415,63,Not Available,No,6,0
2083,Om Joshi,Male,21,2021,Bangalore University,B.Sc (CS),Computer Science,8.58,1,No,Yes,3,4,REST APIs | JavaScript | Figma,Indeed,L&T Infotech,Consulting,Product Manager,Full-time,Kolkata,2024-07-13,Applied,Not Available,33,Not Available,768,66,Not Available,Yes,7,3
2084,Trisha Rastogi,Female,27,2021,IIT Delhi,MBA,HR,6.94,1,No,Yes,5,5,Kubernetes | Git | Python | Azure,Naukri,Samsung India,FinTech,Marketing Analyst,Full-time,Surat,2022-03-04,HR Interview,5.0,4,Not Available,1944,65,Not Available,Yes,10,1
2086,Riddhi Bose,Female,24,2020,IIIT Hyderabad,B.Sc (CS),Computer Science,5.58,1,No,Yes,1,0,R | Hive,Referral,Accenture,E-commerce,Android Developer,Internship,Bengaluru,2023-06-26,Online Assessment,Not Available,15,Not Available,2516,83,Not Available,No,1,3
2088,Shivam Lal,Male,22,2021,Jadavpur University Kolkata,B.E.,Electronics,7.55,0,No,Yes,4,2,Teamwork | Linux,Indeed,NIIT Technologies,Media & Entertainment,ML Engineer,Full-time,Bhubaneswar,2024-06-30,Technical Interview,5.0,38,Not Available,1319,85,Not Available,No,6,3
2089,Rajesh Saxena,Male,22,2024,Delhi University,BCA,Computer Applications,9.46,3,No,No,2,0,Docker | Tableau | Selenium | Problem Solving | PyTorch,AngelList,Lenskart,Retail,HR Executive,Internship,Kolkata,2024-11-01,Shortlisted,Not Available,25,Not Available,1264,70,Not Available,No,2,0
2092,Jignesh Murthy,Male,22,2022,SP Jain Mumbai,M.Tech,Computer Science,7.79,0,No,Yes,1,3,Selenium | Problem Solving | Networking | Data Analysis,Indeed,Samsung India,E-commerce,HR Executive,Full-time,Mysuru,2022-09-27,Technical Interview,1.0,4,Not Available,755,79,Not Available,No,4,0
2093,Charmi Bansal,Female,26,2023,IIIT Hyderabad,BBA,Marketing,9.65,0,No,No,4,3,AWS | Tableau | Linux,LinkedIn,Angel One,Logistics,QA Engineer,Contract,Surat,2023-04-21,Rejected,2.0,16,Not Available,902,74,No,No,7,0
2095,Varsha Dixit,Female,20,2022,Pune University,M.Tech,AI/ML,5.87,1,No,No,1,3,Figma | Java,Monster,Paytm,EdTech,iOS Developer,Full-time,Bengaluru,2024-10-30,Applied,Not Available,44,Not Available,2657,66,Not Available,No,4,2
2097,Tarun Goyal,Male,24,2021,Anna University Chennai,B.E.,Civil,9.32,1,No,No,5,0,Laravel | GraphQL | Scala | Hadoop,Naukri,BYJU's,Logistics,Frontend Developer,Full-time,Kolkata,2021-09-17,Applied,Not Available,20,Not Available,1790,80,Not Available,Yes,5,0
2099,Heena Lal,Female,27,2022,Nirma University Ahmedabad,B.Sc (IT),Information Technology,9.59,2,No,No,1,0,Swift | Communication | Flutter,Referral,Hexaware,Logistics,Data Analyst,Full-time,Bhopal,2022-07-05,Offer,5.0,4,452104.0,263,80,Not Available,No,1,0
2100,Chethan Dey,Male,27,2021,IIIT Hyderabad,MCA,Computer Applications,8.92,2,No,Yes,3,0,REST APIs | Power BI | Docker | Flutter,LinkedIn,Tech Mahindra,E-commerce,ML Engineer,Full-time,Patna,2024-04-27,Rejected,3.0,19,Not Available,2814,58,No,No,3,3
2104,Ritesh Lal,Prefer not to say,23,2020,Nirma University Ahmedabad,B.Sc (CS),Computer Science,6.36,2,No,Yes,1,3,SQL | Azure | Bash Scripting,Internshala,HCL Technologies,FinTech,Systems Engineer,Full-time,Surat,2024-07-07,Offer,3.0,7,821955.0,2574,89,Not Available,No,4,4
2105,Natasha Biswas,Female,23,2021,SRMIST Chennai,BCA,Computer Applications,9.44,3,No,No,1,4,Linux | R | TypeScript,Campus Placement,Coforge,EdTech,SEO Analyst,Internship,Remote,2021-03-21,Shortlisted,Not Available,2,Not Available,1182,82,Not Available,No,5,0
2108,Devika Shah,Female,23,2020,MDI Gurgaon,B.E.,Mechanical,6.5,0,No,Yes,6,1,PyTorch | REST APIs | Selenium,HackerEarth,Lenskart,E-commerce,QA Engineer,Full-time,Hyderabad,2024-08-31,Online Assessment,Not Available,45,Not Available,1176,81,Not Available,Yes,7,4
2110,Kamya Nair,Female,21,2020,IIT Delhi,B.Tech,Chemical Engineering,9.32,3,No,No,0,4,Networking | PyTorch | Excel,Indeed,JPMorgan India,Banking & Finance,Sales Executive,Full-time,Mysuru,2021-04-08,Applied,Not Available,12,Not Available,811,75,Not Available,Yes,4,1
2112,Urvashi Lodha,Female,24,2021,MDI Gurgaon,B.Tech,Electrical Engineering,6.04,3,No,No,6,1,Selenium | Spring Boot | Node.js,Campus Placement,Paytm,Manufacturing,Database Administrator,Internship,Kolkata,2021-03-02,Online Assessment,Not Available,34,Not Available,2072,91,Not Available,Yes,7,0
2113,Gopal Iyer,Male,22,2020,NIT Trichy,MCA,Computer Applications,6.92,0,No,No,0,1,Machine Learning | Bash Scripting | Git | Cybersecurity | SQL,Unstop,Uber India,Manufacturing,Operations Analyst,Full-time,Bhubaneswar,2023-11-06,Offer,5.0,15,554725.0,2045,98,Not Available,No,1,3
2115,Varun Subramaniam,Male,22,2024,JNTUH Hyderabad,B.Sc (IT),Information Technology,8.27,1,No,No,0,1,PyTorch | MATLAB | Laravel | Communication | PHP,LinkedIn,Flipkart,Media & Entertainment,UX Designer,Internship,Nagpur,2024-02-28,Technical Interview,2.0,7,Not Available,2329,73,No,Yes,1,0
2116,Bharat Walia,Male,26,2022,SRM University Chennai,B.Com,Accounting,5.91,2,Yes,No,4,2,Hive | GraphQL | Excel | Linux,Naukri,Microsoft India,IT/Software,Content Writer,Full-time,Chennai,2024-01-29,Shortlisted,Not Available,39,Not Available,2578,85,Not Available,No,6,2
2117,Falak Rajan,Female,25,2020,BITS Goa,BCA,Computer Applications,8.28,0,No,No,1,3,Django | Problem Solving | Leadership,Cutshort,Hexaware,Manufacturing,Android Developer,Full-time,Mysuru,2021-01-28,Shortlisted,Not Available,21,Not Available,2285,63,Not Available,No,4,1
2118,Bindiya Roy,Female,22,2021,Presidency University Kolkata,MCA,Computer Applications,8.5,1,No,No,2,0,Data Analysis | Laravel | Python | TensorFlow | Figma,LinkedIn,Practo,Automotive,Recruiter,Full-time,Coimbatore,2024-11-23,Online Assessment,Not Available,3,Not Available,1930,68,No,Yes,2,3
2119,Swati Venkatesh,Female,26,2022,PES University Bangalore,B.Tech,Civil Engineering,7.3,2,No,No,2,2,MATLAB | Bash Scripting,LinkedIn,Amazon India,Automotive,Marketing Analyst,Full-time,Bengaluru,2024-09-24,Offer,5.0,18,797972.0,2345,74,Yes,No,4,2
2120,Gaurav Murthy,Male,23,2022,Kalinga University,MCA,Computer Applications,8.69,1,No,Yes,2,0,R | Swift,HackerEarth,Zerodha,Logistics,Finance Analyst,Full-time,Coimbatore,2022-05-12,Rejected,1.0,3,Not Available,1484,89,Not Available,No,2,0
2121,Firoz More,Male,23,2022,HBTU Kanpur,B.E.,Civil,7.19,1,Yes,Yes,6,0,Laravel | MATLAB,Campus Placement,Siemens India,Consulting,DevOps Engineer,Contract,Delhi NCR,2022-05-29,Shortlisted,Not Available,38,Not Available,1676,61,Not Available,No,6,0
2122,Amit Sundaram,Male,27,2022,Bangalore University,B.Com,Accounting,6.38,3,No,No,4,4,Figma | Bash Scripting,Indeed,Cognizant,Automotive,Finance Analyst,Full-time,Hyderabad,2024-03-22,Online Assessment,Not Available,33,Not Available,2317,83,Not Available,No,8,2
2123,Chirag Chauhan,Male,22,2020,DTU Delhi,M.Tech,Software Engineering,8.94,2,No,Yes,3,5,Java | TensorFlow | C++ | PHP | Hive,Campus Placement,Tata Steel,Retail,Database Administrator,Full-time,Kolkata,2022-10-02,Online Assessment,Not Available,24,Not Available,1746,73,Not Available,No,8,2
2124,Gargi Biswas,Female,25,2022,IIT Kanpur,B.E.,Mechanical,7.42,1,No,Yes,0,5,Spring Boot | Machine Learning | TensorFlow | Spark,Internshala,Amazon India,Retail,Data Analyst,Internship,Pune,2023-07-12,Withdrawn,Not Available,38,Not Available,662,56,Not Available,Yes,5,1
2128,Ritesh Chatterjee,Male,26,2021,Pune University,BCA,Computer Applications,6.46,0,Yes,No,6,3,MongoDB | Selenium,Indeed,Intel India,HealthTech,Finance Analyst,Full-time,Ahmedabad,2022-08-30,Withdrawn,Not Available,25,Not Available,1136,91,Not Available,Yes,9,1
2129,Priya Dey,Female,23,2020,BITS Goa,B.Sc (CS),Computer Science,6.02,2,No,Yes,4,3,Deep Learning | SQL | Swift | Leadership | React,Unstop,HDFC Bank,Telecom,Marketing Analyst,Full-time,Hyderabad,2023-02-17,Shortlisted,Not Available,27,Not Available,2895,79,Not Available,No,7,3
2131,Kartik Oswal,Male,25,2021,IIT Bombay,B.E.,Electrical,7.24,2,No,No,2,4,Communication | Django | MATLAB | R,Unstop,Microsoft India,HealthTech,HR Executive,Full-time,Delhi NCR,2021-01-10,Applied,Not Available,41,Not Available,888,87,Not Available,No,6,0
2132,Balram Ghosh,Male,21,2021,XLRI Jamshedpur,MCA,Computer Applications,9.31,1,Yes,No,0,0,Leadership | PyTorch,Internshala,1mg,Manufacturing,Backend Developer,Full-time,Mumbai,2023-12-14,Shortlisted,Not Available,28,Not Available,1334,74,Not Available,No,0,2
2133,Ekta Mukherjee,Female,26,2021,NIT Warangal,BCA,Computer Applications,9.79,2,No,Yes,0,3,Java | Kubernetes,Hirist,Mindtree,Telecom,DevOps Engineer,Internship,Pune,2024-06-23,Applied,Not Available,42,Not Available,1735,91,Not Available,No,3,3
2136,Irfan Trivedi,Male,23,2020,IIT Roorkee,B.Sc (IT),Information Technology,6.65,3,No,No,0,1,Hadoop | Git,HackerEarth,Amazon India,Retail,HR Executive,Internship,Mumbai,2022-03-11,Online Assessment,Not Available,7,Not Available,228,62,Not Available,No,1,2
2137,Bharat Menon,Male,23,2020,Lovely Professional University,B.Tech,Computer Science,9.18,1,No,Yes,4,3,JavaScript | Networking,Internshala,Practo,Consulting,Network Engineer,Full-time,Surat,2023-03-15,Shortlisted,Not Available,34,Not Available,2797,74,Not Available,No,7,3
2139,Qasim Rao,Male,25,2021,NIT Surathkal,B.Com,Commerce,9.89,3,Yes,Yes,5,0,R | Git | REST APIs,Referral,Urban Company,Automotive,ML Engineer,Full-time,Noida,2021-04-14,Shortlisted,Not Available,16,Not Available,2169,79,Not Available,No,5,0
2141,Harish Sodhi,Male,27,2021,BIT Mesra Ranchi,B.Tech,Civil Engineering,8.71,2,No,No,2,5,Hive | AWS | TypeScript | PHP,Referral,MakeMyTrip,Consulting,Cybersecurity Analyst,Full-time,Hyderabad,2024-07-02,Applied,Not Available,21,Not Available,146,75,Not Available,No,7,3
2142,Lokesh Rawat,Male,25,2020,IIT Madras,M.Tech,AI/ML,9.13,0,No,Yes,6,4,SQL | Node.js | Django | Ruby on Rails | PHP,Unstop,IBM India,Telecom,Business Analyst,Internship,Bhopal,2021-09-16,Online Assessment,Not Available,1,Not Available,374,66,Not Available,No,10,1
2145,Lavanya Verma,Female,27,2021,Nirma University Ahmedabad,B.E.,Computer Science,8.41,2,No,Yes,6,0,PHP | Linux,Naukri,Delhivery,AgriTech,Software Engineer,Internship,Visakhapatnam,2024-01-06,Online Assessment,Not Available,14,Not Available,1482,56,Not Available,No,6,3
2146,Eshan Bisht,Male,23,2020,Christ University Bangalore,B.E.,Electronics,9.88,1,No,No,0,4,Data Analysis | Communication | SQL | Tableau | Kubernetes,Cutshort,Wipro,Manufacturing,Cloud Engineer,Internship,Bhopal,2023-04-24,Applied,Not Available,31,Not Available,498,96,Not Available,No,4,3
2147,Harsha Kapoor,Female,24,2021,Chandigarh University,B.Com,Finance,6.0,0,No,Yes,1,4,Ruby on Rails | Scala | Python | REST APIs,Campus Placement,Wipro,AgriTech,Content Writer,Full-time,Lucknow,2022-05-28,HR Interview,5.0,23,Not Available,2779,88,Not Available,No,5,1
2148,Mayank Kapoor,Male,22,2023,Osmania University Hyderabad,M.Tech,VLSI,8.59,1,Yes,No,3,3,AWS | Docker | Deep Learning | Selenium | GraphQL,LinkedIn,Samsung India,HealthTech,Digital Marketing Executive,Full-time,Hyderabad,2024-12-29,Offer,1.0,26,290096.0,1852,86,No,Yes,6,1
2150,Inder Majumdar,Male,23,2021,NIT Trichy,MBA,Marketing,7.01,1,No,Yes,3,2,Hive | GraphQL | Python | Data Analysis | Power BI,Internshala,Cure.fit,AgriTech,Full Stack Developer,Full-time,Nagpur,2021-01-20,Shortlisted,Not Available,32,Not Available,2862,100,Not Available,No,5,0
2152,Ojaswini Kulkarni,Female,23,2023,KIIT Bhubaneswar,MCA,Computer Applications,8.38,1,No,Yes,3,5,Spark | React | Hadoop | TypeScript,Indeed,Siemens India,AgriTech,Data Scientist,Full-time,Ahmedabad,2024-12-24,Technical Interview,2.0,20,Not Available,1253,75,Not Available,No,8,1
2154,Brijesh Dey,Male,20,2022,GLA University Mathura,B.Sc (IT),Information Technology,5.82,2,No,No,3,2,Swift | TensorFlow | Kubernetes | SQL,Shine,Absolutdata,Telecom,iOS Developer,Internship,Remote,2022-07-15,Withdrawn,Not Available,2,Not Available,1926,77,Not Available,No,5,0
2155,Pranav Natarajan,Male,23,2022,Lovely Professional University,MCA,Computer Applications,9.2,1,No,No,2,3,SQL | Docker | Linux | Laravel,LinkedIn,Meesho,AgriTech,Data Analyst,Internship,Gurugram,2023-09-25,Shortlisted,Not Available,22,Not Available,2374,82,No,No,5,1
2156,Devika Mukherjee,Female,21,2021,Anna University Chennai,BBA,Marketing,6.54,2,No,Yes,3,4,GraphQL | Networking | Cybersecurity | Excel | Flutter,Unstop,Persistent Systems,Logistics,Frontend Developer,Part-time,Hyderabad,2022-08-10,Technical Interview,2.0,15,Not Available,1989,68,Not Available,No,7,1
2160,Girish Grewal,Male,22,2022,Thapar University,B.Tech,Electronics & Communication,9.5,1,No,Yes,5,5,Deep Learning | TensorFlow | Power BI | SQL | Scala,Naukri,Zerodha,Banking & Finance,Software Engineer,Internship,Kochi,2023-06-25,Offer,4.0,44,16799.0,579,92,Not Available,No,10,1
2162,Piyush Kumar,Male,25,2024,MNNIT Allahabad,B.Sc (CS),Computer Science,5.69,3,No,Yes,2,1,Problem Solving | Bash Scripting | Excel | Spring Boot | Node.js,LinkedIn,Angel One,FinTech,Digital Marketing Executive,Full-time,Mumbai,2024-12-19,Shortlisted,Not Available,7,Not Available,1821,65,No,No,3,0
2163,Omkar Garg,Male,27,2020,JNTUH Hyderabad,B.Tech,Electrical Engineering,6.65,0,No,No,2,4,Flutter | Hive | Kubernetes,Indeed,Cognizant,Banking & Finance,Operations Analyst,Internship,Surat,2022-11-25,Online Assessment,Not Available,27,Not Available,1911,83,Not Available,No,6,2
2164,Harsh Goyal,Male,27,2022,IIM Bangalore,B.Sc (CS),Computer Science,5.69,3,No,No,4,4,AWS | Spring Boot | Networking,LinkedIn,Coforge,Banking & Finance,Android Developer,Full-time,Bhopal,2024-08-08,Offer,5.0,9,549257.0,825,80,No,No,8,2
2165,Sachin Ghosh,Male,21,2023,IIT Roorkee,B.Com,Accounting,6.95,0,No,No,6,0,C++ | Communication | PyTorch,Naukri,Siemens India,Consulting,HR Executive,Full-time,Ahmedabad,2024-11-14,Shortlisted,Not Available,14,Not Available,1650,67,Not Available,No,6,1
2168,Twinkle Sodhi,Female,21,2020,VIT Vellore,BBA,Marketing,7.92,1,No,Yes,3,5,Spark | Tableau | Laravel | Azure,HackerEarth,HDFC Bank,Banking & Finance,ML Engineer,Full-time,Vadodara,2021-02-09,HR Interview,2.0,14,Not Available,1072,90,Not Available,No,8,1
2169,Varsha Yadav,Female,26,2020,Delhi University,B.Tech,Information Technology,7.75,3,Yes,Yes,2,3,R | Networking,Naukri,Flipkart,Retail,Full Stack Developer,Internship,Bengaluru,2023-03-27,Technical Interview,2.0,40,Not Available,2517,73,Not Available,No,5,3
2170,Puja Dubey,Female,22,2021,IIT Roorkee,BBA,HR,8.84,2,No,No,4,1,C++ | React | MATLAB,Internshala,Angel One,Media & Entertainment,Business Analyst,Contract,Nagpur,2021-11-21,Applied,Not Available,10,Not Available,2728,98,Not Available,No,5,0
2171,Xander Balakrishnan,Male,23,2020,IIT Kanpur,BBA,Finance,6.7,0,No,No,2,2,Azure | Docker | Tableau | Swift,Naukri,Barclays India,Automotive,Systems Engineer,Full-time,Nagpur,2023-10-24,Shortlisted,Not Available,17,Not Available,1997,86,Not Available,Yes,4,3
2172,Gaurav Ramachandran,Male,23,2020,IIT Kharagpur,BBA,Business Administration,7.18,0,No,Yes,2,5,Cybersecurity | GraphQL | Selenium,HackerEarth,Unacademy,EdTech,Product Manager,Contract,Bengaluru,2024-10-03,HR Interview,3.0,10,Not Available,1282,64,Not Available,No,7,4
2173,Lata Pillai,Female,21,2020,KIIT Bhubaneswar,BCA,Computer Applications,9.28,2,No,Yes,4,3,Figma | MATLAB | Laravel | Spark | PyTorch,LinkedIn,1mg,Consulting,Android Developer,Full-time,Vadodara,2022-01-18,Online Assessment,Not Available,27,Not Available,563,56,No,No,7,2
2174,Lalit Oberoi,Male,21,2020,IIT Kanpur,B.Sc (IT),Information Technology,5.71,0,No,No,2,4,Excel | JavaScript | Spring Boot,Naukri,Swiggy,Telecom,Operations Analyst,Internship,Jaipur,2021-09-01,Shortlisted,Not Available,10,Not Available,2118,87,Not Available,Yes,6,1
2175,Umesh Majumdar,Male,20,2022,Anna University Chennai,MCA,Computer Applications,7.18,0,No,No,4,5,R | Node.js | Kotlin | Cybersecurity,Glassdoor,Morgan Stanley India,E-commerce,Technical Support Engineer,Full-time,Gurugram,2023-09-09,Applied,Not Available,2,Not Available,2195,83,Not Available,No,9,1
2176,Ekta Kapoor,Female,26,2021,NIT Trichy,BCA,Computer Applications,6.83,1,No,Yes,4,5,Deep Learning | MATLAB,Glassdoor,Capgemini,EdTech,Embedded Engineer,Internship,Bengaluru,2021-02-27,Applied,Not Available,14,Not Available,1351,89,Not Available,Yes,9,0
2181,Pooja Chatterjee,Female,24,2020,Osmania University Hyderabad,M.Tech,Software Engineering,9.57,1,No,Yes,6,3,MATLAB | Scala,Indeed,Capgemini,Banking & Finance,Database Administrator,Full-time,Patna,2022-03-28,Offer,4.0,16,712720.0,1315,93,Not Available,No,9,2
2182,Varun Negi,Male,25,2021,MNNIT Allahabad,B.Sc (CS),Computer Science,9.39,2,No,No,2,1,SQL | Deep Learning | R | Machine Learning | Communication,Freshersworld,Accenture,IT/Software,Backend Developer,Full-time,Kolkata,2023-10-09,Offer,1.0,35,700345.0,392,89,Not Available,No,3,2
2184,Gouri Garg,Female,21,2023,Osmania University Hyderabad,B.Sc (CS),Computer Science,9.44,3,No,No,1,3,Spark | Cybersecurity | Data Analysis | R | Azure,LinkedIn,Persistent Systems,AgriTech,Business Analyst,Part-time,Chandigarh,2024-08-24,Online Assessment,Not Available,17,Not Available,1504,100,Yes,No,4,1
2188,Utsav Menon,Male,27,2021,IIT Kharagpur,B.Sc (CS),Computer Science,6.4,1,No,No,3,0,Spark | Communication | Tableau | AWS,Indeed,Intel India,IT/Software,Frontend Developer,Full-time,Jaipur,2024-01-31,Shortlisted,Not Available,12,Not Available,1124,78,Not Available,No,3,3
2189,Vishal Desai,Male,21,2020,COEP Pune,B.E.,Electrical,7.09,2,No,No,6,2,Communication | Tableau,Cutshort,Angel One,Media & Entertainment,Frontend Developer,Full-time,Nagpur,2024-07-26,Offer,3.0,38,529521.0,238,92,Not Available,No,8,4
2193,Eshan Bajaj,Male,23,2020,NSUT Delhi,B.Tech,Computer Science,8.23,2,No,No,2,1,Excel | Azure | Tableau | React | JavaScript,LinkedIn,Mphasis,Media & Entertainment,HR Executive,Contract,Nagpur,2022-07-31,Online Assessment,Not Available,44,Not Available,1242,93,No,No,3,2
2194,Ishaan Reddy,Male,26,2020,RV College Bangalore,B.Sc (CS),Computer Science,5.71,3,No,No,4,1,Problem Solving | Spark | Linux,Referral,Coforge,HealthTech,Embedded Engineer,Internship,Coimbatore,2022-02-07,Shortlisted,Not Available,40,Not Available,2961,76,Not Available,No,5,2
2195,Rajesh Bhatnagar,Male,24,2021,Kalinga University,MCA,Computer Applications,9.24,3,No,No,4,4,PyTorch | Cybersecurity | Kotlin,LinkedIn,Nykaa,Consulting,Business Analyst,Internship,Kochi,2023-03-05,Shortlisted,Not Available,12,Not Available,633,62,No,No,8,2
2196,Urvashi Thakur,Female,24,2020,Delhi University,B.Sc (IT),Information Technology,7.66,1,Yes,Yes,1,1,Networking | Spring Boot | GraphQL | REST APIs | Hadoop,LinkedIn,Tiger Analytics,E-commerce,QA Engineer,Full-time,Noida,2022-05-17,Online Assessment,Not Available,43,Not Available,254,80,No,Yes,2,2
2200,Pranav Natarajan,Male,23,2024,Symbiosis Pune,B.Tech,Electronics & Communication,5.8,2,No,No,5,1,Scala | Kotlin,Unstop,PolicyBazaar,Telecom,SEO Analyst,Internship,Visakhapatnam,2024-09-06,Online Assessment,Not Available,35,Not Available,2837,80,Not Available,Yes,6,0
2203,Hemant Lodha,Male,24,2020,GLA University Mathura,M.Tech,Computer Science,8.75,2,No,Yes,6,4,Figma | Problem Solving | Spring Boot,Cutshort,Razorpay,Automotive,Operations Analyst,Full-time,Coimbatore,2022-05-30,Rejected,1.0,8,Not Available,2102,93,Not Available,No,10,2
2205,Girish Reddy,Male,22,2022,Bangalore University,MCA,Computer Applications,8.35,0,No,No,0,1,Communication | Scala | Java | TypeScript,Naukri,Amazon India,EdTech,Sales Executive,Internship,Jaipur,2022-06-19,Shortlisted,Not Available,22,Not Available,2894,75,Not Available,Yes,1,0
2207,Neeraj Sundaram,Male,24,2023,IIT Madras,BBA,Business Administration,7.37,0,No,Yes,6,3,JavaScript | Communication,Naukri,Capgemini,Telecom,Full Stack Developer,Internship,Ahmedabad,2024-09-12,Shortlisted,Not Available,28,Not Available,2263,94,Not Available,Yes,9,1
2208,Janhavi Sundaram,Female,27,2024,Mumbai University,B.Com,Commerce,6.35,0,No,No,6,3,Docker | Data Analysis,Hirist,PolicyBazaar,Manufacturing,Business Analyst,Internship,Surat,2024-11-23,Offer,5.0,14,19169.0,1080,66,Not Available,No,9,0
2210,Deepika Swamy,Prefer not to say,26,2021,SRMIST Chennai,B.Sc (CS),Computer Science,6.67,3,No,No,2,1,React | Leadership,Indeed,Samsung India,Consulting,QA Engineer,Full-time,Nagpur,2022-03-26,Applied,Not Available,21,Not Available,396,100,Not Available,No,3,1
2211,Utsav Nair,Male,27,2021,MDI Gurgaon,B.E.,Electronics,6.76,1,Yes,No,4,1,Kotlin | Linux | TensorFlow | MongoDB,Indeed,Accenture,EdTech,HR Executive,Internship,Kolkata,2024-12-20,Applied,Not Available,22,Not Available,1621,88,Not Available,No,5,3
2212,Yogesh Das,Male,27,2021,Anna University Chennai,B.Tech,Electrical Engineering,8.04,3,No,Yes,1,1,Data Analysis | Bash Scripting | Python | R | SQL,Campus Placement,Bosch India,IT/Software,Recruiter,Contract,Remote,2024-03-31,Applied,Not Available,40,Not Available,2115,67,Not Available,Yes,2,3
2214,Diya Murthy,Female,25,2022,PES University Bangalore,MCA,Computer Applications,8.31,1,Yes,No,0,5,Kotlin | Flutter | Figma,LinkedIn,Intel India,Retail,Recruiter,Full-time,Kochi,2023-01-11,HR Interview,4.0,7,Not Available,595,88,No,No,5,1
2215,Geetanjali Saxena,Female,22,2020,IIT Hyderabad,B.Tech,Data Science,6.45,3,No,Yes,6,3,Bash Scripting | Ruby on Rails | MATLAB | Docker | Spark,Indeed,Flipkart,EdTech,Cloud Engineer,Full-time,Pune,2024-05-29,Applied,Not Available,35,Not Available,2854,88,Not Available,Yes,9,4
2218,Elina Biswas,Female,27,2021,IIT Kharagpur,B.Com,Finance,9.46,2,No,Yes,4,1,Data Analysis | Spring Boot | REST APIs,Indeed,Bajaj Finserv,E-commerce,Sales Executive,Full-time,Pune,2022-12-25,Applied,Not Available,20,Not Available,464,100,Not Available,No,5,1
2219,Itisha Ghosh,Female,21,2021,BITS Hyderabad,MBA,Marketing,9.65,1,No,No,4,4,Scala | Linux | Java | Teamwork,HackerEarth,Absolutdata,E-commerce,Embedded Engineer,Full-time,Pune,2021-07-19,Applied,Not Available,8,Not Available,411,75,Not Available,No,8,0
2220,Darshan Natarajan,Male,25,2020,BITS Hyderabad,B.Sc (IT),Information Technology,8.64,0,No,Yes,6,4,Python | Swift,LinkedIn,Practo,Telecom,iOS Developer,Internship,Patna,2023-09-30,Applied,Not Available,40,Not Available,2647,95,No,Yes,10,3
2221,Ritesh Patel,Male,27,2021,MDI Gurgaon,M.Tech,Data Science,5.76,0,No,Yes,5,2,Leadership | Teamwork,Glassdoor,Flipkart,E-commerce,Business Analyst,Full-time,Jaipur,2023-05-20,Rejected,2.0,41,Not Available,890,96,Not Available,No,7,2
2222,Chetan Chaudhary,Male,25,2020,IIT Kanpur,BCA,Computer Applications,6.63,0,No,No,3,4,Figma | REST APIs | Selenium | Kubernetes | Spring Boot,Naukri,Groww,FinTech,iOS Developer,Full-time,Ahmedabad,2022-02-27,HR Interview,1.0,10,Not Available,192,91,Not Available,No,7,2
2224,Jignesh Khanna,Male,24,2021,Bangalore University,B.Tech,Mechanical Engineering,6.57,2,No,No,6,4,Hive | Networking | Teamwork | Bash Scripting | R,Indeed,Cure.fit,EdTech,Backend Developer,Full-time,Chennai,2022-06-08,Offer,2.0,11,970108.0,2525,65,Not Available,No,10,1
2225,Girish Sharma,Male,26,2020,RV College Bangalore,MCA,Computer Applications,7.32,2,No,No,1,3,Django | Java | Networking | Linux,Indeed,Mphasis,Logistics,Network Engineer,Full-time,Delhi NCR,2023-05-30,HR Interview,5.0,7,Not Available,867,72,Not Available,No,4,3
2226,Sneha Das,Female,25,2024,IIT Kharagpur,BCA,Computer Applications,9.39,1,Yes,Yes,3,3,Teamwork | Networking,Naukri,Qualcomm India,E-commerce,Cloud Engineer,Full-time,Pune,2024-11-20,Technical Interview,4.0,21,Not Available,1586,64,Not Available,No,6,0
2227,Shivam Garg,Male,23,2020,Osmania University Hyderabad,B.Tech,Chemical Engineering,6.22,3,No,No,5,0,Bash Scripting | Excel | React | Spark,AngelList,Upstox,EdTech,QA Engineer,Full-time,Indore,2023-02-17,Offer,2.0,15,882568.0,2069,85,Not Available,No,5,3
2228,Mayank Patil,Male,22,2023,COEP Pune,B.Sc (IT),Information Technology,6.29,3,No,No,6,0,Cybersecurity | Flutter | Azure,Indeed,Flipkart,E-commerce,Cloud Engineer,Part-time,Visakhapatnam,2024-06-08,Offer,3.0,30,830604.0,1886,93,Not Available,No,6,1
2230,Vandana Dey,Female,21,2023,Amity University Noida,MCA,Computer Applications,8.33,3,No,Yes,1,0,Communication | MongoDB | Kubernetes | AWS,Internshala,Practo,Retail,Operations Analyst,Part-time,Gurugram,2023-08-10,HR Interview,4.0,1,Not Available,515,81,Not Available,No,1,0
2231,Karan Das,Prefer not to say,23,2021,KIIT Bhubaneswar,BCA,Computer Applications,9.97,3,No,Yes,4,0,Kotlin | Laravel | GraphQL,Naukri,LTIMindtree,Media & Entertainment,Backend Developer,Contract,Jaipur,2022-08-27,Offer,1.0,42,733172.0,327,65,Not Available,No,4,1
2232,Lalit Lodha,Male,26,2021,Kalinga University,B.Com,Accounting,9.28,2,No,No,0,2,JavaScript | Problem Solving,Campus Placement,Google India,Media & Entertainment,Technical Support Engineer,Contract,Patna,2023-03-29,Technical Interview,1.0,27,Not Available,101,78,Not Available,No,2,2
2233,Natasha Pandey,Female,24,2021,Jadavpur University Kolkata,B.Com,Commerce,7.02,1,No,No,6,3,Machine Learning | MongoDB,LinkedIn,LTIMindtree,Consulting,iOS Developer,Internship,Chennai,2024-01-09,Technical Interview,5.0,45,Not Available,795,88,No,Yes,9,3
2236,Furqan Sengupta,Male,26,2020,SVNIT Surat,B.E.,Civil,9.7,1,No,No,6,0,Cybersecurity | Hive | Kotlin | Power BI,LinkedIn,Intel India,Retail,Database Administrator,Full-time,Bhopal,2024-05-10,Online Assessment,Not Available,45,Not Available,598,86,No,Yes,6,4
2237,Usha Sengupta,Female,24,2023,XLRI Jamshedpur,MBA,Marketing,5.98,2,No,No,2,4,Data Analysis | Ruby on Rails | Figma | Leadership,Campus Placement,HDFC Bank,Media & Entertainment,Cybersecurity Analyst,Full-time,Indore,2023-12-07,Applied,Not Available,20,Not Available,1581,84,Not Available,No,6,0
2239,Vibha Agarwal,Female,27,2021,Nirma University Ahmedabad,BBA,HR,7.27,3,No,Yes,4,3,Swift | SQL | Laravel | Node.js,Cutshort,Practo,Manufacturing,ML Engineer,Full-time,Visakhapatnam,2023-06-05,Applied,Not Available,41,Not Available,2402,95,Not Available,No,7,2
2240,Geetanjali Chatterjee,Female,21,2023,Mumbai University,MCA,Computer Applications,9.2,2,No,Yes,0,1,C++ | GraphQL,LinkedIn,LTIMindtree,AgriTech,Technical Support Engineer,Part-time,Kochi,2024-06-13,Shortlisted,Not Available,27,Not Available,2017,65,No,No,1,1
2241,Harsha Kulkarni,Prefer not to say,23,2021,IIM Bangalore,BCA,Computer Applications,9.65,3,No,No,6,4,Teamwork | Data Analysis | PyTorch,Internshala,Deloitte,FinTech,Backend Developer,Part-time,Mumbai,2023-06-01,Online Assessment,Not Available,45,Not Available,2569,83,Not Available,No,10,2
2243,Pranav Joshi,Male,20,2022,Mumbai University,MBA,Operations,8.63,3,No,No,4,1,Azure | AWS | Cybersecurity,Shine,Wipro,FinTech,Finance Analyst,Contract,Chandigarh,2024-10-22,Technical Interview,1.0,31,Not Available,2698,83,Not Available,No,5,2
2244,Harsh Sodhi,Male,20,2020,COEP Pune,B.Tech,Civil Engineering,9.64,1,Yes,Yes,5,4,Deep Learning | React | Swift | Java | Problem Solving,Campus Placement,Absolutdata,Consulting,Network Engineer,Contract,Remote,2021-02-26,Rejected,5.0,43,Not Available,2335,62,Not Available,No,9,1
2245,Deepak Verma,Male,26,2023,IIT Hyderabad,BCA,Computer Applications,5.68,3,No,No,3,2,Cybersecurity | MATLAB,Unstop,Microsoft India,Consulting,iOS Developer,Full-time,Lucknow,2024-11-01,Applied,Not Available,15,Not Available,1778,81,Not Available,No,5,1
2246,Jay Kumar,Male,26,2020,GLA University Mathura,B.Tech,Mechanical Engineering,5.95,0,No,Yes,6,4,Tableau | Hadoop | TypeScript | Communication | Swift,Internshala,Intel India,Retail,Cybersecurity Analyst,Full-time,Noida,2023-03-24,Applied,Not Available,44,Not Available,2337,64,Not Available,No,10,3
2247,Arjun Biswas,Male,24,2021,Delhi University,B.Sc (IT),Information Technology,9.09,3,No,Yes,6,3,Hadoop | TensorFlow,LinkedIn,HDFC Bank,E-commerce,ML Engineer,Internship,Chennai,2024-06-24,Shortlisted,Not Available,8,Not Available,2817,92,No,No,9,3
2248,Om Trivedi,Male,21,2023,Bangalore University,B.Com,Finance,5.52,3,No,No,5,0,R | React | Networking | MongoDB,Unstop,Upstox,Retail,DevOps Engineer,Contract,Mumbai,2024-05-19,Applied,Not Available,22,Not Available,2616,87,Not Available,Yes,5,1
2250,Yash Balakrishnan,Male,24,2020,IIT Kharagpur,B.E.,Electrical,7.09,1,No,Yes,1,5,Communication | Java | Bash Scripting | Cybersecurity,Indeed,Amazon India,AgriTech,Marketing Analyst,Internship,Chennai,2024-11-21,Applied,Not Available,4,Not Available,2470,86,Not Available,No,6,4
2251,Vandana Swamy,Female,26,2020,Christ University Bangalore,B.Sc (CS),Computer Science,7.07,2,No,Yes,1,1,MongoDB | Bash Scripting,Indeed,Citi India,Manufacturing,Finance Analyst,Internship,Bhubaneswar,2022-12-06,Applied,Not Available,12,Not Available,277,88,Not Available,No,2,2
2252,Swati Ghosh,Female,20,2024,NSUT Delhi,B.E.,Electronics,7.03,2,No,Yes,2,1,Linux | Kubernetes,Indeed,HDFC Bank,Consulting,Marketing Analyst,Internship,Chandigarh,2024-04-03,Applied,Not Available,31,Not Available,155,86,Not Available,No,3,0
2254,Lakshay Majumdar,Male,22,2020,IIT Delhi,B.Com,Commerce,5.56,1,No,Yes,6,4,Teamwork | Bash Scripting,Naukri,Zomato,AgriTech,Sales Executive,Full-time,Noida,2021-05-17,Offer,5.0,6,509955.0,2824,59,Not Available,No,10,1
2255,Ojaswi Joshi,Female,27,2021,IIT Kanpur,B.Sc (CS),Computer Science,6.14,3,No,No,3,0,Cybersecurity | C++ | Teamwork,LinkedIn,ICICI Bank,Retail,Embedded Engineer,Internship,Surat,2021-02-16,HR Interview,5.0,1,Not Available,107,85,No,No,3,0
2258,Umesh Oberoi,Male,26,2022,GLA University Mathura,MCA,Computer Applications,8.02,3,No,No,2,2,Swift | Docker | Tableau | Flutter | Ruby on Rails,LinkedIn,Urban Company,FinTech,Operations Analyst,Full-time,Chandigarh,2022-01-24,Applied,Not Available,31,Not Available,2196,60,No,No,4,0
2259,Firoz Malhotra,Male,26,2021,BITS Pilani,BBA,HR,6.65,2,No,No,1,0,Ruby on Rails | Linux | Node.js | Kubernetes | MATLAB,Cutshort,LTIMindtree,HealthTech,UX Designer,Full-time,Coimbatore,2021-02-08,Online Assessment,Not Available,41,Not Available,1159,72,Not Available,No,1,0
2260,Kirti Agarwal,Female,22,2021,JNTUH Hyderabad,B.Tech,Electrical Engineering,8.63,3,Yes,No,4,0,Kotlin | Scala,Naukri,Angel One,AgriTech,Product Manager,Full-time,Jaipur,2021-11-27,Applied,Not Available,27,Not Available,1950,62,Not Available,No,4,0
2261,Ekansh Bansal,Male,27,2021,SRMIST Chennai,BBA,Business Administration,8.97,3,No,Yes,5,4,Machine Learning | Networking | Problem Solving,Hirist,L&T Infotech,Logistics,UX Designer,Contract,Patna,2023-01-10,Rejected,4.0,8,Not Available,1015,67,Not Available,No,9,2
2262,Jhanvi Jadhav,Female,23,2021,SRM University Chennai,BCA,Computer Applications,7.37,1,No,Yes,4,3,R | Swift | Kotlin,Indeed,Zoho,FinTech,Data Analyst,Full-time,Visakhapatnam,2023-10-17,Offer,4.0,33,826426.0,2297,98,Not Available,No,7,2
2263,Kirti Walia,Female,26,2022,Chandigarh University,B.Sc (IT),Information Technology,7.12,1,No,No,1,4,Java | Excel | Problem Solving | Swift,Indeed,NIIT Technologies,HealthTech,Database Administrator,Full-time,Noida,2022-09-20,Applied,Not Available,26,Not Available,2170,93,Not Available,No,5,0
2264,Kartik Menon,Male,22,2024,NIT Surathkal,MCA,Computer Applications,5.52,0,Yes,No,6,4,Deep Learning | MongoDB | Scala | Data Analysis | TypeScript,Internshala,Uber India,Media & Entertainment,Software Engineer,Contract,Mumbai,2024-11-23,Applied,Not Available,23,Not Available,1803,95,Not Available,No,10,0
2266,Pallavi Rawat,Female,20,2021,IIM Bangalore,B.E.,Electrical,9.03,2,No,No,0,3,Deep Learning | Machine Learning | PHP,Naukri,Mu Sigma,AgriTech,Recruiter,Contract,Ahmedabad,2023-05-16,Shortlisted,Not Available,43,Not Available,70,66,Not Available,No,3,2
2267,Manish Venkatesh,Male,22,2020,BITS Pilani,B.Com,Commerce,9.81,0,No,No,2,0,Azure | REST APIs,LinkedIn,Wipro,Manufacturing,Digital Marketing Executive,Internship,Delhi NCR,2022-06-28,Shortlisted,Not Available,41,Not Available,2404,81,No,No,2,2
2269,Pooja Hegde,Female,20,2022,IIIT Bangalore,B.E.,Civil,8.5,1,No,No,1,2,Cybersecurity | Scala | C++,Shine,Paytm,Logistics,Network Engineer,Internship,Delhi NCR,2024-04-29,Shortlisted,Not Available,1,Not Available,494,60,Not Available,Yes,3,2
2276,Naman Anand,Male,20,2023,SP Jain Mumbai,B.Sc (IT),Information Technology,9.68,2,No,Yes,5,5,TypeScript | MATLAB,Naukri,Uber India,EdTech,Systems Engineer,Full-time,Vadodara,2023-09-22,Online Assessment,Not Available,4,Not Available,463,75,Not Available,No,10,0
2277,Ishita Swamy,Female,20,2023,NIT Surathkal,BBA,Finance,7.84,2,No,Yes,2,5,Hadoop | Spring Boot | Kubernetes,Naukri,Cognizant,AgriTech,SEO Analyst,Contract,Nagpur,2023-04-22,HR Interview,4.0,4,Not Available,2541,90,Not Available,No,7,0
2278,Chetna Joshi,Female,25,2020,IIM Calcutta,B.Com,Commerce,6.74,0,No,Yes,2,5,MATLAB | JavaScript | MongoDB | Problem Solving | Deep Learning,Referral,Tata Steel,IT/Software,ML Engineer,Internship,Kochi,2024-03-25,Applied,Not Available,35,Not Available,971,74,Not Available,Yes,7,4
2279,Aarti Gupta,Female,24,2022,Delhi University,BBA,Business Administration,8.33,2,No,Yes,1,2,Java | Spark | Figma,Indeed,Tiger Analytics,EdTech,Product Manager,Internship,Kochi,2023-02-09,Offer,5.0,21,20248.0,2069,83,Not Available,No,3,1
2280,Mohit Chaudhary,Male,24,2021,Chandigarh University,BCA,Computer Applications,6.37,1,Yes,Yes,0,5,Ruby on Rails | MongoDB,LinkedIn,Cognizant,EdTech,Cybersecurity Analyst,Full-time,Kolkata,2024-01-28,Applied,Not Available,3,Not Available,1877,86,No,No,5,3
2282,Girish Yadav,Male,23,2022,KIIT Bhubaneswar,BBA,Finance,7.65,1,No,Yes,4,2,Swift | Deep Learning | Django,AngelList,TCS,Banking & Finance,Content Writer,Contract,Bhubaneswar,2022-04-21,Technical Interview,2.0,24,Not Available,2184,73,Not Available,No,6,0
2283,Shreya Pillai,Female,22,2021,IIT Madras,BCA,Computer Applications,6.0,1,No,No,6,3,MongoDB | Swift,Naukri,Mphasis,Manufacturing,Data Scientist,Full-time,Chandigarh,2021-04-12,Shortlisted,Not Available,41,Not Available,2277,60,Not Available,No,9,0
2284,Alpana Ahuja,Female,26,2020,Delhi University,BCA,Computer Applications,9.06,1,No,Yes,3,3,Communication | Hive,HackerEarth,Google India,Banking & Finance,Software Engineer,Full-time,Mumbai,2024-07-17,Offer,3.0,26,1025529.0,1178,94,Not Available,Yes,6,4
2286,Twinkle Iyer,Female,20,2020,SVNIT Surat,B.Tech,Computer Science,6.26,1,Yes,No,6,1,REST APIs | Spring Boot | Java | TensorFlow | AWS,Naukri,Persistent Systems,FinTech,Embedded Engineer,Full-time,Gurugram,2022-09-03,Applied,Not Available,9,Not Available,2110,74,Not Available,No,7,2
2287,Dinesh Srivastava,Male,27,2022,Nirma University Ahmedabad,BCA,Computer Applications,9.92,2,Yes,No,2,3,Data Analysis | Figma,Indeed,Tiger Analytics,Banking & Finance,Android Developer,Full-time,Gurugram,2024-04-19,Technical Interview,1.0,33,Not Available,2624,91,Not Available,No,5,2
2290,Lalit Murthy,Male,21,2021,NIT Surathkal,MCA,Computer Applications,7.23,1,No,Yes,2,0,Tableau | R,Internshala,BYJU's,E-commerce,HR Executive,Internship,Visakhapatnam,2024-10-29,Offer,4.0,29,19848.0,128,68,Not Available,Yes,2,3
2292,Kamlesh More,Male,27,2023,Lovely Professional University,M.Tech,Software Engineering,5.91,2,No,Yes,3,2,Hive | MATLAB | Node.js | Selenium,LinkedIn,LTIMindtree,HealthTech,Backend Developer,Full-time,Kolkata,2023-06-09,Applied,Not Available,8,Not Available,2016,60,No,No,5,0
2295,Aarti Sengupta,Female,27,2020,IIIT Hyderabad,MBA,Operations,7.62,3,No,No,4,4,MongoDB | Networking | Figma | Ruby on Rails,LinkedIn,MakeMyTrip,Retail,Recruiter,Internship,Pune,2024-09-02,Online Assessment,Not Available,30,Not Available,2556,74,No,Yes,8,4
2297,Namrata Choudhury,Female,27,2022,IIIT Bangalore,B.E.,Civil,8.07,2,Yes,Yes,6,1,Deep Learning | MATLAB | Spring Boot | Ruby on Rails,LinkedIn,Mindtree,Automotive,UX Designer,Full-time,Hyderabad,2022-03-27,Offer,3.0,23,891461.0,1950,56,Yes,No,7,0
2302,Aditi Arora,Female,22,2022,Pune University,B.Sc (CS),Computer Science,5.7,1,No,Yes,1,0,Excel | TensorFlow,Indeed,Morgan Stanley India,AgriTech,Data Analyst,Full-time,Chennai,2022-11-29,Offer,5.0,10,576315.0,2085,56,Not Available,No,1,0
2306,Ritesh Srivastava,Male,21,2020,Jadavpur University Kolkata,MCA,Computer Applications,7.34,1,Yes,No,3,1,Machine Learning | JavaScript,Naukri,IBM India,FinTech,Product Manager,Full-time,Mumbai,2024-04-26,Applied,Not Available,17,Not Available,928,66,Not Available,No,4,4
2312,Kamlesh Patil,Male,25,2021,SRMIST Chennai,BCA,Computer Applications,8.75,2,No,Yes,2,3,Python | Java,Naukri,Zerodha,EdTech,HR Executive,Contract,Mumbai,2021-04-19,Shortlisted,Not Available,33,Not Available,460,94,Not Available,No,5,0
2316,Yash Das,Male,25,2021,PES University Bangalore,B.Sc (CS),Computer Science,5.82,2,No,No,5,4,Kotlin | GraphQL,LinkedIn,Deloitte,Logistics,Operations Analyst,Full-time,Gurugram,2024-01-23,Applied,Not Available,5,Not Available,457,73,No,No,9,3
2317,Mayank Mathur,Male,21,2020,NSUT Delhi,B.Sc (CS),Computer Science,5.57,0,No,No,6,2,C++ | Excel | Django | Git,Unstop,Coforge,Telecom,ML Engineer,Full-time,Mysuru,2021-08-08,Applied,Not Available,13,Not Available,355,66,Not Available,No,8,1
2320,Lata Negi,Female,22,2022,Mumbai University,B.Sc (IT),Information Technology,7.78,3,Yes,Yes,5,2,Spark | Python | Docker | Kotlin | Excel,LinkedIn,Capgemini,Telecom,SEO Analyst,Full-time,Noida,2024-10-30,Technical Interview,2.0,21,Not Available,1632,70,No,No,7,2
2323,Ojaswi Bhatnagar,Female,20,2023,PES University Bangalore,B.Com,Accounting,6.47,1,No,Yes,6,4,Java | TensorFlow | Linux | Azure | Figma,LinkedIn,Razorpay,EdTech,UX Designer,Full-time,Pune,2024-04-13,Shortlisted,Not Available,45,Not Available,2107,98,No,No,10,1
2324,Indira Majumdar,Female,20,2021,HBTU Kanpur,B.E.,Electrical,7.35,3,No,Yes,4,4,PHP | MongoDB | Hive | Deep Learning,Unstop,Mu Sigma,HealthTech,HR Executive,Contract,Gurugram,2023-12-01,Offer,3.0,30,318135.0,2079,62,Not Available,No,8,2
2325,Yamini Malhotra,Female,24,2020,XLRI Jamshedpur,B.Sc (CS),Computer Science,6.84,3,No,No,0,4,Teamwork | C++ | Networking | MongoDB,Campus Placement,Urban Company,FinTech,Data Scientist,Full-time,Chennai,2022-02-12,Applied,Not Available,38,Not Available,1594,62,Not Available,No,4,2
2327,Vijay Sodhi,Prefer not to say,24,2023,Lovely Professional University,MCA,Computer Applications,7.26,0,No,Yes,6,3,Teamwork | REST APIs,LinkedIn,Zoho,EdTech,SEO Analyst,Full-time,Hyderabad,2024-09-05,Technical Interview,2.0,24,Not Available,142,79,No,No,9,1
2328,Tarun Negi,Male,21,2021,Nirma University Ahmedabad,BBA,HR,9.94,2,Yes,No,5,3,Linux | Communication | Django,LinkedIn,Tech Mahindra,Manufacturing,Marketing Analyst,Full-time,Bhopal,2021-12-22,Applied,Not Available,24,Not Available,2488,59,No,No,8,0
2329,Gouri Balakrishnan,Female,25,2022,NIT Trichy,BCA,Computer Applications,8.25,3,No,Yes,5,4,Kubernetes | Ruby on Rails | Git | Leadership,LinkedIn,Tech Mahindra,Manufacturing,Product Manager,Internship,Surat,2023-07-16,Rejected,5.0,37,Not Available,503,66,No,No,9,1
2332,Ekta Ramachandran,Female,24,2020,Bangalore University,B.Sc (CS),Computer Science,7.89,3,No,Yes,1,4,Spring Boot | Networking | MongoDB | Selenium | Machine Learning,Indeed,Fractal Analytics,IT/Software,Software Engineer,Full-time,Gurugram,2021-07-04,Applied,Not Available,24,Not Available,2347,90,Not Available,No,5,1
2333,Vikram Kulkarni,Male,25,2020,DTU Delhi,B.E.,Electrical,8.15,3,No,Yes,0,4,JavaScript | Figma | Problem Solving | R | Communication,LinkedIn,1mg,Logistics,Business Analyst,Internship,Mysuru,2022-10-19,Applied,Not Available,19,Not Available,1762,61,Yes,No,4,2
2335,Ravi More,Male,25,2020,XLRI Jamshedpur,B.Com,Finance,7.4,3,No,No,6,1,Spring Boot | REST APIs | Python | R | Ruby on Rails,Referral,LTIMindtree,FinTech,Software Engineer,Full-time,Jaipur,2021-05-03,HR Interview,5.0,19,Not Available,164,77,Not Available,Yes,7,1
2338,Usha Jadhav,Female,25,2023,COEP Pune,B.Sc (IT),Information Technology,5.73,1,No,No,3,4,Docker | TypeScript | SQL | Deep Learning | Hive,Naukri,JPMorgan India,AgriTech,Cloud Engineer,Internship,Remote,2024-05-29,Applied,Not Available,14,Not Available,70,84,Not Available,No,7,1
2343,Nikhil Bhatt,Male,20,2021,IIIT Allahabad,M.Tech,VLSI,6.61,0,Yes,Yes,6,2,REST APIs | R | Git,Referral,HDFC Bank,EdTech,HR Executive,Contract,Jaipur,2021-08-23,Technical Interview,5.0,23,Not Available,2782,59,Not Available,No,8,0
2345,Indira Saxena,Female,27,2020,Manipal Institute of Technology,BCA,Computer Applications,6.5,3,No,Yes,5,3,Bash Scripting | Tableau | AWS | Django | Problem Solving,Unstop,Mindtree,IT/Software,Digital Marketing Executive,Internship,Nagpur,2021-01-16,Applied,Not Available,41,Not Available,1973,68,Not Available,No,8,1
2346,Bhavna Pillai,Female,20,2022,IIIT Bangalore,B.E.,Electronics,6.02,3,No,Yes,3,4,Kotlin | Power BI | Communication,LinkedIn,Capgemini,Logistics,Technical Support Engineer,Full-time,Indore,2024-01-16,Shortlisted,Not Available,44,Not Available,1242,73,No,Yes,7,2
2348,Priya Agarwal,Female,24,2023,NIT Trichy,B.Sc (IT),Information Technology,9.35,2,No,No,5,2,TensorFlow | Excel,LinkedIn,LTIMindtree,FinTech,Systems Engineer,Full-time,Hyderabad,2023-09-25,Applied,Not Available,4,Not Available,954,69,No,Yes,7,0
2349,Harini Jadhav,Prefer not to say,22,2020,BITS Goa,B.Tech,Electrical Engineering,9.12,3,Yes,No,6,4,Linux | Laravel,HackerEarth,Fractal Analytics,Automotive,Recruiter,Full-time,Pune,2024-02-20,Technical Interview,5.0,7,Not Available,2619,86,Not Available,Yes,10,4
2350,Xander Shah,Male,24,2021,IIT Kharagpur,M.Tech,AI/ML,6.56,3,No,Yes,3,4,TensorFlow | Selenium | Power BI | Problem Solving | Spark,Naukri,Angel One,Media & Entertainment,Technical Support Engineer,Full-time,Mumbai,2021-07-02,HR Interview,5.0,3,Not Available,233,88,Not Available,No,7,0
2355,Jagdish Khatri,Male,21,2021,Delhi University,B.E.,Mechanical,9.17,1,Yes,Yes,5,5,Excel | Laravel | REST APIs,LinkedIn,Cognizant,Logistics,Finance Analyst,Full-time,Ahmedabad,2024-08-23,Applied,Not Available,33,Not Available,2464,83,No,No,10,3
2359,Jay Iyer,Male,21,2020,IIT Hyderabad,B.Com,Finance,5.63,1,No,Yes,3,4,Power BI | Excel | C++,Unstop,IBM India,EdTech,Network Engineer,Internship,Coimbatore,2021-06-18,Technical Interview,1.0,39,Not Available,2353,82,Not Available,No,7,1
2361,Furqan Lodha,Male,20,2021,Anna University Chennai,B.Sc (IT),Information Technology,6.68,1,No,No,4,4,Problem Solving | Flutter | Java | Linux | Networking,IIMJobs,Ola,Logistics,Systems Engineer,Full-time,Pune,2024-03-27,Applied,Not Available,32,Not Available,1576,71,Not Available,No,8,3
2362,Esha Sodhi,Female,24,2024,Jadavpur University Kolkata,B.Com,Commerce,5.91,3,No,No,6,1,Data Analysis | Scala | MATLAB | Hadoop | SQL,Naukri,Coforge,Manufacturing,Systems Engineer,Full-time,Kochi,2024-10-18,Online Assessment,Not Available,7,Not Available,1168,58,Not Available,No,7,0
2363,Janhavi Patil,Female,25,2022,Mumbai University,B.Sc (CS),Computer Science,7.55,1,No,Yes,3,1,Communication | Kubernetes | MATLAB,Indeed,Groww,Logistics,Business Analyst,Full-time,Nagpur,2023-01-06,Withdrawn,Not Available,38,Not Available,1597,81,Not Available,No,4,1
2364,Zara Goyal,Female,26,2023,Lovely Professional University,B.Com,Finance,6.71,0,No,No,5,2,MongoDB | JavaScript | Kotlin | C++ | Spring Boot,LinkedIn,JPMorgan India,AgriTech,Software Engineer,Contract,Chennai,2024-09-11,Applied,Not Available,41,Not Available,1440,92,No,No,7,1
2365,Jatin Rawat,Male,22,2021,SVNIT Surat,BBA,Finance,5.6,2,No,Yes,6,5,Laravel | Flutter | Leadership | R,AngelList,Coforge,Media & Entertainment,Systems Engineer,Full-time,Hyderabad,2023-10-13,Shortlisted,Not Available,29,Not Available,1345,83,Not Available,No,11,2
2367,Ishan Chaudhary,Male,25,2020,BITS Pilani,B.Sc (CS),Computer Science,6.38,2,No,No,5,0,Networking | AWS | MATLAB | Swift | Linux,Naukri,Absolutdata,Media & Entertainment,ML Engineer,Full-time,Surat,2022-12-31,Applied,Not Available,17,Not Available,132,64,Not Available,No,5,2
2368,Harish Joshi,Male,21,2022,JNTUH Hyderabad,B.Com,Accounting,9.85,1,No,No,1,0,Selenium | Linux,Hirist,Angel One,AgriTech,Data Scientist,Internship,Jaipur,2023-08-20,Online Assessment,Not Available,45,Not Available,2294,73,Not Available,No,1,1
2369,Jhanvi Bansal,Female,22,2020,JNTUH Hyderabad,B.E.,Computer Science,7.83,3,No,Yes,1,3,Cybersecurity | Teamwork | C++,LinkedIn,Zerodha,Retail,Business Analyst,Full-time,Bhopal,2023-06-20,HR Interview,2.0,7,Not Available,2301,59,No,No,4,3
2370,Darshan Rawat,Male,21,2021,SVNIT Surat,B.E.,Electrical,6.72,1,No,No,1,3,Linux | Power BI | Problem Solving | Excel | Hadoop,Naukri,ICICI Bank,Manufacturing,QA Engineer,Internship,Lucknow,2024-11-19,Offer,3.0,41,21169.0,2251,67,Not Available,No,4,3
2371,Uday Biswas,Male,24,2022,IIIT Bangalore,B.E.,Mechanical,9.25,3,No,Yes,5,5,Hadoop | Data Analysis | MongoDB | Linux | Scala,Campus Placement,HCL Technologies,Telecom,Business Analyst,Full-time,Kolkata,2023-05-19,Shortlisted,Not Available,7,Not Available,2850,64,Not Available,No,10,1
2373,Trisha Ramachandran,Female,24,2020,XLRI Jamshedpur,B.Tech,Information Technology,6.17,0,No,No,4,4,GraphQL | Linux | PHP | Docker | REST APIs,Indeed,Infosys,Banking & Finance,iOS Developer,Internship,Vadodara,2023-05-06,Rejected,5.0,25,Not Available,2864,83,Not Available,No,8,3
2376,Priya Negi,Female,25,2022,DTU Delhi,B.Sc (IT),Information Technology,5.53,1,No,No,1,1,Power BI | R | Selenium | SQL,Apna,Unacademy,AgriTech,Data Scientist,Full-time,Mysuru,2023-10-28,Technical Interview,4.0,4,Not Available,552,70,Not Available,No,2,1
2378,Eisha Swamy,Female,20,2022,KIIT Bhubaneswar,B.Tech,Mechanical Engineering,9.62,1,No,No,1,1,Tableau | Networking,Referral,BigBasket,Retail,Digital Marketing Executive,Part-time,Mumbai,2023-03-07,Online Assessment,Not Available,1,Not Available,2573,98,Not Available,No,2,1
2382,Nisha Sharma,Female,25,2024,DTU Delhi,B.Com,Finance,6.84,1,No,No,5,4,Leadership | Scala,Referral,Siemens India,AgriTech,Full Stack Developer,Internship,Coimbatore,2024-08-19,Shortlisted,Not Available,8,Not Available,2609,91,Not Available,No,9,0
2388,Eisha Reddy,Female,27,2021,Jadavpur University Kolkata,B.E.,Electronics,7.3,0,No,Yes,2,2,Data Analysis | Laravel | Teamwork,Campus Placement,Wipro,Automotive,Android Developer,Full-time,Coimbatore,2023-07-19,Online Assessment,Not Available,42,Not Available,857,68,Not Available,Yes,4,2
2393,Zara Ahuja,Female,23,2021,Mumbai University,BBA,Business Administration,5.85,3,No,Yes,5,5,Docker | Bash Scripting | TensorFlow | TypeScript,Naukri,Google India,HealthTech,Recruiter,Full-time,Patna,2023-06-27,Withdrawn,Not Available,22,Not Available,2585,64,Not Available,No,10,2
2394,Harish Lal,Male,26,2021,Lovely Professional University,M.Tech,VLSI,6.68,0,No,Yes,6,3,PyTorch | MATLAB | TensorFlow | Git,Monster,NIIT Technologies,HealthTech,Software Engineer,Full-time,Ahmedabad,2023-02-24,Shortlisted,Not Available,33,Not Available,1655,62,Not Available,No,9,2
2395,Vinay Oswal,Male,26,2023,Symbiosis Pune,MCA,Computer Applications,8.27,1,No,No,3,1,Teamwork | Leadership | Data Analysis,Indeed,Unacademy,Retail,Recruiter,Full-time,Chandigarh,2023-05-02,Applied,Not Available,34,Not Available,894,86,Not Available,No,4,0
2396,Yogesh Oberoi,Male,24,2020,NSUT Delhi,B.Sc (CS),Computer Science,8.65,3,No,Yes,0,3,Kotlin | Spring Boot | MATLAB | C++ | Django,LinkedIn,L&T Infotech,IT/Software,DevOps Engineer,Full-time,Lucknow,2024-11-16,Offer,5.0,28,659334.0,2804,97,No,No,3,4
2402,Naman Dhillon,Male,20,2022,IIT Kharagpur,B.Sc (IT),Information Technology,5.94,3,Yes,Yes,5,5,Data Analysis | Python,Naukri,Siemens India,HealthTech,Network Engineer,Full-time,Visakhapatnam,2023-05-09,Applied,Not Available,1,Not Available,1240,87,Not Available,No,10,1
2403,Aarav Saxena,Male,27,2022,MDI Gurgaon,BBA,HR,7.12,2,No,No,1,2,Flutter | REST APIs | React,Campus Placement,Razorpay,Telecom,Sales Executive,Internship,Jaipur,2024-10-02,Shortlisted,Not Available,17,Not Available,2860,72,Not Available,No,3,2
2405,Xander Walia,Male,26,2021,IIT Kanpur,M.Tech,Data Science,6.39,1,No,No,2,3,TensorFlow | TypeScript | Hive,Naukri,Cognizant,Media & Entertainment,Database Administrator,Internship,Mumbai,2021-08-23,Shortlisted,Not Available,3,Not Available,2939,70,Not Available,No,5,0
2406,Vinay Das,Male,22,2021,Osmania University Hyderabad,MBA,Operations,6.33,1,No,Yes,2,3,Deep Learning | Java,Referral,Siemens India,Telecom,Product Manager,Internship,Delhi NCR,2022-03-25,Technical Interview,5.0,28,Not Available,60,79,Not Available,No,5,1
2407,Chitra Chopra,Female,27,2020,BITS Hyderabad,B.Sc (IT),Information Technology,7.31,2,No,Yes,0,5,Kotlin | TensorFlow,Unstop,Capgemini,Telecom,Software Engineer,Full-time,Mysuru,2024-03-28,Shortlisted,Not Available,36,Not Available,2401,82,Not Available,No,5,4
2408,Darshan Bhatnagar,Male,23,2022,Lovely Professional University,M.Tech,Computer Science,7.33,0,No,Yes,5,5,Excel | Tableau | Spring Boot | Java | PyTorch,Cutshort,Amazon India,IT/Software,Systems Engineer,Internship,Delhi NCR,2022-05-12,Technical Interview,2.0,14,Not Available,334,66,Not Available,No,10,0
2409,Elina Pandey,Female,26,2024,Pune University,M.Tech,Data Science,9.99,0,No,Yes,0,1,Java | Excel | Networking | Cybersecurity,Naukri,Paytm,IT/Software,Finance Analyst,Full-time,Patna,2024-06-03,Shortlisted,Not Available,34,Not Available,86,72,Not Available,Yes,1,0
2411,Uma Pillai,Prefer not to say,27,2020,SRM University Chennai,B.Com,Accounting,9.08,2,No,No,2,1,Java | PHP | Machine Learning | Django,Cutshort,HCL Technologies,HealthTech,Cloud Engineer,Part-time,Bhubaneswar,2022-11-22,Offer,5.0,11,516043.0,2335,70,Not Available,No,3,2
2412,Chandni Oberoi,Female,24,2021,IIT Hyderabad,B.Tech,Information Technology,6.55,0,No,Yes,6,3,Cybersecurity | Flutter | GraphQL | Power BI,LinkedIn,Zomato,Retail,Systems Engineer,Internship,Mumbai,2024-01-03,Applied,Not Available,30,Not Available,1555,100,No,No,9,3
2413,Sagar Jain,Male,25,2023,IIIT Allahabad,MCA,Computer Applications,9.81,2,No,Yes,4,1,Docker | Leadership | Cybersecurity | PHP | Hive,Internshala,Qualcomm India,Logistics,DevOps Engineer,Internship,Kolkata,2023-11-19,Technical Interview,4.0,1,Not Available,1553,68,Not Available,No,5,0
2416,Bhumi Chopra,Female,21,2020,Mumbai University,MCA,Computer Applications,6.37,1,No,Yes,2,3,C++ | Deep Learning | Docker,Monster,PolicyBazaar,Retail,Database Administrator,Full-time,Ahmedabad,2022-11-18,Online Assessment,Not Available,25,Not Available,1766,80,Not Available,No,5,2
2417,Vikram Hegde,Male,22,2020,BITS Pilani,BCA,Computer Applications,6.95,3,Yes,No,3,4,Communication | Linux | Bash Scripting | SQL,Internshala,Bajaj Finserv,Banking & Finance,UX Designer,Internship,Surat,2022-02-21,Technical Interview,5.0,31,Not Available,1766,64,Not Available,No,7,2
2418,Kavya Natarajan,Female,22,2021,NSUT Delhi,B.E.,Computer Science,7.18,3,Yes,Yes,1,5,Problem Solving | Selenium,AngelList,Goldman Sachs,E-commerce,Recruiter,Full-time,Chennai,2021-09-21,Applied,Not Available,45,Not Available,2054,75,Not Available,No,6,0
2419,Komal Bose,Female,26,2021,Amity University Noida,BBA,HR,9.64,3,No,No,0,0,R | Selenium | REST APIs | MongoDB,Naukri,Swiggy,Media & Entertainment,HR Executive,Internship,Kolkata,2023-12-09,Applied,Not Available,26,Not Available,632,96,Not Available,No,0,2
2422,Eisha Goyal,Female,21,2021,JNTUH Hyderabad,B.Sc (CS),Computer Science,6.42,1,No,No,6,0,Hadoop | Hive,Naukri,Samsung India,Retail,Sales Executive,Contract,Bhubaneswar,2021-10-26,Applied,Not Available,19,Not Available,625,84,Not Available,No,6,0
2423,Tanvi Oswal,Female,22,2020,Mumbai University,M.Tech,Software Engineering,7.43,2,No,No,6,1,Node.js | Machine Learning | Python | Git | Azure,Cutshort,Zerodha,Telecom,Software Engineer,Full-time,Visakhapatnam,2021-04-08,Shortlisted,Not Available,19,Not Available,1797,78,Not Available,No,7,1
2424,Leena Chopra,Prefer not to say,22,2021,Amity University Noida,MCA,Computer Applications,6.64,1,No,No,6,4,Networking | C++ | Figma,Indeed,Bajaj Finserv,HealthTech,Marketing Analyst,Contract,Remote,2024-07-29,Shortlisted,Not Available,32,Not Available,270,67,Not Available,No,10,3
2425,Amit Nair,Male,20,2024,Lovely Professional University,MBA,Operations,9.0,2,No,No,4,5,Docker | Linux | Selenium,Internshala,Nykaa,Telecom,Business Analyst,Contract,Nagpur,2024-08-18,Offer,1.0,23,833339.0,2903,96,Not Available,No,9,0
2428,Varsha Sodhi,Female,24,2021,NIT Calicut,M.Tech,Software Engineering,6.37,3,No,Yes,5,2,Python | Node.js | Azure | TensorFlow | MATLAB,LinkedIn,Persistent Systems,Consulting,Digital Marketing Executive,Internship,Chennai,2024-07-02,Applied,Not Available,25,Not Available,2458,65,No,No,7,3
2429,Varun Naik,Male,24,2021,MDI Gurgaon,B.E.,Mechanical,8.72,3,No,Yes,5,4,AWS | Flutter | MongoDB | Node.js | Ruby on Rails,LinkedIn,Zomato,Automotive,Finance Analyst,Internship,Lucknow,2022-11-07,Applied,Not Available,38,Not Available,332,67,No,No,9,1
2431,Manish Pillai,Male,27,2020,Lovely Professional University,MBA,HR,9.13,0,No,Yes,2,3,Kubernetes | Data Analysis | Deep Learning | Leadership,Shine,MakeMyTrip,Consulting,Content Writer,Internship,Nagpur,2021-03-12,Offer,1.0,42,13182.0,1276,92,Not Available,No,5,1
2432,Rajesh Patel,Male,27,2020,DTU Delhi,B.Com,Accounting,7.81,3,No,Yes,1,5,Python | Problem Solving | Git | Teamwork | Docker,Internshala,Samsung India,E-commerce,Embedded Engineer,Part-time,Ahmedabad,2023-08-13,Applied,Not Available,14,Not Available,730,80,Not Available,No,6,3
2433,Geetanjali Yadav,Female,27,2021,Manipal Institute of Technology,B.Sc (IT),Information Technology,8.06,3,No,Yes,1,3,React | Leadership | Scala | Hive,Monster,Fractal Analytics,Automotive,Frontend Developer,Contract,Mumbai,2021-05-04,Online Assessment,Not Available,10,Not Available,1466,100,Not Available,No,4,0
2435,Jatin Oswal,Male,23,2020,PES University Bangalore,B.Tech,Information Technology,8.5,3,No,No,2,0,SQL | Docker | GraphQL | Problem Solving,Unstop,Mu Sigma,FinTech,Data Analyst,Full-time,Jaipur,2023-05-10,Technical Interview,1.0,11,Not Available,1939,55,Not Available,No,2,3
2437,Dimple Nair,Female,26,2022,NIT Calicut,B.Sc (CS),Computer Science,7.84,1,No,No,3,0,GraphQL | REST APIs,Naukri,Flipkart,AgriTech,Content Writer,Internship,Kochi,2024-02-04,Offer,4.0,36,33210.0,2865,100,Not Available,No,3,2
2438,Dipali Reddy,Female,27,2021,BIT Mesra Ranchi,B.Sc (CS),Computer Science,8.59,2,No,Yes,3,4,Scala | SQL | Spring Boot | Git | Ruby on Rails,Naukri,MakeMyTrip,AgriTech,Software Engineer,Full-time,Coimbatore,2022-02-23,Rejected,2.0,11,Not Available,139,81,Not Available,No,7,1
2439,Ekansh Sengupta,Male,27,2021,Presidency University Kolkata,B.Com,Commerce,7.38,0,No,Yes,0,5,Deep Learning | Flutter,AngelList,Unacademy,Automotive,Finance Analyst,Full-time,Bhubaneswar,2023-11-13,Technical Interview,2.0,12,Not Available,1834,74,Not Available,No,5,2
2440,Mohini Joshi,Female,23,2020,Amity University Noida,B.E.,Electronics,6.26,3,No,No,0,5,REST APIs | Deep Learning | GraphQL | Scala | Kubernetes,Indeed,MakeMyTrip,Consulting,ML Engineer,Contract,Surat,2021-08-08,Applied,Not Available,2,Not Available,1382,99,Not Available,No,5,1
2441,Chitra Sengupta,Female,20,2020,IIT Roorkee,B.E.,Electrical,8.37,1,No,Yes,0,3,PHP | Ruby on Rails | R,LinkedIn,Deloitte,Logistics,Backend Developer,Full-time,Pune,2022-06-25,Technical Interview,1.0,44,Not Available,1751,77,No,No,3,2
2443,Nikhil Chatterjee,Male,22,2024,IIIT Bangalore,MBA,Finance,9.95,1,No,No,1,4,GraphQL | Swift,Naukri,TCS,Telecom,UX Designer,Internship,Gurugram,2024-05-24,Rejected,3.0,32,Not Available,490,93,Not Available,Yes,5,0
2446,Komal Swamy,Female,25,2022,IIIT Allahabad,M.Tech,Computer Science,7.62,0,No,No,3,3,AWS | REST APIs | React | JavaScript | Bash Scripting,Naukri,Tech Mahindra,HealthTech,Frontend Developer,Internship,Mumbai,2022-05-27,Applied,Not Available,14,Not Available,2933,77,Not Available,No,6,0
2447,Ishaan Ramachandran,Male,21,2022,Presidency University Kolkata,M.Tech,Software Engineering,5.6,3,No,No,4,3,Figma | Hadoop,LinkedIn,Angel One,Manufacturing,ML Engineer,Full-time,Bhopal,2022-11-02,Shortlisted,Not Available,29,Not Available,1268,88,Yes,No,7,0
2448,Sagar More,Male,24,2023,JNTUH Hyderabad,BBA,Marketing,7.3,1,No,Yes,2,0,Bash Scripting | Power BI,Internshala,ICICI Bank,EdTech,Cloud Engineer,Contract,Coimbatore,2024-08-13,Shortlisted,Not Available,6,Not Available,1356,76,Not Available,No,2,1
2449,Vibha Pandey,Female,27,2023,DTU Delhi,M.Tech,Computer Science,6.36,3,Yes,No,0,0,Excel | SQL,LinkedIn,PolicyBazaar,Retail,QA Engineer,Full-time,Lucknow,2023-08-24,Technical Interview,2.0,30,Not Available,2777,100,No,No,0,0
2452,Onkar Patel,Male,25,2021,IIM Bangalore,B.Sc (CS),Computer Science,6.02,1,No,No,4,3,Selenium | Java | Communication | PHP,Naukri,Bosch India,IT/Software,Frontend Developer,Full-time,Ahmedabad,2023-07-11,Withdrawn,Not Available,19,Not Available,2955,72,Not Available,No,7,2
2453,Lokesh Mathur,Male,25,2020,NIT Calicut,M.Tech,Computer Science,6.96,0,Yes,Yes,4,1,Figma | Laravel | Azure,Campus Placement,Amazon India,E-commerce,Data Analyst,Full-time,Hyderabad,2022-10-15,Offer,4.0,12,724177.0,246,85,Not Available,No,5,2
2454,Omna Bisht,Female,27,2022,GLA University Mathura,M.Tech,Computer Science,8.79,3,No,No,3,1,Java | Figma | Hadoop | REST APIs,Naukri,Tata Steel,FinTech,Network Engineer,Full-time,Vadodara,2024-08-10,HR Interview,2.0,17,Not Available,2464,99,Not Available,Yes,4,2
2455,Lokesh Bose,Male,21,2020,BIT Mesra Ranchi,B.Com,Commerce,9.13,1,Yes,Yes,6,3,Spark | JavaScript,Unstop,MakeMyTrip,Media & Entertainment,Systems Engineer,Full-time,Patna,2021-08-15,Online Assessment,Not Available,27,Not Available,1526,87,Not Available,No,9,1
2456,Hitesh Kulkarni,Male,27,2023,IIT Delhi,MCA,Computer Applications,8.43,3,Yes,No,2,5,Selenium | Kubernetes,Internshala,MakeMyTrip,Automotive,Full Stack Developer,Internship,Nagpur,2024-01-02,Applied,Not Available,27,Not Available,1139,58,Not Available,No,7,1
2457,Uma Sethi,Female,24,2022,NIT Calicut,B.Sc (IT),Information Technology,6.32,2,No,No,4,4,JavaScript | Flutter,Indeed,Flipkart,Telecom,HR Executive,Internship,Indore,2024-10-28,Applied,Not Available,32,Not Available,2433,55,Not Available,No,8,2
2458,Farida Nair,Female,26,2024,NIT Surathkal,BCA,Computer Applications,5.54,1,No,No,2,2,Selenium | Python | SQL,LinkedIn,Coforge,FinTech,UX Designer,Internship,Surat,2024-06-01,Shortlisted,Not Available,9,Not Available,596,71,No,No,4,0
2459,Vijay Ahuja,Male,23,2022,IIM Calcutta,B.Com,Accounting,7.63,3,Yes,Yes,0,5,AWS | Communication | Django | Data Analysis | Node.js,Glassdoor,Bosch India,FinTech,Embedded Engineer,Full-time,Pune,2023-03-11,Shortlisted,Not Available,12,Not Available,1917,62,Not Available,No,5,1
2460,Abhinav Choudhury,Male,26,2023,Amity University Noida,MCA,Computer Applications,7.94,0,No,No,6,4,Scala | JavaScript,LinkedIn,Lenskart,HealthTech,Sales Executive,Contract,Kolkata,2023-05-19,Shortlisted,Not Available,27,Not Available,2080,59,Yes,Yes,10,0
2461,Umesh Jain,Male,27,2023,BIT Mesra Ranchi,B.Sc (IT),Information Technology,6.95,3,No,No,6,5,MongoDB | MATLAB | Tableau,Hirist,IBM India,Media & Entertainment,UX Designer,Full-time,Visakhapatnam,2023-02-15,Online Assessment,Not Available,16,Not Available,2470,99,Not Available,No,11,0
2463,Chetan Bansal,Male,27,2021,NIT Trichy,B.Sc (IT),Information Technology,7.53,2,No,Yes,4,3,Kotlin | Machine Learning | REST APIs | MATLAB,Indeed,Morgan Stanley India,Banking & Finance,Recruiter,Internship,Lucknow,2021-07-09,Online Assessment,Not Available,8,Not Available,2040,60,Not Available,No,7,0
2464,Yukti Jadhav,Female,24,2021,MNNIT Allahabad,B.Com,Commerce,8.12,1,No,Yes,3,0,Teamwork | Machine Learning,Internshala,Persistent Systems,Manufacturing,Database Administrator,Internship,Nagpur,2021-08-25,Applied,Not Available,3,Not Available,1856,69,Not Available,No,3,0
2466,Amrita Goyal,Female,22,2022,Chandigarh University,B.Sc (IT),Information Technology,5.8,0,No,No,3,3,Linux | Java,Indeed,Absolutdata,Automotive,DevOps Engineer,Full-time,Noida,2023-10-02,Applied,Not Available,5,Not Available,170,99,Not Available,No,6,1
2467,Aarav Arora,Male,27,2021,IIT Roorkee,B.Com,Accounting,5.66,1,No,Yes,1,2,Docker | Leadership,Naukri,Groww,Manufacturing,UX Designer,Full-time,Hyderabad,2023-09-02,Shortlisted,Not Available,11,Not Available,1317,58,Not Available,No,3,2
2468,Arnav Bisht,Male,25,2020,Pune University,BBA,Marketing,6.97,0,No,Yes,3,3,React | Networking,Naukri,Uber India,Retail,Embedded Engineer,Internship,Pune,2024-09-17,Online Assessment,Not Available,38,Not Available,739,93,Not Available,Yes,6,4
2470,Dinesh Srivastava,Male,22,2021,IIIT Hyderabad,B.Sc (IT),Information Technology,6.17,1,No,Yes,5,1,Hive | Spring Boot | C++,HackerEarth,Meesho,E-commerce,Backend Developer,Full-time,Bhopal,2022-11-08,Shortlisted,Not Available,32,Not Available,2714,77,Not Available,No,6,1
2472,Nidhi Bhatt,Female,27,2022,Presidency University Kolkata,B.Com,Commerce,9.18,1,No,Yes,3,4,Node.js | Problem Solving | Kubernetes | Docker,Naukri,Texas Instruments India,HealthTech,Cloud Engineer,Internship,Pune,2024-05-14,Rejected,5.0,30,Not Available,961,86,Not Available,Yes,7,2
2474,Kirti Roy,Female,25,2023,IIT Madras,MBA,Operations,5.98,3,Yes,No,0,5,Power BI | Django | TensorFlow,LinkedIn,Persistent Systems,Manufacturing,Software Engineer,Full-time,Jaipur,2024-02-03,Shortlisted,Not Available,4,Not Available,2945,70,No,Yes,5,1
2475,Tanya Chauhan,Female,22,2020,HBTU Kanpur,BCA,Computer Applications,5.64,3,No,No,1,1,C++ | TensorFlow | Laravel | Hive | Ruby on Rails,Cutshort,Mu Sigma,Consulting,ML Engineer,Full-time,Nagpur,2021-02-03,Technical Interview,4.0,27,Not Available,1212,89,Not Available,No,2,1
2476,Sonali Lal,Female,27,2022,IIIT Hyderabad,B.Com,Commerce,8.09,2,No,No,0,0,Spark | PHP | Teamwork,Internshala,Nykaa,Retail,SEO Analyst,Full-time,Bengaluru,2024-03-10,Applied,Not Available,29,Not Available,1561,67,Not Available,Yes,0,2
2477,Twinkle Bansal,Female,26,2021,MDI Gurgaon,BCA,Computer Applications,8.64,0,No,No,6,0,Git | Data Analysis | Machine Learning | Tableau | Hadoop,Cutshort,Coforge,AgriTech,UX Designer,Full-time,Hyderabad,2024-09-16,Online Assessment,Not Available,25,Not Available,1316,98,Not Available,No,6,3
2478,Harish Mishra,Prefer not to say,26,2022,XLRI Jamshedpur,B.Sc (IT),Information Technology,9.09,1,No,Yes,2,4,Ruby on Rails | Azure | Figma | GraphQL | Java,LinkedIn,TCS,IT/Software,Product Manager,Full-time,Kolkata,2022-01-19,Applied,Not Available,3,Not Available,102,88,No,No,6,0
2479,Firoz Chauhan,Male,21,2021,SRMIST Chennai,B.Sc (IT),Information Technology,6.6,0,No,Yes,4,4,SQL | Machine Learning | Spark,AngelList,Texas Instruments India,AgriTech,Digital Marketing Executive,Internship,Chennai,2023-10-27,Offer,1.0,10,34820.0,1025,81,Not Available,Yes,8,2
2480,Neha Sethi,Female,27,2021,JNTUH Hyderabad,B.Com,Finance,8.34,1,No,Yes,1,5,C++ | SQL,Apna,Microsoft India,IT/Software,Recruiter,Full-time,Mumbai,2024-05-12,Online Assessment,Not Available,33,Not Available,1288,91,Not Available,No,6,3
2484,Tanya Soni,Female,22,2021,GLA University Mathura,B.Sc (CS),Computer Science,8.55,2,No,Yes,2,1,Power BI | Leadership | AWS,LinkedIn,Qualcomm India,Banking & Finance,Software Engineer,Full-time,Remote,2022-07-17,Rejected,3.0,10,Not Available,837,55,No,No,3,1
2486,Inder Patel,Male,22,2023,HBTU Kanpur,B.Com,Accounting,6.81,2,Yes,No,3,3,MongoDB | Azure | Problem Solving | Swift | MATLAB,Naukri,Siemens India,FinTech,Data Scientist,Internship,Indore,2023-05-22,Shortlisted,Not Available,28,Not Available,2358,65,Not Available,No,6,0
2487,Harish Sodhi,Male,20,2021,Christ University Bangalore,BCA,Computer Applications,9.29,3,No,Yes,6,2,Docker | Bash Scripting | Leadership,Campus Placement,BigBasket,Consulting,ML Engineer,Full-time,Bhopal,2024-09-30,Online Assessment,Not Available,11,Not Available,217,58,Not Available,Yes,8,3
2489,Mukesh Chauhan,Male,20,2020,BITS Hyderabad,B.Tech,Civil Engineering,5.67,1,No,No,3,3,Networking | Java,Unstop,Paytm,Banking & Finance,Content Writer,Full-time,Kolkata,2022-01-05,Applied,Not Available,35,Not Available,1315,58,Not Available,No,6,2
2490,Jhanvi Chaudhary,Female,20,2023,XLRI Jamshedpur,BCA,Computer Applications,6.05,0,Yes,Yes,4,4,Leadership | Problem Solving | Cybersecurity | Laravel,LinkedIn,LTIMindtree,Telecom,Digital Marketing Executive,Internship,Noida,2024-12-16,Rejected,4.0,9,Not Available,2656,94,No,No,8,1
2491,Shivam Thakur,Male,21,2021,Thapar University,MBA,HR,9.61,1,No,Yes,6,5,Teamwork | MongoDB,Naukri,Axis Bank,Retail,QA Engineer,Full-time,Bhubaneswar,2023-12-19,Online Assessment,Not Available,4,Not Available,160,55,Not Available,No,11,2
2496,Qasim Patil,Male,24,2022,IIM Calcutta,MBA,Business Analytics,5.93,2,No,Yes,0,2,Hive | Flutter | PyTorch,Internshala,Siemens India,Automotive,Full Stack Developer,Full-time,Bhopal,2022-09-10,Technical Interview,5.0,2,Not Available,2630,86,Not Available,No,2,0
2497,Varun Roy,Male,20,2023,IIT Delhi,B.Com,Commerce,6.13,3,No,Yes,1,5,Azure | Communication | Ruby on Rails,Internshala,Lenskart,Banking & Finance,Product Manager,Full-time,Kochi,2023-09-27,Shortlisted,Not Available,26,Not Available,1398,57,Not Available,No,6,0
2498,Eisha Sethi,Female,20,2021,XLRI Jamshedpur,B.E.,Electrical,8.85,3,No,No,3,2,Python | Scala | Teamwork | Linux | Ruby on Rails,Indeed,HCL Technologies,Banking & Finance,Finance Analyst,Full-time,Delhi NCR,2021-10-18,Shortlisted,Not Available,27,Not Available,600,76,Not Available,No,5,0
2499,Divya Shah,Female,25,2020,IIIT Hyderabad,BCA,Computer Applications,6.29,0,No,No,2,1,PHP | R | Leadership,Internshala,LTIMindtree,Automotive,Embedded Engineer,Full-time,Hyderabad,2022-03-08,Shortlisted,Not Available,34,Not Available,351,93,Not Available,No,3,2
2504,Riya Reddy,Female,27,2020,Nirma University Ahmedabad,MCA,Computer Applications,6.16,1,No,Yes,0,3,Flutter | Java | Node.js,Campus Placement,Tech Mahindra,Telecom,ML Engineer,Contract,Surat,2021-08-03,Offer,1.0,24,1472541.0,2613,96,Not Available,No,3,1
2505,Jay Iyer,Male,20,2023,Chandigarh University,MBA,Strategy,5.75,2,No,No,1,2,JavaScript | Azure,Indeed,PolicyBazaar,Banking & Finance,Operations Analyst,Full-time,Pune,2023-07-26,Shortlisted,Not Available,15,Not Available,2815,94,Not Available,No,3,0
2509,Vijay Dhillon,Male,23,2020,NIT Trichy,B.E.,Mechanical,5.83,0,Yes,No,4,0,Spark | GraphQL | PHP,LinkedIn,Barclays India,Retail,Recruiter,Contract,Hyderabad,2022-03-23,Technical Interview,1.0,7,Not Available,50,67,No,No,4,2
2510,Jignesh Verma,Male,20,2024,IIT Kanpur,BCA,Computer Applications,9.72,2,No,No,4,1,Hadoop | Django | Spring Boot | Power BI | PHP,Cutshort,Siemens India,EdTech,HR Executive,Internship,Indore,2024-01-25,Rejected,2.0,40,Not Available,1759,79,Not Available,No,5,0
2511,Eisha Joshi,Female,20,2021,MDI Gurgaon,M.Tech,Data Science,7.26,3,No,No,6,2,C++ | PHP | React | Docker | Linux,Internshala,TCS,Media & Entertainment,Technical Support Engineer,Full-time,Lucknow,2022-04-09,Applied,Not Available,28,Not Available,2206,66,Not Available,No,8,1
2512,Farhan Bajaj,Male,24,2022,Lovely Professional University,M.Tech,AI/ML,9.52,0,Yes,Yes,1,3,Ruby on Rails | Hadoop | Bash Scripting | Selenium | Teamwork,Referral,Ola,Telecom,HR Executive,Full-time,Delhi NCR,2022-07-14,Online Assessment,Not Available,5,Not Available,770,78,Not Available,No,4,0
2513,Eisha Anand,Female,25,2021,IIM Ahmedabad,BBA,HR,8.05,2,No,Yes,5,5,Ruby on Rails | Scala | PyTorch | PHP,Referral,Samsung India,Automotive,Content Writer,Full-time,Chennai,2023-01-09,Applied,Not Available,11,Not Available,2219,67,Not Available,No,10,2
2514,Esha Shukla,Female,20,2021,NIT Surathkal,B.Tech,Electronics & Communication,6.11,2,No,Yes,5,2,SQL | JavaScript,LinkedIn,Goldman Sachs,Automotive,Product Manager,Full-time,Mysuru,2021-09-25,Technical Interview,1.0,38,Not Available,279,58,No,No,7,0
2515,Dinesh More,Male,21,2024,NIT Warangal,B.Com,Commerce,6.13,2,No,Yes,4,5,Linux | Bash Scripting | Selenium | Java | MATLAB,Campus Placement,Intel India,Automotive,Business Analyst,Full-time,Kochi,2024-03-29,Offer,4.0,20,484106.0,1922,96,Not Available,No,9,0
2517,Mayank Murthy,Male,27,2021,Delhi University,MBA,Strategy,7.49,3,No,No,4,5,Data Analysis | SQL | Node.js | Excel | Django,Naukri,Ola,Manufacturing,Cybersecurity Analyst,Full-time,Noida,2022-10-17,Shortlisted,Not Available,19,Not Available,1329,69,Not Available,Yes,9,1
2518,Keshav Chatterjee,Male,25,2023,IIT Roorkee,B.Sc (CS),Computer Science,7.75,1,No,No,5,1,Bash Scripting | Leadership,Shine,Infosys,AgriTech,Network Engineer,Contract,Indore,2024-10-30,Rejected,3.0,29,Not Available,1268,57,Not Available,No,6,1
2520,Riddhi Verma,Female,23,2021,IIT Madras,B.Sc (IT),Information Technology,9.1,3,No,No,6,1,Spring Boot | Deep Learning | Scala,Internshala,Microsoft India,Logistics,Content Writer,Internship,Visakhapatnam,2023-07-24,Online Assessment,Not Available,6,Not Available,477,60,Not Available,No,7,2
2522,Sachin Pandey,Male,21,2021,IIIT Allahabad,B.E.,Electronics,5.88,2,No,No,3,5,Hadoop | TensorFlow,HackerEarth,Delhivery,EdTech,Full Stack Developer,Internship,Nagpur,2022-02-21,Offer,3.0,37,39576.0,2593,64,Not Available,No,8,1
2524,Dinesh Reddy,Male,25,2024,MNNIT Allahabad,BBA,Marketing,8.92,3,No,Yes,5,1,Hadoop | Flutter | Power BI | Excel,AngelList,Deloitte,Automotive,Embedded Engineer,Part-time,Mysuru,2024-03-30,Applied,Not Available,33,Not Available,1772,72,Not Available,No,6,0
2525,Aditya Trivedi,Male,26,2020,IIT Bombay,BBA,Business Administration,8.76,1,No,Yes,5,2,Hadoop | TypeScript | Ruby on Rails,AngelList,Cure.fit,Consulting,Data Scientist,Internship,Bhopal,2022-04-13,Rejected,2.0,11,Not Available,1776,74,Not Available,No,7,2
2526,Utsav Ghosh,Male,27,2021,IIT Delhi,B.E.,Mechanical,9.66,1,No,Yes,5,4,Tableau | Leadership | C++ | REST APIs,LinkedIn,NIIT Technologies,E-commerce,Systems Engineer,Internship,Indore,2023-06-12,Applied,Not Available,34,Not Available,2973,99,No,No,9,2
2527,Lata Patil,Female,21,2021,IIT Kanpur,B.Tech,Electrical Engineering,7.31,0,No,No,6,3,Spark | Teamwork | Docker,LinkedIn,Mphasis,AgriTech,Operations Analyst,Full-time,Visakhapatnam,2021-04-17,Applied,Not Available,17,Not Available,2181,55,No,Yes,9,0
2529,Kamlesh Dubey,Male,24,2020,KIIT Bhubaneswar,B.Com,Commerce,9.78,2,No,No,5,2,Linux | JavaScript | Azure | Excel | Java,Indeed,IBM India,IT/Software,Database Administrator,Full-time,Gurugram,2021-03-26,HR Interview,5.0,27,Not Available,1893,74,Not Available,Yes,7,1
2530,Vijay Saxena,Male,22,2022,Osmania University Hyderabad,B.Tech,Chemical Engineering,8.66,0,No,No,6,5,Java | REST APIs | Docker | Swift,Apna,Morgan Stanley India,HealthTech,Sales Executive,Full-time,Ahmedabad,2024-03-18,Applied,Not Available,20,Not Available,2322,62,Not Available,No,11,2
2531,Chetan Rao,Male,24,2021,Thapar University,MBA,HR,8.85,0,No,Yes,6,3,JavaScript | Hive,LinkedIn,PhonePe,E-commerce,Operations Analyst,Internship,Jaipur,2024-12-28,Shortlisted,Not Available,39,Not Available,2584,65,No,Yes,9,3
2532,Chetan Reddy,Male,27,2024,HBTU Kanpur,B.E.,Mechanical,7.85,0,No,No,3,2,SQL | Teamwork | PyTorch | Spark | Azure,Cutshort,Swiggy,Media & Entertainment,Business Analyst,Part-time,Ahmedabad,2024-10-24,Shortlisted,Not Available,30,Not Available,1534,85,Not Available,No,5,0
2536,Amit Goyal,Male,25,2021,MDI Gurgaon,B.Com,Finance,7.62,2,No,No,4,0,Bash Scripting | MATLAB,Naukri,Siemens India,E-commerce,Finance Analyst,Full-time,Vadodara,2021-08-12,Rejected,4.0,33,Not Available,1561,73,Not Available,No,4,0
2537,Varun Yadav,Male,27,2021,IIM Calcutta,B.Com,Commerce,5.97,1,No,Yes,4,4,Power BI | PyTorch | Figma | Flutter | C++,LinkedIn,Bosch India,Manufacturing,Cloud Engineer,Contract,Jaipur,2024-02-29,HR Interview,2.0,41,Not Available,2492,83,No,No,8,3
2538,Geetanjali Subramaniam,Female,20,2020,Amity University Noida,MCA,Computer Applications,7.86,2,No,No,6,1,Bash Scripting | Laravel,LinkedIn,Google India,Consulting,Data Analyst,Internship,Coimbatore,2023-04-22,Applied,Not Available,44,Not Available,1058,91,No,No,7,3
2539,Yamini Mukherjee,Female,21,2021,KIIT Bhubaneswar,B.E.,Mechanical,9.07,0,No,Yes,3,2,MongoDB | Azure | Python,Unstop,Zerodha,FinTech,Finance Analyst,Full-time,Vadodara,2023-10-14,Online Assessment,Not Available,44,Not Available,1393,83,Not Available,No,5,2
2542,Vandana Choudhury,Female,27,2023,Chandigarh University,BBA,HR,7.99,3,No,Yes,2,0,Flutter | JavaScript,Shine,IBM India,IT/Software,Embedded Engineer,Internship,Visakhapatnam,2024-06-11,HR Interview,5.0,32,Not Available,750,66,Not Available,No,2,1
2543,Suresh Chaudhary,Male,27,2020,NIT Surathkal,B.Sc (IT),Information Technology,9.95,0,No,No,5,0,Power BI | Scala,Unstop,Tata Steel,AgriTech,Embedded Engineer,Contract,Mumbai,2022-11-17,Offer,5.0,42,487970.0,948,96,Not Available,No,5,2
2544,Eklavya Oberoi,Prefer not to say,27,2022,NSUT Delhi,MBA,Finance,7.43,3,No,No,1,4,Flutter | TensorFlow | Networking,LinkedIn,ICICI Bank,HealthTech,iOS Developer,Full-time,Delhi NCR,2023-01-16,Applied,Not Available,27,Not Available,1151,61,No,No,5,1
2545,Eshan Menon,Male,23,2020,Amity University Noida,B.Sc (IT),Information Technology,8.88,3,No,Yes,2,4,Spring Boot | Ruby on Rails | Deep Learning,Indeed,Tata Steel,Consulting,Systems Engineer,Contract,Ahmedabad,2024-07-03,Applied,Not Available,4,Not Available,2430,95,Not Available,Yes,6,4
2546,Vandana Iyer,Female,21,2023,DTU Delhi,B.E.,Mechanical,7.08,1,No,No,0,5,Leadership | Machine Learning | React | SQL | Docker,LinkedIn,Zoho,AgriTech,Operations Analyst,Internship,Ahmedabad,2023-05-10,Applied,Not Available,38,Not Available,2078,57,No,No,5,0
2547,Indira Reddy,Female,23,2020,IIT Delhi,B.Sc (CS),Computer Science,8.96,3,No,No,0,1,Python | R | Kotlin,Referral,Mindtree,FinTech,QA Engineer,Full-time,Ahmedabad,2023-08-12,Rejected,2.0,32,Not Available,197,93,Not Available,No,1,3
2548,Tejas Pillai,Male,25,2020,IIIT Hyderabad,B.Tech,Civil Engineering,5.99,0,No,No,2,2,Cybersecurity | Data Analysis | Laravel,Glassdoor,Texas Instruments India,Manufacturing,Content Writer,Full-time,Ahmedabad,2021-10-10,Online Assessment,Not Available,18,Not Available,470,76,Not Available,No,4,1
2550,Om Balakrishnan,Male,21,2021,SVNIT Surat,BBA,Business Administration,9.58,3,No,Yes,2,5,Linux | Java,HackerEarth,HDFC Bank,Media & Entertainment,Operations Analyst,Full-time,Bhopal,2021-03-27,Applied,Not Available,10,Not Available,361,78,Not Available,No,7,0
2553,Mohit Agarwal,Male,26,2021,KIIT Bhubaneswar,B.Tech,Data Science,7.04,2,No,Yes,4,2,Networking | Hive,Internshala,Capgemini,EdTech,Recruiter,Full-time,Bhopal,2024-11-01,Rejected,5.0,18,Not Available,2576,91,Not Available,No,6,3
2554,Umesh Bose,Male,21,2020,VIT Vellore,B.Tech,Civil Engineering,6.15,0,No,Yes,6,3,Scala | Selenium,Indeed,Mphasis,Banking & Finance,Systems Engineer,Internship,Bhopal,2022-02-28,Offer,5.0,41,11273.0,173,64,Not Available,No,9,2
2555,Yash Menon,Male,21,2021,IIIT Hyderabad,MBA,Marketing,8.44,0,Yes,Yes,3,2,React | Python | Kubernetes | Communication | PHP,Naukri,Citi India,FinTech,ML Engineer,Part-time,Lucknow,2021-04-19,Applied,Not Available,25,Not Available,1725,81,Not Available,No,5,0
2558,Karan Patel,Male,24,2020,DTU Delhi,MBA,Business Analytics,7.8,1,No,Yes,2,4,GraphQL | Spark | Power BI | React,Indeed,L&T Infotech,Retail,Embedded Engineer,Full-time,Mysuru,2023-09-18,Applied,Not Available,4,Not Available,1488,69,Not Available,No,6,3
2562,Ishan Gupta,Male,20,2021,IIT Kharagpur,B.Com,Finance,8.6,3,No,No,3,3,R | Deep Learning,Indeed,Angel One,Telecom,Data Analyst,Contract,Ahmedabad,2021-09-30,Offer,4.0,42,419162.0,1437,87,Not Available,No,6,0
2563,Pranav Walia,Male,22,2024,IIM Calcutta,MBA,Business Analytics,8.81,3,No,Yes,5,3,Leadership | Flutter,Cutshort,Upstox,Retail,ML Engineer,Full-time,Pune,2024-01-29,Technical Interview,1.0,8,Not Available,1847,75,Not Available,Yes,8,0
2565,Kirti Bansal,Female,26,2020,IIT Kharagpur,M.Tech,Software Engineering,8.61,0,No,No,4,2,Kotlin | Figma,Naukri,Bosch India,Retail,Digital Marketing Executive,Internship,Surat,2021-09-25,Applied,Not Available,39,Not Available,316,81,Not Available,No,6,1
2566,Eshan Walia,Male,21,2022,MNNIT Allahabad,B.E.,Electrical,9.7,2,No,Yes,1,1,MongoDB | TensorFlow | Swift,LinkedIn,Accenture,IT/Software,ML Engineer,Full-time,Mysuru,2022-09-21,Technical Interview,5.0,4,Not Available,2761,92,No,Yes,2,0
2568,Gopal Naik,Male,27,2020,XLRI Jamshedpur,MCA,Computer Applications,6.16,2,No,Yes,1,5,Scala | Swift | Spark | Laravel,Cutshort,Zomato,AgriTech,Data Scientist,Full-time,Kolkata,2021-08-29,Technical Interview,5.0,2,Not Available,865,58,Not Available,No,6,1
2569,Eisha Ahuja,Female,25,2023,SRM University Chennai,B.E.,Computer Science,6.81,0,No,No,2,1,Flutter | Python,Campus Placement,Capgemini,E-commerce,QA Engineer,Part-time,Delhi NCR,2023-08-14,Rejected,5.0,35,Not Available,465,65,Not Available,No,3,0
2570,Radha Kapoor,Female,23,2022,Lovely Professional University,B.Sc (IT),Information Technology,8.48,1,No,Yes,3,5,PHP | MongoDB | Spring Boot | Deep Learning | Networking,Naukri,Zoho,Telecom,Operations Analyst,Full-time,Kochi,2022-11-25,Shortlisted,Not Available,2,Not Available,2006,82,Not Available,No,8,0
2571,Aarti Choudhury,Female,23,2022,IIT Kharagpur,BCA,Computer Applications,6.78,0,No,Yes,0,0,React | C++ | Cybersecurity | Spring Boot,Hirist,Siemens India,Manufacturing,Network Engineer,Full-time,Bengaluru,2024-10-30,Online Assessment,Not Available,5,Not Available,2886,63,Not Available,No,0,2
2573,Ananya Dhillon,Prefer not to say,21,2023,IIT Kharagpur,B.E.,Electronics,9.15,2,No,No,5,1,Django | Kubernetes,Freshersworld,Morgan Stanley India,Retail,Sales Executive,Internship,Bengaluru,2023-11-01,Online Assessment,Not Available,14,Not Available,103,61,Not Available,No,6,0
2574,Heena Gupta,Female,24,2020,IIT Hyderabad,BCA,Computer Applications,8.47,3,No,No,5,5,Figma | Linux,LinkedIn,PhonePe,Media & Entertainment,Sales Executive,Internship,Indore,2023-08-24,Applied,Not Available,27,Not Available,2935,93,No,No,10,3
2576,Jay More,Male,26,2024,KIIT Bhubaneswar,B.Sc (CS),Computer Science,9.14,0,No,No,4,3,GraphQL | Spark,LinkedIn,Zoho,Consulting,DevOps Engineer,Full-time,Mumbai,2024-05-11,Applied,Not Available,11,Not Available,129,73,No,No,7,0
2577,Lokesh Shah,Male,21,2023,Nirma University Ahmedabad,B.Sc (CS),Computer Science,5.73,3,No,Yes,5,1,Kotlin | SQL | Docker | R,LinkedIn,NIIT Technologies,FinTech,Embedded Engineer,Part-time,Ahmedabad,2024-06-12,Applied,Not Available,7,Not Available,1638,91,No,No,6,1
2579,Manish Rastogi,Male,24,2021,HBTU Kanpur,BCA,Computer Applications,5.68,2,No,No,5,1,JavaScript | Networking,Naukri,ICICI Bank,Consulting,Systems Engineer,Full-time,Surat,2024-05-05,Applied,Not Available,37,Not Available,1820,72,Not Available,No,6,3
2580,Radha Swamy,Female,22,2020,IIT Hyderabad,B.Com,Accounting,7.7,3,No,Yes,6,4,Scala | Communication | Networking | React,Referral,Persistent Systems,EdTech,Android Developer,Full-time,Coimbatore,2021-08-09,Applied,Not Available,32,Not Available,280,83,Not Available,No,10,1
2582,Tanya Choudhury,Female,21,2020,NIT Trichy,B.Tech,Computer Science,9.42,3,No,No,2,1,Cybersecurity | R,Naukri,Practo,FinTech,Database Administrator,Full-time,Remote,2024-05-04,Applied,Not Available,30,Not Available,696,97,Not Available,No,3,4
2583,Ekansh Bisht,Male,23,2021,Amity University Noida,BBA,Marketing,6.79,1,No,Yes,1,1,Laravel | GraphQL | Python,LinkedIn,1mg,Banking & Finance,Data Analyst,Full-time,Nagpur,2023-12-12,Rejected,2.0,45,Not Available,550,89,No,No,2,2
2584,Puja Arora,Female,25,2022,NIT Surathkal,B.Sc (IT),Information Technology,9.74,3,No,Yes,6,4,JavaScript | Excel | Flutter | Communication,HackerEarth,Persistent Systems,Retail,Digital Marketing Executive,Full-time,Bengaluru,2022-05-31,Offer,4.0,37,347121.0,863,62,Not Available,No,10,0
2585,Uday Chauhan,Male,25,2020,Symbiosis Pune,MBA,Finance,8.27,1,No,Yes,2,0,Cybersecurity | Networking | TypeScript | R,Naukri,Axis Bank,EdTech,DevOps Engineer,Full-time,Mysuru,2023-12-04,Online Assessment,Not Available,43,Not Available,2746,69,Not Available,No,2,3
2587,Chetan Sundaram,Male,27,2020,Pune University,BCA,Computer Applications,9.86,0,No,No,5,2,Figma | Excel | Data Analysis | Hive | R,Indeed,Axis Bank,Retail,Software Engineer,Contract,Bhubaneswar,2023-07-08,Offer,4.0,16,468982.0,86,67,Not Available,No,7,3
2589,Rohan Desai,Prefer not to say,22,2021,BITS Goa,B.E.,Computer Science,6.49,3,No,No,0,4,Figma | Java | Kotlin | Python | Spark,Campus Placement,Amazon India,Media & Entertainment,Systems Engineer,Internship,Nagpur,2021-11-23,HR Interview,5.0,6,Not Available,1733,90,Not Available,No,4,0
2591,Ojaswi Jadhav,Female,25,2023,Amity University Noida,B.E.,Electronics,8.15,0,No,No,1,3,Teamwork | R | Git | Tableau | Networking,Naukri,Mindtree,E-commerce,HR Executive,Internship,Visakhapatnam,2024-03-03,Applied,Not Available,36,Not Available,170,96,Not Available,No,4,1
2592,Varun Saxena,Male,22,2021,IIIT Allahabad,B.Sc (CS),Computer Science,9.35,1,No,No,1,4,MongoDB | REST APIs | Spring Boot | Ruby on Rails | React,LinkedIn,Uber India,Manufacturing,Network Engineer,Full-time,Nagpur,2023-11-05,Applied,Not Available,23,Not Available,678,74,No,No,5,2
2593,Arnav Grewal,Male,23,2022,Delhi University,BCA,Computer Applications,8.88,1,No,No,5,2,Spark | TensorFlow | Node.js | Teamwork | Communication,Naukri,Capgemini,Manufacturing,QA Engineer,Internship,Nagpur,2024-05-23,Online Assessment,Not Available,15,Not Available,389,76,Not Available,No,7,2
2594,Akhil Verma,Male,21,2020,GLA University Mathura,M.Tech,AI/ML,7.46,2,No,Yes,6,1,Deep Learning | Scala,IIMJobs,Infosys,IT/Software,Operations Analyst,Full-time,Indore,2022-12-12,Technical Interview,1.0,13,Not Available,690,58,Not Available,No,7,2
2595,Falguni Shah,Female,24,2023,IIM Calcutta,B.Tech,Information Technology,6.2,2,No,Yes,0,1,Kotlin | AWS | Leadership | Docker | Java,Internshala,Axis Bank,E-commerce,Database Administrator,Full-time,Bengaluru,2023-12-18,Shortlisted,Not Available,45,Not Available,2303,98,Not Available,No,1,0
2596,Ishaan Nair,Male,23,2021,KIIT Bhubaneswar,BBA,Finance,6.75,3,No,Yes,1,4,Cybersecurity | AWS,LinkedIn,Cure.fit,Consulting,Android Developer,Full-time,Surat,2022-03-15,Technical Interview,4.0,32,Not Available,517,96,No,No,5,1
2598,Nikhil Majumdar,Male,21,2022,IIIT Bangalore,B.Sc (CS),Computer Science,7.43,0,No,No,3,4,MongoDB | Deep Learning,LinkedIn,Nykaa,Automotive,Software Engineer,Contract,Surat,2024-08-25,Rejected,4.0,45,Not Available,2489,84,No,No,7,2
2599,Akhil Rastogi,Male,24,2022,IIT Madras,B.Com,Finance,8.0,2,No,Yes,3,1,TypeScript | Excel,LinkedIn,Google India,Retail,Technical Support Engineer,Full-time,Remote,2022-09-04,Online Assessment,Not Available,38,Not Available,1720,56,No,No,4,0
2601,Ishan Ghosh,Male,25,2022,SRM University Chennai,B.Com,Commerce,7.13,3,No,No,2,0,TypeScript | Java | Kotlin,Unstop,Citi India,AgriTech,Cloud Engineer,Full-time,Visakhapatnam,2023-09-21,Online Assessment,Not Available,45,Not Available,60,66,Not Available,No,2,1
2602,Omkar Malhotra,Prefer not to say,22,2021,GLA University Mathura,M.Tech,Computer Science,8.46,1,No,No,1,4,JavaScript | MATLAB | Deep Learning | Cybersecurity | Figma,LinkedIn,Mphasis,E-commerce,Data Analyst,Full-time,Bhubaneswar,2021-08-23,Applied,Not Available,34,Not Available,1226,61,No,No,5,0
2603,Raghav Sethi,Male,27,2023,GLA University Mathura,M.Tech,AI/ML,6.35,1,No,Yes,5,5,Kotlin | Excel | TensorFlow | Networking | Leadership,LinkedIn,Lenskart,Retail,HR Executive,Internship,Mysuru,2023-08-24,Applied,Not Available,11,Not Available,2158,97,No,No,10,0
2605,Sarika Chatterjee,Female,20,2021,JNTUH Hyderabad,B.Sc (CS),Computer Science,9.31,1,No,Yes,0,0,Hadoop | AWS | Swift | Kotlin | Scala,LinkedIn,ICICI Bank,Logistics,Database Administrator,Full-time,Ahmedabad,2024-11-27,Technical Interview,4.0,28,Not Available,2736,71,No,No,0,3
2608,Keshav Bisht,Male,25,2021,Kalinga University,B.E.,Electrical,7.46,2,No,Yes,3,1,MATLAB | Laravel | Swift | Leadership,LinkedIn,JPMorgan India,EdTech,Database Administrator,Full-time,Mumbai,2024-04-23,Offer,2.0,17,460666.0,633,79,No,No,4,3
2609,Girish Patil,Male,24,2024,NIT Calicut,B.Tech,Information Technology,6.0,0,No,No,2,5,Python | React | Hadoop | Power BI | Hive,Indeed,BYJU's,Retail,Finance Analyst,Contract,Jaipur,2024-08-07,HR Interview,2.0,26,Not Available,2250,56,Not Available,No,7,0
2610,Kamlesh Dhillon,Male,27,2020,IIT Delhi,M.Tech,Computer Science,7.56,0,No,Yes,6,0,Figma | Teamwork | Kotlin,LinkedIn,MakeMyTrip,Banking & Finance,Cloud Engineer,Part-time,Mysuru,2022-08-24,Offer,5.0,10,298365.0,102,83,No,No,6,2
2612,Tejas Krishnan,Male,24,2020,Manipal Institute of Technology,BBA,Finance,9.62,0,No,No,5,4,Kubernetes | Node.js | Cybersecurity,Foundit,Zomato,Banking & Finance,Marketing Analyst,Internship,Kochi,2022-12-05,Withdrawn,Not Available,12,Not Available,2574,64,Not Available,No,9,2
2613,Wahida Chauhan,Female,26,2021,Manipal Institute of Technology,B.Com,Commerce,8.97,2,No,No,4,1,Ruby on Rails | Tableau | GraphQL,Naukri,Accenture,E-commerce,Android Developer,Contract,Lucknow,2023-03-03,Rejected,1.0,11,Not Available,2816,79,Not Available,No,5,2
2615,Deepak Chatterjee,Male,25,2022,PES University Bangalore,B.Sc (IT),Information Technology,8.96,2,Yes,No,0,0,Azure | Node.js | Machine Learning | Communication,LinkedIn,Practo,Consulting,Database Administrator,Full-time,Surat,2023-02-14,HR Interview,3.0,7,Not Available,2564,89,No,No,0,1
2617,Omkar Krishnan,Male,20,2021,IIIT Bangalore,BCA,Computer Applications,8.26,1,No,No,0,1,Spark | PHP,Indeed,Mphasis,Manufacturing,Product Manager,Contract,Indore,2023-10-19,Offer,5.0,1,718081.0,1222,85,Not Available,No,1,2
2618,Varun Kapoor,Male,20,2024,IIIT Bangalore,B.Tech,Civil Engineering,6.73,0,No,No,0,0,Python | PHP,LinkedIn,Flipkart,Manufacturing,DevOps Engineer,Full-time,Mysuru,2024-07-23,Applied,Not Available,29,Not Available,2329,56,Yes,No,0,0
2619,Karan Natarajan,Male,26,2021,IIM Ahmedabad,B.Com,Finance,9.1,0,No,Yes,6,4,SQL | Hadoop | Communication | Selenium,Naukri,HCL Technologies,Media & Entertainment,Marketing Analyst,Full-time,Chennai,2022-05-25,Applied,Not Available,5,Not Available,2271,67,Not Available,No,10,1
2620,Lalit Thakur,Male,23,2024,IIEST Shibpur,B.Sc (CS),Computer Science,6.97,1,No,Yes,2,0,Ruby on Rails | TensorFlow | Tableau | SQL | Laravel,Cutshort,Unacademy,Telecom,Network Engineer,Full-time,Bhubaneswar,2024-02-20,Technical Interview,5.0,27,Not Available,2149,85,Not Available,No,2,0
2621,Jignesh Dey,Male,23,2023,SRMIST Chennai,BBA,Finance,7.22,0,No,No,5,5,Figma | Kubernetes | Azure | MongoDB | Spring Boot,Referral,Meesho,Media & Entertainment,Android Developer,Internship,Surat,2023-09-02,Online Assessment,Not Available,25,Not Available,1151,88,Not Available,Yes,10,0
2623,Urvashi Desai,Female,22,2023,Thapar University,B.Tech,Electrical Engineering,8.7,3,Yes,Yes,0,4,R | Kotlin,AngelList,BYJU's,AgriTech,Finance Analyst,Contract,Hyderabad,2024-06-20,Rejected,3.0,35,Not Available,2952,58,Not Available,No,4,1
2625,Alpana Tiwari,Female,22,2020,Thapar University,B.Sc (CS),Computer Science,7.7,0,No,No,4,4,R | Selenium | Tableau,Naukri,Citi India,AgriTech,Software Engineer,Internship,Jaipur,2024-01-09,Shortlisted,Not Available,21,Not Available,1240,82,Not Available,No,8,4
2626,Harsh Khanna,Male,26,2021,Manipal Institute of Technology,BCA,Computer Applications,9.9,3,No,No,6,3,AWS | R | Spring Boot | Figma,LinkedIn,Groww,Logistics,UX Designer,Full-time,Pune,2023-12-17,Offer,4.0,1,278318.0,808,69,No,Yes,9,2
2627,Irfan Yadav,Male,21,2022,IIT Roorkee,M.Tech,Data Science,8.61,1,No,Yes,4,1,Ruby on Rails | Node.js | GraphQL,Naukri,Citi India,Logistics,Android Developer,Part-time,Bhopal,2022-12-21,Offer,5.0,11,602944.0,1037,88,Not Available,No,5,0
2630,Babita Yadav,Female,24,2023,Christ University Bangalore,B.Tech,Electrical Engineering,8.33,0,No,Yes,1,0,Teamwork | Kotlin | AWS | PyTorch | Swift,LinkedIn,Qualcomm India,AgriTech,Data Analyst,Contract,Lucknow,2024-01-25,Rejected,2.0,29,Not Available,2082,64,No,No,1,1
2633,Rohan Reddy,Male,25,2020,IIT Madras,BBA,HR,6.26,2,No,Yes,0,3,Kubernetes | AWS | Python | Django | TypeScript,Naukri,L&T Infotech,AgriTech,Cloud Engineer,Full-time,Nagpur,2021-11-19,Applied,Not Available,32,Not Available,1114,66,Not Available,No,3,1
2636,Omna Dhillon,Female,20,2022,NIT Trichy,MCA,Computer Applications,7.94,1,No,Yes,3,3,GraphQL | Selenium,Referral,Groww,Media & Entertainment,HR Executive,Internship,Bhubaneswar,2023-06-11,Applied,Not Available,5,Not Available,1070,62,Not Available,No,6,1
2637,Varsha Sundaram,Female,21,2023,MNNIT Allahabad,BCA,Computer Applications,7.4,3,No,No,6,1,Tableau | Power BI | PHP,Glassdoor,Samsung India,HealthTech,Product Manager,Full-time,Delhi NCR,2023-08-02,Online Assessment,Not Available,21,Not Available,1286,93,Not Available,No,7,0
2639,Kamlesh Mathur,Male,27,2020,Delhi University,BBA,Business Administration,9.62,3,No,Yes,0,3,Figma | JavaScript | REST APIs,Foundit,Zerodha,Logistics,Digital Marketing Executive,Full-time,Kochi,2022-08-20,Withdrawn,Not Available,4,Not Available,2674,82,Not Available,No,3,2
2640,Rajesh Chaudhary,Prefer not to say,24,2022,Amity University Noida,B.E.,Electronics,7.76,1,No,No,1,4,Machine Learning | Laravel | Spark | React,LinkedIn,Absolutdata,Consulting,Technical Support Engineer,Internship,Coimbatore,2023-09-02,Applied,Not Available,18,Not Available,2199,70,No,No,5,1
2642,Isha Goyal,Female,27,2023,RV College Bangalore,B.Tech,Chemical Engineering,6.11,3,No,Yes,6,5,Data Analysis | Node.js,Naukri,Citi India,Consulting,DevOps Engineer,Full-time,Remote,2023-05-15,Rejected,1.0,7,Not Available,939,98,Not Available,No,11,0
2643,Vijay Agarwal,Male,24,2022,IIIT Bangalore,BCA,Computer Applications,6.11,2,No,No,4,4,Git | React | SQL | Spark | Leadership,Internshala,Goldman Sachs,Logistics,DevOps Engineer,Internship,Indore,2022-03-06,Technical Interview,3.0,28,Not Available,173,59,Not Available,No,8,0
2645,Chitra Dixit,Female,23,2021,BITS Goa,M.Tech,VLSI,8.14,3,No,No,2,3,MongoDB | Flutter | Figma,Naukri,HDFC Bank,E-commerce,iOS Developer,Full-time,Indore,2024-06-19,Applied,Not Available,17,Not Available,2395,91,Not Available,No,5,3
2646,Vandana Thakur,Female,22,2021,IIIT Allahabad,BBA,Business Administration,7.83,0,No,No,6,3,JavaScript | Bash Scripting,Referral,Upstox,Telecom,ML Engineer,Internship,Bengaluru,2024-07-04,Applied,Not Available,37,Not Available,1759,96,Not Available,Yes,9,3
2647,Ojaswini Grewal,Female,23,2021,Thapar University,B.Sc (IT),Information Technology,8.97,3,No,No,6,1,Node.js | R | Machine Learning | Cybersecurity | Ruby on Rails,Internshala,Mu Sigma,EdTech,Full Stack Developer,Full-time,Visakhapatnam,2023-04-12,HR Interview,3.0,30,Not Available,756,78,Not Available,No,7,2
2649,Brijesh Thakur,Male,21,2022,IIT Delhi,MCA,Computer Applications,9.25,2,No,No,4,5,Excel | SQL | Figma | Teamwork,Indeed,Persistent Systems,Automotive,Digital Marketing Executive,Internship,Lucknow,2024-02-12,Offer,4.0,22,23276.0,832,99,Not Available,No,9,2
2651,Radha Menon,Female,26,2023,Nirma University Ahmedabad,B.Com,Commerce,7.11,2,No,No,5,4,Swift | Hive | PHP | SQL | Excel,Internshala,Razorpay,FinTech,ML Engineer,Internship,Hyderabad,2024-12-13,HR Interview,4.0,40,Not Available,1718,100,Not Available,No,9,1
2652,Urvashi Saxena,Female,23,2021,Amity University Noida,MCA,Computer Applications,6.61,1,No,Yes,3,0,MATLAB | Hive | GraphQL | Kotlin | Swift,Indeed,Axis Bank,IT/Software,Cybersecurity Analyst,Internship,Chennai,2024-03-31,Offer,2.0,4,18262.0,1895,83,Not Available,Yes,3,3
2654,Babita Oswal,Female,24,2024,BITS Hyderabad,MCA,Computer Applications,8.56,0,No,No,4,0,Python | Deep Learning | Scala,LinkedIn,Siemens India,Logistics,Systems Engineer,Internship,Hyderabad,2024-09-28,HR Interview,2.0,42,Not Available,2286,55,No,No,4,0
2655,Vijay Das,Male,20,2020,Christ University Bangalore,B.Sc (IT),Information Technology,6.96,3,No,Yes,4,4,PyTorch | Git,Indeed,Practo,EdTech,Network Engineer,Full-time,Kochi,2024-11-29,Shortlisted,Not Available,20,Not Available,1530,81,Not Available,No,8,4
2658,Aditi Biswas,Female,26,2023,Jadavpur University Kolkata,BBA,Finance,6.36,3,Yes,No,1,2,Ruby on Rails | Communication,Cutshort,Mindtree,Manufacturing,Data Scientist,Full-time,Bengaluru,2024-10-15,Shortlisted,Not Available,12,Not Available,805,98,Not Available,No,3,1
2661,Mukesh Bhatt,Male,21,2021,Mumbai University,MBA,Business Analytics,9.52,3,No,Yes,1,4,Ruby on Rails | MongoDB | R | Networking | Flutter,Campus Placement,JPMorgan India,Logistics,Full Stack Developer,Internship,Bhopal,2023-02-18,Applied,Not Available,44,Not Available,1021,87,Not Available,Yes,5,2
2662,Eklavya Rao,Male,24,2023,IIT Roorkee,B.Com,Accounting,7.58,3,Yes,No,6,2,PHP | MongoDB,Naukri,Fractal Analytics,IT/Software,Cloud Engineer,Part-time,Mysuru,2024-03-25,Online Assessment,Not Available,10,Not Available,2450,97,Not Available,No,8,1
2667,Chetna Malhotra,Female,27,2020,Christ University Bangalore,M.Tech,Computer Science,7.37,0,No,No,3,0,MATLAB | Selenium | TensorFlow,LinkedIn,Siemens India,E-commerce,Product Manager,Full-time,Hyderabad,2023-05-27,Online Assessment,Not Available,18,Not Available,1399,70,No,No,3,3
2670,Ekansh Gupta,Male,25,2023,SP Jain Mumbai,M.Tech,VLSI,8.46,1,No,Yes,3,0,Laravel | Problem Solving,AngelList,Meesho,Retail,Data Analyst,Contract,Patna,2023-05-21,Withdrawn,Not Available,39,Not Available,2518,69,Not Available,No,3,0
2671,Yash Sengupta,Male,21,2020,IIEST Shibpur,BBA,HR,8.48,3,No,No,4,0,Data Analysis | R | Python | Linux | Spark,Referral,Tiger Analytics,Manufacturing,Business Analyst,Full-time,Mumbai,2021-03-05,Applied,Not Available,31,Not Available,804,61,Not Available,No,4,1
2672,Gaurang Kumar,Male,20,2024,NIT Calicut,MBA,Business Analytics,7.52,0,No,Yes,1,0,R | Networking,Naukri,Siemens India,Logistics,Marketing Analyst,Full-time,Hyderabad,2024-01-19,Shortlisted,Not Available,34,Not Available,2421,55,Not Available,No,1,0
2673,Ishan Dubey,Male,24,2021,VIT Vellore,BCA,Computer Applications,7.06,2,No,Yes,1,2,MATLAB | Excel | Deep Learning,Unstop,Amazon India,E-commerce,iOS Developer,Full-time,Bengaluru,2021-10-16,Shortlisted,Not Available,43,Not Available,2655,67,Not Available,No,3,0
2674,Shivam Oberoi,Male,21,2021,BITS Goa,BCA,Computer Applications,9.52,0,No,No,5,5,Scala | Communication | Teamwork | Swift | Power BI,LinkedIn,Zerodha,Banking & Finance,Full Stack Developer,Part-time,Patna,2023-07-01,Rejected,4.0,36,Not Available,104,90,No,No,10,2
2675,Kartik Pillai,Male,23,2022,BIT Mesra Ranchi,B.Sc (CS),Computer Science,7.08,3,No,Yes,0,0,Flutter | MATLAB,LinkedIn,MakeMyTrip,Media & Entertainment,Finance Analyst,Part-time,Kolkata,2023-03-14,Applied,Not Available,21,Not Available,148,81,Yes,Yes,0,1
2677,Vijay Khatri,Male,22,2023,BITS Goa,B.Com,Accounting,5.62,1,No,No,0,4,Docker | Node.js | React | Python | Deep Learning,Internshala,Morgan Stanley India,IT/Software,Sales Executive,Internship,Visakhapatnam,2023-04-26,Shortlisted,Not Available,30,Not Available,2333,91,Not Available,No,4,0
2679,Kirti Sharma,Female,23,2020,SVNIT Surat,BCA,Computer Applications,8.57,2,No,No,1,0,Java | Selenium | Kubernetes,LinkedIn,Wipro,AgriTech,Data Scientist,Full-time,Chandigarh,2023-03-16,Online Assessment,Not Available,6,Not Available,2144,82,Yes,No,1,3
2680,Chethan Chatterjee,Male,24,2021,RV College Bangalore,M.Tech,AI/ML,6.86,3,No,Yes,1,2,AWS | Swift | PyTorch | Tableau | Python,LinkedIn,Cure.fit,Consulting,Systems Engineer,Full-time,Bhubaneswar,2024-07-23,Applied,Not Available,9,Not Available,1925,97,No,No,3,3
2681,Abhinav Jain,Male,21,2021,Jadavpur University Kolkata,B.E.,Mechanical,6.16,0,No,No,6,3,React | Teamwork | Tableau | Java,LinkedIn,Upstox,Retail,Embedded Engineer,Internship,Gurugram,2021-11-28,Rejected,4.0,24,Not Available,1036,100,No,No,9,0
2682,Sagar Patil,Male,22,2024,Pune University,B.Tech,Data Science,7.35,1,No,Yes,4,2,React | Azure | JavaScript,LinkedIn,Samsung India,Logistics,Business Analyst,Full-time,Lucknow,2024-12-04,Shortlisted,Not Available,6,Not Available,1556,77,No,No,6,0
2683,Chandni Kumar,Female,23,2021,BITS Pilani,B.Com,Accounting,5.57,2,No,No,4,4,Machine Learning | Power BI | R | Django,Unstop,TCS,E-commerce,Database Administrator,Internship,Kochi,2024-03-24,Online Assessment,Not Available,3,Not Available,1793,90,Not Available,Yes,8,3
2684,Qasim Pillai,Male,26,2021,BITS Hyderabad,B.Sc (IT),Information Technology,7.45,1,No,Yes,3,0,R | Swift | Selenium | AWS,Campus Placement,ICICI Bank,Manufacturing,iOS Developer,Full-time,Delhi NCR,2023-09-10,Applied,Not Available,18,Not Available,2870,90,Not Available,No,3,2
2685,Geeta Dubey,Female,27,2020,Amity University Noida,BBA,Finance,9.66,2,No,Yes,2,1,JavaScript | PyTorch | Bash Scripting | Flutter | Leadership,Foundit,PolicyBazaar,Media & Entertainment,iOS Developer,Full-time,Patna,2024-11-26,Online Assessment,Not Available,1,Not Available,2543,59,Not Available,No,3,4
2688,Xander Balakrishnan,Male,22,2021,IIM Bangalore,BBA,HR,7.67,3,No,Yes,2,4,MATLAB | Ruby on Rails | TensorFlow | Power BI,Indeed,1mg,AgriTech,Android Developer,Internship,Chandigarh,2022-11-16,Online Assessment,Not Available,29,Not Available,500,60,Not Available,No,6,1
2689,Chandni Dhillon,Female,22,2022,Kalinga University,B.Com,Commerce,7.89,3,Yes,Yes,1,3,Communication | Selenium | Azure | Bash Scripting | PyTorch,HackerEarth,Lenskart,Media & Entertainment,DevOps Engineer,Full-time,Indore,2023-11-29,Applied,Not Available,27,Not Available,318,76,Not Available,No,4,1
2690,Nidhi Anand,Female,24,2020,DTU Delhi,MCA,Computer Applications,5.71,1,No,No,6,5,Kotlin | Teamwork,Unstop,Siemens India,Media & Entertainment,UX Designer,Full-time,Patna,2022-07-25,Applied,Not Available,16,Not Available,635,72,Not Available,No,11,2
2692,Ruhi Kapoor,Female,20,2022,IIT Roorkee,B.Tech,Civil Engineering,6.63,0,No,Yes,4,5,Bash Scripting | Laravel | Data Analysis,Naukri,Samsung India,E-commerce,Network Engineer,Full-time,Pune,2023-06-26,Applied,Not Available,1,Not Available,1877,85,Not Available,No,9,1
2694,Dhruv Saxena,Male,26,2020,Presidency University Kolkata,B.Tech,Electronics & Communication,6.22,3,No,No,6,0,Java | Machine Learning | Selenium | C++,Unstop,Barclays India,EdTech,Business Analyst,Full-time,Hyderabad,2021-07-09,HR Interview,5.0,39,Not Available,2581,86,Not Available,Yes,6,1
2697,Lavanya Oswal,Female,20,2022,SP Jain Mumbai,BBA,HR,8.23,0,Yes,Yes,1,1,GraphQL | Hadoop | MongoDB | TensorFlow | React,Apna,L&T Infotech,Media & Entertainment,Software Engineer,Full-time,Bhopal,2023-03-28,Shortlisted,Not Available,28,Not Available,1104,73,Not Available,No,2,1
2700,Ritesh Menon,Male,21,2020,Mumbai University,BBA,Finance,5.63,3,No,Yes,2,4,Flutter | REST APIs | MongoDB | R | Figma,Unstop,Practo,FinTech,ML Engineer,Contract,Ahmedabad,2024-02-14,Applied,Not Available,7,Not Available,283,93,Not Available,No,6,4
2702,Tarun Naik,Male,22,2021,GLA University Mathura,B.Sc (CS),Computer Science,6.32,2,No,Yes,5,3,REST APIs | Linux | C++,Naukri,Paytm,FinTech,Android Developer,Full-time,Remote,2021-05-13,Rejected,4.0,41,Not Available,2242,83,Not Available,No,8,0
2703,Indira Roy,Female,27,2023,NSUT Delhi,M.Tech,Software Engineering,9.61,3,No,No,4,5,Flutter | Excel | Hadoop | Swift,LinkedIn,Cognizant,Consulting,Data Scientist,Full-time,Pune,2024-06-18,Shortlisted,Not Available,33,Not Available,2357,89,No,No,9,1
2705,Neeraj Dhillon,Male,23,2022,HBTU Kanpur,B.Sc (CS),Computer Science,8.59,2,No,No,6,1,Docker | TensorFlow | React | Problem Solving,Glassdoor,IBM India,Media & Entertainment,QA Engineer,Contract,Gurugram,2022-03-24,Offer,2.0,25,723176.0,165,61,Not Available,No,7,0
2708,Wahida Ramachandran,Female,22,2020,IIT Kharagpur,MCA,Computer Applications,7.92,2,No,No,0,5,Power BI | Docker | Hadoop | C++ | React,LinkedIn,Mphasis,AgriTech,Digital Marketing Executive,Full-time,Remote,2022-09-16,Shortlisted,Not Available,6,Not Available,1112,87,Yes,No,5,2
2711,Dinesh Yadav,Male,27,2022,Kalinga University,B.Com,Commerce,6.05,2,No,No,4,0,Azure | TypeScript | SQL | Laravel,Referral,Intel India,IT/Software,Sales Executive,Full-time,Chennai,2022-12-02,Offer,4.0,30,790964.0,2141,64,Not Available,No,4,0
2712,Suresh Menon,Male,20,2021,NIT Trichy,B.Tech,Civil Engineering,7.54,1,No,Yes,0,2,Data Analysis | MATLAB | Communication,Campus Placement,Infosys,FinTech,Full Stack Developer,Full-time,Mysuru,2023-08-01,Online Assessment,Not Available,24,Not Available,2771,58,Not Available,No,2,2
2713,Karan Walia,Male,23,2021,NSUT Delhi,B.E.,Electrical,7.91,2,No,Yes,0,1,Networking | Leadership,Indeed,Morgan Stanley India,Retail,Digital Marketing Executive,Full-time,Bhubaneswar,2024-09-28,Applied,Not Available,11,Not Available,140,80,Not Available,No,1,3
2714,Lakshay Arora,Male,25,2020,IIT Kanpur,BBA,Business Administration,7.47,3,No,Yes,2,3,Python | TensorFlow,LinkedIn,Siemens India,AgriTech,Content Writer,Contract,Delhi NCR,2023-07-14,Offer,5.0,40,599230.0,368,84,No,No,5,3
2716,Ishan Bhatt,Male,22,2021,IIM Calcutta,B.E.,Electrical,8.68,3,No,Yes,1,5,MATLAB | Communication | Problem Solving | Kubernetes,LinkedIn,Mu Sigma,Banking & Finance,DevOps Engineer,Full-time,Ahmedabad,2022-06-20,Applied,Not Available,35,Not Available,2790,73,No,No,6,1
2719,Karan Pillai,Male,22,2020,BITS Pilani,B.Com,Accounting,6.28,2,No,Yes,1,2,React | Tableau | JavaScript | TypeScript,HackerEarth,Coforge,AgriTech,Frontend Developer,Internship,Chennai,2024-09-24,Withdrawn,Not Available,19,Not Available,2683,94,Not Available,No,3,4
2720,Chirag Singh,Male,23,2022,Bangalore University,MCA,Computer Applications,5.83,2,No,No,2,1,TensorFlow | TypeScript,Glassdoor,Mphasis,FinTech,Embedded Engineer,Full-time,Visakhapatnam,2022-09-16,Applied,Not Available,37,Not Available,112,71,Not Available,No,3,0
2721,Riya Mukherjee,Female,25,2022,Osmania University Hyderabad,M.Tech,Software Engineering,8.84,1,No,Yes,5,4,Figma | TensorFlow | React | R | SQL,Referral,Lenskart,AgriTech,Data Analyst,Part-time,Bhopal,2022-07-06,Technical Interview,1.0,36,Not Available,2537,55,Not Available,Yes,9,0
2722,Esha Kumar,Female,23,2020,Lovely Professional University,MBA,Operations,9.55,3,No,Yes,0,3,Django | Spark | Machine Learning,Unstop,Citi India,HealthTech,Systems Engineer,Full-time,Bengaluru,2023-07-12,Shortlisted,Not Available,21,Not Available,1305,84,Not Available,No,3,3
2723,Omna Reddy,Female,25,2022,Presidency University Kolkata,B.Sc (CS),Computer Science,7.71,2,No,No,5,0,AWS | Git | Bash Scripting | Flutter,LinkedIn,Intel India,E-commerce,Frontend Developer,Full-time,Bengaluru,2022-01-29,Withdrawn,Not Available,31,Not Available,924,81,Yes,Yes,5,0
2724,Vishal Srivastava,Male,23,2021,SVNIT Surat,BBA,Business Administration,8.91,1,No,Yes,6,0,GraphQL | Excel | Bash Scripting | TypeScript | Git,Naukri,Intel India,EdTech,Software Engineer,Part-time,Delhi NCR,2024-11-13,Online Assessment,Not Available,27,Not Available,1815,55,Not Available,No,6,3
2727,Charmi Anand,Female,23,2021,NIT Warangal,BBA,Business Administration,8.66,0,No,No,0,4,TypeScript | Node.js,Indeed,HCL Technologies,Banking & Finance,Sales Executive,Part-time,Surat,2022-01-18,Offer,4.0,42,735546.0,523,84,Not Available,No,4,1
2729,Madhuri Shah,Female,21,2024,IIT Bombay,B.E.,Electronics,8.27,2,No,Yes,2,2,Data Analysis | Git | Machine Learning | Spring Boot | Communication,LinkedIn,Urban Company,Banking & Finance,Data Scientist,Internship,Gurugram,2024-07-08,Rejected,3.0,6,Not Available,859,61,Yes,No,4,0
2730,Girish Rao,Male,24,2022,IIIT Hyderabad,B.Sc (IT),Information Technology,6.76,1,Yes,Yes,0,1,Figma | Git | SQL,LinkedIn,JPMorgan India,Telecom,Frontend Developer,Internship,Pune,2023-04-11,Offer,3.0,29,14392.0,183,96,No,Yes,1,1
2732,Eklavya Gupta,Male,23,2022,IIT Delhi,BBA,HR,9.34,0,No,No,2,1,Azure | Hive | Selenium | Scala | Problem Solving,Internshala,Flipkart,Retail,QA Engineer,Full-time,Nagpur,2024-02-08,Offer,2.0,9,579569.0,2476,85,Not Available,No,3,2
2734,Komal Subramaniam,Female,20,2022,IIT Delhi,B.Sc (IT),Information Technology,7.95,3,No,Yes,0,2,MongoDB | Networking | MATLAB,Indeed,Infosys,E-commerce,Data Analyst,Full-time,Ahmedabad,2024-03-03,Offer,1.0,41,358903.0,377,81,Not Available,No,2,2
2735,Raghav Saxena,Male,21,2020,XLRI Jamshedpur,M.Tech,VLSI,6.0,3,No,No,3,5,React | MATLAB | TensorFlow | Spring Boot,WorkIndia,Accenture,Consulting,Cloud Engineer,Full-time,Lucknow,2024-10-24,Offer,3.0,35,798995.0,2725,73,Not Available,No,8,4
2736,Harsh Agarwal,Male,25,2020,Anna University Chennai,BBA,HR,6.81,2,No,Yes,5,2,SQL | Deep Learning | PyTorch | Docker,Referral,PolicyBazaar,Consulting,Operations Analyst,Contract,Bhopal,2022-05-02,Rejected,3.0,22,Not Available,1560,66,Not Available,No,7,2
2737,Brijesh Swamy,Male,23,2021,IIT Kanpur,B.E.,Electronics,7.21,0,No,No,0,3,Teamwork | Git | PHP,Cutshort,Fractal Analytics,Media & Entertainment,Data Scientist,Internship,Nagpur,2021-05-10,Applied,Not Available,24,Not Available,2723,79,Not Available,No,3,0
2739,Mukesh Jadhav,Male,27,2022,BITS Hyderabad,MCA,Computer Applications,7.06,2,No,No,0,5,AWS | Kotlin | Django | REST APIs | Hive,LinkedIn,Ola,IT/Software,Software Engineer,Full-time,Hyderabad,2024-08-14,Technical Interview,5.0,15,Not Available,1830,90,No,No,5,2
2740,Bindiya Agarwal,Female,20,2021,MDI Gurgaon,B.Sc (CS),Computer Science,8.36,2,No,Yes,4,5,MATLAB | Django | Hadoop | Figma,Naukri,Meesho,Logistics,Android Developer,Full-time,Indore,2021-05-08,Shortlisted,Not Available,38,Not Available,339,80,Not Available,No,9,0
2741,Aarti Saxena,Female,25,2022,IIIT Hyderabad,B.E.,Electronics,9.06,3,No,Yes,5,2,Scala | Git | MongoDB | Hive | Python,Naukri,Barclays India,FinTech,Backend Developer,Full-time,Lucknow,2022-06-17,Shortlisted,Not Available,34,Not Available,2476,92,Not Available,No,7,0
2742,Kartik Krishnan,Male,21,2023,IIIT Hyderabad,B.Com,Finance,7.12,2,No,No,0,4,Cybersecurity | Selenium | REST APIs | Azure,Indeed,Urban Company,E-commerce,Network Engineer,Full-time,Pune,2023-10-16,Withdrawn,Not Available,5,Not Available,1266,55,Not Available,No,4,0
2744,Irfan Bhatia,Male,25,2022,BIT Mesra Ranchi,B.Com,Finance,6.93,0,No,No,5,1,Linux | Django,Internshala,Texas Instruments India,FinTech,Operations Analyst,Full-time,Ahmedabad,2024-02-26,Applied,Not Available,31,Not Available,2381,97,Not Available,No,6,2
2745,Utsav Bhatt,Male,20,2020,IIIT Bangalore,M.Tech,Computer Science,9.49,0,No,Yes,1,1,JavaScript | MATLAB | MongoDB | Hadoop | Hive,Naukri,ICICI Bank,Automotive,Systems Engineer,Internship,Surat,2024-11-16,Shortlisted,Not Available,22,Not Available,307,71,Not Available,No,2,4
2747,Deepika Roy,Female,23,2022,Anna University Chennai,MCA,Computer Applications,5.57,3,No,No,0,5,Figma | PHP | Kubernetes | Spring Boot | Problem Solving,Naukri,Freshworks,Manufacturing,Technical Support Engineer,Full-time,Visakhapatnam,2022-04-18,Applied,Not Available,35,Not Available,2113,79,Not Available,No,5,0
2748,Lalit Rao,Male,20,2021,NIT Warangal,B.Tech,Chemical Engineering,7.4,3,No,Yes,5,3,Linux | Spark | Docker | TypeScript,Indeed,1mg,HealthTech,Backend Developer,Internship,Ahmedabad,2022-09-08,Rejected,3.0,8,Not Available,676,89,Not Available,No,8,1
2749,Pallavi Sodhi,Female,27,2020,SRM University Chennai,M.Tech,AI/ML,6.34,3,No,No,1,4,Spring Boot | Scala,Unstop,Uber India,Automotive,Cloud Engineer,Full-time,Coimbatore,2022-04-18,Applied,Not Available,31,Not Available,1653,80,Not Available,No,5,2
2750,Sachin Walia,Male,24,2024,IIT Hyderabad,B.E.,Civil,6.18,1,No,Yes,2,3,PHP | MongoDB | Kubernetes | Excel,LinkedIn,Tiger Analytics,Logistics,Data Analyst,Internship,Ahmedabad,2024-05-24,Online Assessment,Not Available,41,Not Available,2197,55,No,No,5,0
2752,Utsav Soni,Male,21,2020,SRM University Chennai,BCA,Computer Applications,6.12,2,Yes,No,5,1,Git | Spark,Cutshort,Siemens India,FinTech,Data Scientist,Full-time,Delhi NCR,2021-10-20,Applied,Not Available,27,Not Available,2050,71,Not Available,Yes,6,1
2753,Akhil Agarwal,Male,20,2022,SRM University Chennai,M.Tech,Software Engineering,5.95,2,Yes,No,4,3,PyTorch | JavaScript | Linux,Referral,ICICI Bank,HealthTech,Data Analyst,Full-time,Delhi NCR,2022-02-18,Applied,Not Available,23,Not Available,1945,66,Not Available,No,7,0
2755,Ishaan Menon,Male,22,2022,IIM Bangalore,M.Tech,AI/ML,9.64,3,No,Yes,3,0,Kubernetes | Cybersecurity | React | Power BI,Indeed,Nykaa,Media & Entertainment,Marketing Analyst,Internship,Patna,2024-04-05,Shortlisted,Not Available,39,Not Available,1922,89,Not Available,No,3,2
2756,Mohini Venkatesh,Female,24,2020,IIIT Bangalore,B.Com,Accounting,9.98,3,No,No,4,1,Hadoop | Power BI | TypeScript | Teamwork | Cybersecurity,HackerEarth,L&T Infotech,FinTech,Embedded Engineer,Full-time,Pune,2021-04-16,Applied,Not Available,21,Not Available,719,62,Not Available,Yes,5,1
2758,Mohini Rastogi,Female,21,2020,SRM University Chennai,B.Tech,Electronics & Communication,7.35,0,No,Yes,4,5,R | TensorFlow | AWS | MongoDB | PHP,Monster,Wipro,Consulting,UX Designer,Full-time,Ahmedabad,2023-10-29,Online Assessment,Not Available,7,Not Available,1295,96,Not Available,No,9,3
2759,Parth Chatterjee,Male,22,2020,KIIT Bhubaneswar,BCA,Computer Applications,9.69,0,No,No,0,5,PyTorch | Networking | Leadership | R | Node.js,Naukri,Wipro,Automotive,UX Designer,Full-time,Nagpur,2022-11-08,Shortlisted,Not Available,6,Not Available,353,96,Not Available,No,5,2
2761,Ojaswi Oswal,Female,21,2023,Mumbai University,BCA,Computer Applications,8.53,3,No,No,0,4,Linux | AWS | MATLAB | Communication | Python,Naukri,Samsung India,Retail,Systems Engineer,Contract,Bengaluru,2024-11-10,Applied,Not Available,23,Not Available,2760,73,Not Available,Yes,4,1
2763,Omkar Lal,Male,20,2021,Christ University Bangalore,BCA,Computer Applications,9.77,1,Yes,Yes,5,4,Teamwork | Data Analysis | Spring Boot,Naukri,Qualcomm India,Manufacturing,Finance Analyst,Full-time,Bengaluru,2024-04-30,Offer,1.0,25,346629.0,1796,91,Not Available,No,9,3
2764,Yukti Lal,Female,24,2020,Thapar University,MCA,Computer Applications,6.9,2,Yes,No,3,5,Linux | Power BI | JavaScript,LinkedIn,PhonePe,Retail,Network Engineer,Full-time,Noida,2024-03-29,Withdrawn,Not Available,9,Not Available,2246,72,No,No,8,4
2767,Shreya Bisht,Female,27,2024,Pune University,B.Com,Commerce,6.91,2,No,No,0,0,Teamwork | REST APIs | Django | React,LinkedIn,Persistent Systems,Telecom,ML Engineer,Full-time,Visakhapatnam,2024-11-28,Online Assessment,Not Available,33,Not Available,205,100,Yes,No,0,0
2770,Hitesh Thakur,Male,27,2021,IIT Delhi,BCA,Computer Applications,8.48,2,No,No,3,0,TensorFlow | Kotlin | Power BI | Excel,Unstop,Accenture,Automotive,Backend Developer,Full-time,Patna,2023-06-26,Applied,Not Available,34,Not Available,919,65,Not Available,No,3,2
2772,Tejas Desai,Male,26,2020,Christ University Bangalore,BBA,Business Administration,7.97,2,No,No,1,0,Azure | Kubernetes | Power BI,Naukri,L&T Infotech,Automotive,UX Designer,Internship,Kolkata,2024-05-08,Shortlisted,Not Available,1,Not Available,2943,99,Not Available,No,1,4
2774,Ananya Hegde,Female,22,2021,NIT Calicut,BCA,Computer Applications,7.1,2,No,No,5,2,Excel | Figma | Linux | Docker,Indeed,PhonePe,Consulting,Embedded Engineer,Internship,Hyderabad,2021-12-19,Applied,Not Available,26,Not Available,953,87,Not Available,No,7,0
2775,Piyush Dubey,Male,22,2021,Presidency University Kolkata,M.Tech,Data Science,6.75,2,No,Yes,5,5,Hadoop | GraphQL,Naukri,Accenture,FinTech,QA Engineer,Internship,Visakhapatnam,2021-06-12,Applied,Not Available,7,Not Available,1496,95,Not Available,Yes,10,0
2779,Om Das,Male,25,2022,IIT Kanpur,BCA,Computer Applications,7.28,0,No,No,6,3,Hadoop | REST APIs | Deep Learning,LinkedIn,Tiger Analytics,Automotive,Data Scientist,Full-time,Indore,2023-05-27,Applied,Not Available,9,Not Available,2450,80,No,No,9,1
2780,Swati Dubey,Female,24,2020,Pune University,B.Tech,Civil Engineering,6.9,0,No,Yes,5,5,MongoDB | Data Analysis | Swift | Kotlin | Spark,LinkedIn,Mindtree,HealthTech,Software Engineer,Full-time,Bengaluru,2022-07-11,Offer,4.0,3,508794.0,2754,89,No,No,10,2
2781,Elina Sundaram,Female,26,2021,Lovely Professional University,BBA,Finance,6.62,0,No,Yes,4,2,Git | Tableau,Cutshort,JPMorgan India,AgriTech,DevOps Engineer,Full-time,Nagpur,2021-01-27,Technical Interview,2.0,42,Not Available,1470,57,Not Available,No,6,0
2783,Furqan Shukla,Male,24,2020,BITS Goa,BBA,Business Administration,9.77,1,No,No,6,0,GraphQL | Deep Learning | MongoDB,Internshala,Mu Sigma,FinTech,HR Executive,Full-time,Mumbai,2023-03-07,Applied,Not Available,14,Not Available,2612,87,Not Available,No,6,3
2785,Brijesh Dey,Male,25,2021,NIT Calicut,MBA,Business Analytics,8.51,2,No,No,6,2,Data Analysis | Machine Learning | Scala,Naukri,Goldman Sachs,EdTech,SEO Analyst,Internship,Bengaluru,2023-03-17,Online Assessment,Not Available,34,Not Available,1238,74,Not Available,No,8,2
2786,Vibha Singh,Female,22,2022,Anna University Chennai,M.Tech,Computer Science,8.49,1,No,No,6,3,Communication | Teamwork | Ruby on Rails | Django | Scala,Apna,Practo,FinTech,Cybersecurity Analyst,Internship,Indore,2023-11-22,Online Assessment,Not Available,26,Not Available,2099,77,Not Available,No,9,1
2787,Dinesh Joshi,Male,21,2020,RV College Bangalore,B.Sc (CS),Computer Science,5.75,1,No,No,5,3,Linux | Scala,Glassdoor,Siemens India,Manufacturing,Product Manager,Full-time,Vadodara,2022-11-21,Applied,Not Available,18,Not Available,2610,60,Not Available,No,8,2
2788,Tarun Sandhu,Male,26,2020,Delhi University,MBA,Finance,8.24,0,No,No,1,1,Flutter | React | Problem Solving | Bash Scripting,LinkedIn,TCS,Banking & Finance,iOS Developer,Full-time,Bengaluru,2022-12-07,Applied,Not Available,20,Not Available,1311,65,No,Yes,2,2
2793,Chethan Sodhi,Male,20,2023,Jadavpur University Kolkata,B.Sc (IT),Information Technology,6.61,1,No,Yes,1,3,PyTorch | Linux | Deep Learning | Scala,Campus Placement,Siemens India,IT/Software,Finance Analyst,Internship,Bhopal,2024-11-12,Applied,Not Available,1,Not Available,1677,72,Not Available,No,4,1
2794,Kartik Negi,Male,20,2021,DTU Delhi,MBA,Finance,6.06,3,Yes,Yes,5,0,Kotlin | Flutter | Selenium | R,LinkedIn,Paytm,EdTech,Embedded Engineer,Internship,Chennai,2024-02-13,Online Assessment,Not Available,16,Not Available,1531,86,No,No,5,3
2795,Zaid Das,Male,26,2022,NIT Calicut,BBA,Business Administration,8.29,2,No,No,3,2,Figma | PHP,Indeed,Samsung India,Media & Entertainment,Cloud Engineer,Full-time,Coimbatore,2023-03-19,Applied,Not Available,22,Not Available,472,97,Not Available,No,5,1
2796,Naman Patel,Male,24,2022,NIT Calicut,MBA,Strategy,7.91,2,No,No,0,0,R | Kotlin | C++ | Networking | Selenium,Unstop,HCL Technologies,EdTech,Digital Marketing Executive,Internship,Noida,2023-01-21,Applied,Not Available,3,Not Available,2732,99,Not Available,No,0,1
2798,Kunal Sengupta,Male,27,2022,Bangalore University,B.Com,Accounting,5.83,2,No,Yes,1,2,Flutter | AWS | R | Java | Machine Learning,HackerEarth,Razorpay,Manufacturing,DevOps Engineer,Internship,Kochi,2022-12-14,Offer,5.0,10,12892.0,139,75,Not Available,No,3,0
2799,Jagdish Rao,Male,23,2020,NIT Warangal,MBA,Finance,7.05,0,No,No,0,4,Bash Scripting | Teamwork | PyTorch | REST APIs,LinkedIn,TCS,FinTech,iOS Developer,Part-time,Gurugram,2021-08-06,Online Assessment,Not Available,44,Not Available,202,83,Yes,No,4,1
2800,Pranav Bhatia,Male,25,2020,Manipal Institute of Technology,MCA,Computer Applications,7.12,3,No,No,4,5,Teamwork | Bash Scripting | Networking | REST APIs,Indeed,Infosys,Consulting,Sales Executive,Internship,Vadodara,2024-08-18,Rejected,1.0,33,Not Available,1648,86,Not Available,No,9,4
2801,Isha Bose,Female,27,2023,IIM Ahmedabad,B.E.,Civil,9.22,1,No,Yes,5,0,Machine Learning | MATLAB | Deep Learning | Django | MongoDB,Naukri,Zerodha,Manufacturing,Software Engineer,Full-time,Chennai,2024-04-13,Online Assessment,Not Available,1,Not Available,2554,60,Not Available,Yes,5,1
2803,Om More,Male,25,2020,GLA University Mathura,MBA,Business Analytics,9.76,1,No,Yes,2,3,Hive | Excel | Spark | Kotlin,Naukri,Freshworks,Manufacturing,Embedded Engineer,Full-time,Patna,2023-11-12,Applied,Not Available,20,Not Available,2686,63,Not Available,Yes,5,3
2804,Hitesh Pandey,Male,23,2021,NIT Trichy,B.E.,Electronics,8.73,0,Yes,No,4,3,AWS | TensorFlow | REST APIs,Apna,Goldman Sachs,Manufacturing,Operations Analyst,Full-time,Coimbatore,2022-08-13,Applied,Not Available,7,Not Available,1208,86,Not Available,No,7,1
2805,Sagar Ghosh,Male,22,2021,Amity University Noida,MBA,Marketing,9.83,2,No,Yes,6,3,Teamwork | Flutter,Internshala,L&T Infotech,Consulting,DevOps Engineer,Contract,Nagpur,2021-07-22,Offer,4.0,36,1353102.0,2687,88,Not Available,Yes,9,0
2808,Brijesh Mukherjee,Male,26,2020,VIT Vellore,B.Com,Commerce,6.68,3,No,Yes,6,0,MongoDB | Docker | Scala | JavaScript | React,Internshala,Wipro,Manufacturing,Software Engineer,Full-time,Mumbai,2024-06-30,Applied,Not Available,42,Not Available,2093,89,Not Available,No,6,4
2809,Varun Sandhu,Male,24,2020,GLA University Mathura,M.Tech,VLSI,7.53,1,No,No,0,0,TensorFlow | Data Analysis | Kotlin,Foundit,Mu Sigma,FinTech,Product Manager,Full-time,Pune,2024-09-19,Withdrawn,Not Available,3,Not Available,2678,83,Not Available,No,0,4
2811,Balram Anand,Male,27,2021,SRMIST Chennai,B.E.,Computer Science,8.95,0,No,Yes,6,1,Spark | Node.js | MATLAB | AWS | PyTorch,LinkedIn,Citi India,IT/Software,UX Designer,Full-time,Mysuru,2023-01-21,Shortlisted,Not Available,6,Not Available,70,69,No,No,7,2
2812,Kavya Rao,Female,23,2021,Delhi University,MBA,Marketing,8.96,1,Yes,No,5,1,Node.js | Figma | Django,Apna,Groww,Banking & Finance,Business Analyst,Full-time,Patna,2023-09-04,Offer,4.0,6,842035.0,862,79,Not Available,No,6,2
2813,Heena Bhatia,Female,25,2021,IIM Calcutta,M.Tech,Software Engineering,6.15,0,No,Yes,3,5,Communication | PHP | React,Indeed,Ola,Automotive,Embedded Engineer,Full-time,Delhi NCR,2021-07-09,Technical Interview,3.0,33,Not Available,740,75,Not Available,Yes,8,0
2814,Vandana Chopra,Female,22,2020,MDI Gurgaon,B.E.,Electronics,5.93,1,No,No,1,4,Communication | Kubernetes,Naukri,BigBasket,IT/Software,Android Developer,Internship,Gurugram,2022-05-24,Applied,Not Available,6,Not Available,680,75,Not Available,No,5,2
2816,Balram Biswas,Male,22,2021,SVNIT Surat,B.Sc (CS),Computer Science,8.13,2,Yes,No,3,1,React | Git | Excel | Leadership,Unstop,Hexaware,Consulting,Embedded Engineer,Part-time,Visakhapatnam,2022-08-08,Applied,Not Available,19,Not Available,2799,55,Not Available,No,4,1
2819,Onkar Sharma,Male,20,2020,SVNIT Surat,B.E.,Electronics,9.13,1,No,No,2,5,AWS | Node.js | Machine Learning,Referral,Persistent Systems,Banking & Finance,Full Stack Developer,Full-time,Lucknow,2021-01-01,HR Interview,4.0,35,Not Available,2366,76,Not Available,No,7,1
2820,Omkar Dixit,Male,23,2022,Thapar University,B.E.,Mechanical,9.4,0,No,Yes,5,2,Scala | Ruby on Rails | TensorFlow,LinkedIn,Freshworks,FinTech,Business Analyst,Full-time,Gurugram,2022-06-21,Online Assessment,Not Available,2,Not Available,2019,71,No,No,7,0
2829,Mayank Murthy,Male,22,2022,NSUT Delhi,MCA,Computer Applications,7.0,2,No,Yes,2,4,React | Problem Solving | Data Analysis,TimesJobs,Bajaj Finserv,EdTech,Frontend Developer,Full-time,Visakhapatnam,2022-05-01,Applied,Not Available,42,Not Available,1536,98,Not Available,No,6,0
2830,Hitesh Mathur,Male,25,2022,PES University Bangalore,B.Sc (CS),Computer Science,8.51,0,No,Yes,0,3,Deep Learning | Django | Node.js | Flutter,Referral,Absolutdata,Automotive,QA Engineer,Internship,Mysuru,2023-04-23,Shortlisted,Not Available,31,Not Available,464,83,Not Available,No,3,1
2831,Bhavna Garg,Female,20,2024,IIIT Bangalore,MBA,Business Analytics,7.19,1,No,No,4,1,Kotlin | Communication | R | GraphQL,Naukri,Cognizant,IT/Software,Product Manager,Full-time,Delhi NCR,2024-01-10,Offer,1.0,4,1925970.0,89,82,Not Available,Yes,5,0
2832,Babita Dixit,Female,24,2021,SVNIT Surat,MCA,Computer Applications,9.28,3,Yes,No,2,4,Hadoop | Data Analysis | Leadership | Java | Hive,Naukri,Coforge,Automotive,Recruiter,Internship,Lucknow,2024-12-25,Applied,Not Available,13,Not Available,1994,56,Not Available,No,6,3
2833,Uday Sethi,Male,23,2020,SVNIT Surat,B.E.,Mechanical,5.8,1,No,No,3,5,Spring Boot | PHP,LinkedIn,Amazon India,Telecom,UX Designer,Full-time,Kochi,2022-07-14,Offer,2.0,32,668699.0,132,76,No,No,8,2
2834,Karan Grewal,Male,20,2024,IIT Madras,B.Tech,Computer Science,5.78,1,No,Yes,3,1,MongoDB | Spark,Unstop,LTIMindtree,AgriTech,Cybersecurity Analyst,Internship,Bengaluru,2024-05-27,Applied,Not Available,4,Not Available,1311,65,Not Available,No,4,0
2838,Ekta Dey,Female,20,2020,Pune University,B.Tech,Electronics & Communication,7.68,1,No,No,4,0,Hive | Machine Learning,Internshala,Fractal Analytics,Media & Entertainment,Business Analyst,Full-time,Bhubaneswar,2023-12-05,Online Assessment,Not Available,40,Not Available,1439,76,Not Available,No,4,3
2839,Vikram Reddy,Male,26,2020,HBTU Kanpur,BBA,Finance,9.2,2,No,Yes,1,2,Django | Tableau | Selenium,LinkedIn,Qualcomm India,E-commerce,Software Engineer,Part-time,Indore,2023-01-03,Technical Interview,3.0,38,Not Available,2452,75,No,No,3,3
2842,Uma Gupta,Female,21,2023,IIT Madras,B.Com,Finance,8.05,3,No,Yes,1,4,Figma | Swift | PHP,LinkedIn,Zoho,Telecom,Marketing Analyst,Internship,Surat,2023-07-16,Shortlisted,Not Available,3,Not Available,1957,91,No,Yes,5,0
2843,Aarti Dhillon,Female,23,2020,Delhi University,MCA,Computer Applications,8.12,1,No,No,3,5,Communication | Kubernetes | Flutter,Indeed,HDFC Bank,Consulting,Technical Support Engineer,Full-time,Indore,2021-11-04,Online Assessment,Not Available,33,Not Available,1227,96,Not Available,No,8,1
2844,Tanvi Sodhi,Female,24,2022,NSUT Delhi,MBA,Business Analytics,8.74,1,No,No,4,4,Django | JavaScript,Cutshort,Qualcomm India,Manufacturing,Full Stack Developer,Full-time,Chennai,2022-08-24,Online Assessment,Not Available,5,Not Available,2209,83,Not Available,No,8,0
2845,Neha Bhatia,Female,20,2020,SVNIT Surat,B.Sc (CS),Computer Science,9.55,1,No,Yes,5,3,SQL | REST APIs | Hive | Deep Learning,Internshala,HDFC Bank,E-commerce,Cloud Engineer,Internship,Lucknow,2023-10-06,Offer,1.0,33,30848.0,1030,82,Not Available,No,8,3
2849,Ekansh Khanna,Male,22,2022,SRMIST Chennai,BCA,Computer Applications,5.81,2,Yes,No,0,4,Bash Scripting | Deep Learning | MATLAB,Internshala,Tech Mahindra,IT/Software,Backend Developer,Full-time,Kolkata,2023-05-30,HR Interview,2.0,6,Not Available,935,93,Not Available,No,4,1
2852,Ishan Chaudhary,Male,20,2022,IIIT Allahabad,MBA,Strategy,5.78,2,No,Yes,2,4,Hive | Git | R,LinkedIn,Hexaware,Media & Entertainment,Systems Engineer,Contract,Delhi NCR,2023-01-09,Shortlisted,Not Available,37,Not Available,1136,83,No,No,6,1
2853,Priya Arora,Female,24,2023,SP Jain Mumbai,MBA,Marketing,6.65,1,No,No,1,4,Scala | Power BI,AngelList,Fractal Analytics,IT/Software,Frontend Developer,Internship,Remote,2024-12-07,HR Interview,4.0,19,Not Available,2347,56,Not Available,No,5,1
2858,Pranav Patel,Male,24,2021,GLA University Mathura,B.E.,Computer Science,6.35,3,No,Yes,4,1,Hive | Python,AngelList,Flipkart,Telecom,ML Engineer,Full-time,Chandigarh,2024-09-23,Rejected,4.0,40,Not Available,2054,62,Not Available,No,5,3
2859,Suresh Sengupta,Male,26,2022,IIT Kharagpur,B.E.,Civil,9.87,2,No,Yes,2,2,REST APIs | Spark | Kotlin | AWS,Internshala,HCL Technologies,Retail,Content Writer,Internship,Kolkata,2023-10-11,Applied,Not Available,37,Not Available,1474,82,Not Available,Yes,4,1
2860,Sonali Soni,Female,23,2023,HBTU Kanpur,MBA,Finance,5.98,0,No,Yes,1,3,MATLAB | Tableau,Naukri,Citi India,Media & Entertainment,Finance Analyst,Full-time,Vadodara,2023-09-03,Shortlisted,Not Available,41,Not Available,226,78,Not Available,No,4,0
2861,Harini Chauhan,Female,27,2022,Delhi University,B.Sc (CS),Computer Science,6.88,3,No,No,0,2,Figma | R | Python,Indeed,LTIMindtree,Automotive,Data Scientist,Internship,Jaipur,2023-11-20,Rejected,3.0,13,Not Available,2386,86,Not Available,No,2,1
2863,Tushar Mathur,Male,25,2022,Bangalore University,B.Com,Commerce,9.12,1,No,Yes,2,0,Flutter | GraphQL | Data Analysis | Hadoop | Linux,Naukri,Barclays India,Banking & Finance,Network Engineer,Part-time,Bengaluru,2022-08-17,Online Assessment,Not Available,4,Not Available,96,79,Not Available,Yes,2,0
2864,Jagdish Venkatesh,Male,26,2021,Anna University Chennai,B.Tech,Mechanical Engineering,8.02,1,No,Yes,5,4,Kotlin | Excel | Power BI,Internshala,Freshworks,Retail,Digital Marketing Executive,Internship,Chennai,2022-10-12,Online Assessment,Not Available,10,Not Available,2971,80,Not Available,No,9,1
2866,Babita Chauhan,Female,23,2023,Jadavpur University Kolkata,B.E.,Electrical,7.01,0,No,No,1,0,Linux | Data Analysis,LinkedIn,Persistent Systems,Consulting,Product Manager,Full-time,Jaipur,2024-02-08,Online Assessment,Not Available,36,Not Available,2424,98,No,No,1,1
2868,Kirti Sandhu,Female,22,2021,COEP Pune,M.Tech,Software Engineering,6.8,1,No,No,6,0,JavaScript | Leadership | PHP,Campus Placement,Mu Sigma,Banking & Finance,Business Analyst,Full-time,Kochi,2021-12-20,Online Assessment,Not Available,44,Not Available,1562,85,Not Available,No,6,0
2869,Omkar Swamy,Male,26,2023,IIT Hyderabad,BBA,HR,7.07,3,No,No,0,1,PyTorch | Spark | PHP | C++ | Excel,LinkedIn,Lenskart,Media & Entertainment,Content Writer,Part-time,Visakhapatnam,2024-03-03,HR Interview,2.0,28,Not Available,1624,66,No,No,1,1
2870,Dhruv Nair,Male,22,2024,IIM Ahmedabad,B.Sc (CS),Computer Science,8.46,2,No,Yes,1,2,MATLAB | Laravel,LinkedIn,TCS,AgriTech,Data Scientist,Full-time,Mysuru,2024-10-15,Technical Interview,1.0,15,Not Available,140,61,No,No,3,0
2872,Usha Gupta,Female,21,2022,IIM Ahmedabad,B.E.,Civil,9.28,3,No,Yes,3,4,Kotlin | Tableau | PyTorch | Problem Solving | Hive,Internshala,Barclays India,Banking & Finance,Systems Engineer,Full-time,Ahmedabad,2023-01-03,Online Assessment,Not Available,12,Not Available,2692,58,Not Available,No,7,1
2873,Tanya Sodhi,Prefer not to say,20,2020,Thapar University,MCA,Computer Applications,9.49,2,Yes,Yes,3,1,R | Leadership | Excel,TimesJobs,Tiger Analytics,Consulting,Android Developer,Full-time,Bhopal,2024-06-27,Online Assessment,Not Available,43,Not Available,1242,95,Not Available,No,4,4
2874,Ekansh Sharma,Male,23,2021,Amity University Noida,B.Tech,Information Technology,7.22,0,No,No,2,5,Selenium | TensorFlow | Kubernetes,LinkedIn,Coforge,IT/Software,ML Engineer,Full-time,Chandigarh,2024-11-22,Online Assessment,Not Available,27,Not Available,2541,97,No,No,7,3
2875,Itisha Walia,Female,26,2021,BITS Goa,BCA,Computer Applications,8.24,2,No,No,1,5,Excel | Tableau | Hadoop | GraphQL,HackerEarth,IBM India,E-commerce,ML Engineer,Full-time,Mumbai,2023-06-13,Applied,Not Available,15,Not Available,1872,100,Not Available,No,6,2
2876,Amrita Rao,Female,26,2020,Presidency University Kolkata,B.Com,Accounting,9.41,0,No,No,4,3,PyTorch | Spring Boot,Cutshort,MakeMyTrip,HealthTech,Android Developer,Full-time,Jaipur,2022-11-29,Shortlisted,Not Available,44,Not Available,724,71,Not Available,Yes,7,2
2879,Tarun Lodha,Male,22,2020,Chandigarh University,B.Tech,Mechanical Engineering,6.17,1,No,No,4,5,Deep Learning | PyTorch | Tableau | Azure | TypeScript,LinkedIn,HDFC Bank,Logistics,Digital Marketing Executive,Full-time,Bengaluru,2021-11-10,Offer,1.0,35,428484.0,2897,75,Yes,Yes,9,1
2880,Harsh Kapoor,Male,24,2020,DTU Delhi,B.Sc (IT),Information Technology,5.7,3,No,No,5,4,Communication | REST APIs | Linux,Indeed,HCL Technologies,Logistics,SEO Analyst,Contract,Visakhapatnam,2021-02-01,Offer,5.0,30,433386.0,1692,92,Not Available,No,9,1
2883,Hemant Garg,Male,25,2023,SRM University Chennai,B.Sc (IT),Information Technology,6.73,1,No,Yes,3,3,PyTorch | Deep Learning,Campus Placement,Ola,EdTech,Data Analyst,Contract,Bhubaneswar,2024-10-10,Online Assessment,Not Available,39,Not Available,2790,84,Not Available,No,6,1
2884,Yamini More,Female,24,2022,BITS Hyderabad,B.Tech,Information Technology,7.1,1,No,No,0,2,PyTorch | MATLAB | Swift,LinkedIn,Zerodha,Automotive,Software Engineer,Internship,Bhubaneswar,2023-02-15,HR Interview,4.0,16,Not Available,543,95,No,No,2,1
2885,Firoz Lal,Male,25,2022,Kalinga University,B.Tech,Computer Science,9.15,1,No,Yes,1,5,REST APIs | Ruby on Rails | PyTorch | GraphQL | Django,LinkedIn,Practo,Media & Entertainment,SEO Analyst,Full-time,Jaipur,2023-09-29,Applied,Not Available,11,Not Available,2028,67,No,No,6,1
2886,Ekta Dubey,Prefer not to say,20,2020,IIT Bombay,B.Tech,Civil Engineering,8.14,0,Yes,No,0,4,Ruby on Rails | Machine Learning | MongoDB,HackerEarth,Infosys,EdTech,SEO Analyst,Contract,Surat,2023-09-13,Online Assessment,Not Available,22,Not Available,519,73,Not Available,Yes,4,3
2887,Kunal Sengupta,Male,25,2022,IIT Kharagpur,B.E.,Civil,6.29,2,No,No,5,2,Power BI | Flutter | Kotlin | JavaScript,Internshala,Google India,Manufacturing,iOS Developer,Full-time,Chennai,2024-12-24,HR Interview,2.0,4,Not Available,1522,90,Not Available,No,7,2
2889,Varun Mehta,Male,21,2023,MNNIT Allahabad,B.Tech,Chemical Engineering,8.77,3,No,Yes,5,1,Machine Learning | Problem Solving,LinkedIn,Meesho,Manufacturing,Data Analyst,Full-time,Bengaluru,2023-01-30,Applied,Not Available,12,Not Available,889,69,No,No,6,0
2890,Deepak Jain,Male,21,2021,IIM Calcutta,B.Sc (IT),Information Technology,8.58,0,No,No,3,5,TypeScript | Cybersecurity | Python,Naukri,BigBasket,Automotive,Recruiter,Internship,Remote,2024-03-31,Online Assessment,Not Available,23,Not Available,2747,76,Not Available,No,8,3
2892,Bhumi Jadhav,Female,20,2022,Osmania University Hyderabad,MBA,HR,9.01,3,No,Yes,4,1,Java | Python | TensorFlow | Cybersecurity | AWS,Indeed,Fractal Analytics,Banking & Finance,Content Writer,Full-time,Bhubaneswar,2022-09-05,Shortlisted,Not Available,31,Not Available,1765,57,Not Available,No,5,0
2894,Divya Chauhan,Female,21,2021,Amity University Noida,BCA,Computer Applications,6.86,2,No,No,0,3,Tableau | React | Hadoop | Deep Learning,Glassdoor,Mu Sigma,E-commerce,Business Analyst,Contract,Bhopal,2024-11-09,Rejected,4.0,7,Not Available,1272,78,Not Available,No,3,3
2896,Ekta Mehta,Female,25,2022,BITS Pilani,B.E.,Computer Science,9.37,0,No,Yes,3,5,Kubernetes | Leadership,Indeed,Capgemini,Manufacturing,QA Engineer,Full-time,Mumbai,2022-05-23,Technical Interview,5.0,7,Not Available,892,62,Not Available,Yes,8,0
2897,Harsh Dhillon,Male,27,2020,IIT Madras,B.Tech,Civil Engineering,7.38,3,No,No,0,3,Azure | Ruby on Rails | Linux,HackerEarth,Upstox,Retail,Business Analyst,Internship,Visakhapatnam,2022-07-13,HR Interview,1.0,43,Not Available,1428,82,Not Available,No,3,2
2899,Vikram Desai,Male,20,2020,Delhi University,MBA,Strategy,6.27,0,No,Yes,2,0,Flutter | Laravel | Cybersecurity | MATLAB | Ruby on Rails,AngelList,ICICI Bank,Banking & Finance,Business Analyst,Full-time,Indore,2022-02-10,Technical Interview,3.0,27,Not Available,2079,81,Not Available,No,2,2
2900,Firoz Das,Male,21,2024,IIM Ahmedabad,B.E.,Civil,8.94,3,No,Yes,0,3,AWS | PyTorch | Networking | Python,LinkedIn,TCS,IT/Software,Systems Engineer,Internship,Kolkata,2024-09-18,Online Assessment,Not Available,11,Not Available,2605,62,No,Yes,3,0
2902,Sonali Malhotra,Female,27,2020,NIT Trichy,B.Sc (CS),Computer Science,5.74,2,No,No,0,4,Problem Solving | Power BI | Spring Boot,AngelList,Fractal Analytics,Automotive,Full Stack Developer,Full-time,Mumbai,2022-03-17,Applied,Not Available,27,Not Available,1574,80,Not Available,No,4,2
2903,Vikram Sodhi,Male,20,2021,COEP Pune,M.Tech,AI/ML,8.39,3,No,No,3,0,Problem Solving | Deep Learning | Ruby on Rails,LinkedIn,Uber India,HealthTech,SEO Analyst,Contract,Ahmedabad,2021-02-12,Technical Interview,1.0,31,Not Available,419,74,Yes,Yes,3,0
2904,Om Khatri,Male,25,2022,IIM Ahmedabad,B.E.,Mechanical,8.06,0,No,No,5,5,Node.js | Azure,Internshala,Razorpay,Manufacturing,Recruiter,Part-time,Kochi,2024-08-07,Applied,Not Available,39,Not Available,1667,66,Not Available,No,10,2
2905,Yamini Anand,Female,26,2021,Lovely Professional University,B.E.,Electronics,7.61,1,No,No,4,0,Django | Kubernetes | Hadoop | Python,Referral,Samsung India,Logistics,Network Engineer,Full-time,Bengaluru,2022-03-20,Offer,4.0,27,574805.0,2486,72,Not Available,No,4,1
2906,Tushar Ramachandran,Male,22,2020,IIEST Shibpur,M.Tech,VLSI,7.76,1,No,No,5,4,React | Scala,LinkedIn,NIIT Technologies,Automotive,Sales Executive,Full-time,Coimbatore,2021-04-15,Offer,2.0,11,690107.0,2533,74,No,Yes,9,1
2908,Abhinav Dhillon,Male,22,2023,IIT Hyderabad,B.Com,Finance,8.0,2,No,No,4,1,TypeScript | Figma | Machine Learning,Naukri,Qualcomm India,FinTech,Embedded Engineer,Contract,Bengaluru,2023-09-13,Technical Interview,5.0,8,Not Available,1974,82,Not Available,No,5,0
2910,Dipali Menon,Female,25,2020,Nirma University Ahmedabad,B.Tech,Computer Science,9.56,1,No,No,4,3,R | GraphQL | PHP,Cutshort,IBM India,AgriTech,Cloud Engineer,Internship,Coimbatore,2022-05-14,Offer,5.0,25,20332.0,997,92,Not Available,Yes,7,2
2913,Akhil Dubey,Male,21,2020,NSUT Delhi,B.Tech,Data Science,8.11,2,No,No,0,2,GraphQL | REST APIs | R | TypeScript | Data Analysis,Referral,PhonePe,Consulting,UX Designer,Full-time,Delhi NCR,2022-04-08,Technical Interview,3.0,24,Not Available,577,92,Not Available,No,2,2
2914,Wahida Sethi,Female,20,2022,JNTUH Hyderabad,B.Sc (IT),Information Technology,6.54,2,No,Yes,5,5,Node.js | Linux | PyTorch,HackerEarth,Bajaj Finserv,Banking & Finance,Cybersecurity Analyst,Part-time,Visakhapatnam,2024-07-01,Applied,Not Available,13,Not Available,1678,97,Not Available,No,10,2
2915,Trisha Mehta,Female,22,2024,PES University Bangalore,B.E.,Civil,7.78,1,No,Yes,0,0,Power BI | R,Referral,Tata Steel,Retail,UX Designer,Full-time,Pune,2024-03-04,Applied,Not Available,22,Not Available,1569,61,Not Available,No,0,0
2916,Sagar Sundaram,Male,23,2023,SRMIST Chennai,BCA,Computer Applications,9.61,0,No,No,3,1,Java | Kotlin | Figma | Node.js | AWS,Naukri,Accenture,HealthTech,Cloud Engineer,Full-time,Indore,2024-01-16,Technical Interview,5.0,42,Not Available,295,85,Not Available,No,4,1
2919,Aarti Dixit,Female,25,2021,IIT Madras,BBA,Finance,7.19,1,No,No,3,2,Kubernetes | Teamwork,HackerEarth,Absolutdata,AgriTech,DevOps Engineer,Internship,Kolkata,2022-09-12,Technical Interview,5.0,8,Not Available,2558,57,Not Available,Yes,5,1
2921,Neha Biswas,Female,25,2020,MNNIT Allahabad,B.Tech,Electrical Engineering,7.56,1,No,No,4,5,Figma | TypeScript,Campus Placement,Axis Bank,FinTech,Content Writer,Full-time,Pune,2023-11-05,Online Assessment,Not Available,44,Not Available,2575,95,Not Available,No,9,3
2922,Geeta Roy,Female,22,2021,Bangalore University,BCA,Computer Applications,7.1,0,No,No,4,1,SQL | Bash Scripting | Java | Deep Learning | Excel,Campus Placement,1mg,AgriTech,QA Engineer,Part-time,Noida,2022-03-29,Applied,Not Available,19,Not Available,1503,99,Not Available,No,5,1
2923,Jagdish Natarajan,Male,23,2021,COEP Pune,BBA,HR,8.55,0,Yes,No,2,5,MongoDB | React,HackerEarth,TCS,Automotive,Cybersecurity Analyst,Full-time,Kochi,2024-11-03,Offer,5.0,37,822147.0,2305,96,Not Available,No,7,3
2925,Eklavya Ghosh,Male,21,2024,Chandigarh University,BBA,HR,7.91,1,Yes,Yes,3,1,JavaScript | Spark | MATLAB | Communication | Networking,Unstop,Practo,Logistics,Product Manager,Full-time,Nagpur,2024-05-13,Shortlisted,Not Available,42,Not Available,1694,94,Not Available,No,4,0
2927,Vandana Ahuja,Female,27,2020,IIT Bombay,MCA,Computer Applications,6.37,0,No,Yes,3,1,Linux | Node.js | JavaScript,Glassdoor,Zomato,Media & Entertainment,Software Engineer,Internship,Chandigarh,2024-03-28,Online Assessment,Not Available,43,Not Available,475,70,Not Available,Yes,4,4
2931,Aditya Anand,Male,24,2021,BITS Pilani,MCA,Computer Applications,9.66,0,Yes,Yes,2,0,Figma | C++,Referral,Accenture,AgriTech,SEO Analyst,Internship,Delhi NCR,2021-12-12,Applied,Not Available,7,Not Available,610,77,Not Available,No,2,0
2932,Bhumi Subramaniam,Female,22,2021,RV College Bangalore,M.Tech,AI/ML,7.82,2,No,No,1,5,TypeScript | Flutter | Python | Linux | AWS,LinkedIn,Cognizant,Automotive,Full Stack Developer,Full-time,Mysuru,2023-08-15,HR Interview,1.0,36,Not Available,424,68,No,No,6,2
2933,Aditya Saxena,Male,27,2020,Symbiosis Pune,BBA,Finance,6.1,0,Yes,Yes,6,0,Spark | Laravel | GraphQL | TypeScript,LinkedIn,Zomato,Banking & Finance,Software Engineer,Internship,Gurugram,2023-09-23,HR Interview,3.0,27,Not Available,2790,99,No,Yes,6,3
2934,Uma Yadav,Female,24,2020,Amity University Noida,B.Tech,Electronics & Communication,6.54,3,No,Yes,4,2,REST APIs | Git | Communication | Linux,Cutshort,BYJU's,EdTech,HR Executive,Full-time,Surat,2024-05-17,Online Assessment,Not Available,38,Not Available,1343,78,Not Available,Yes,6,4
2935,Diya Shukla,Female,21,2020,IIT Bombay,B.Com,Accounting,8.39,0,No,Yes,6,4,Deep Learning | Spark | MATLAB,Cutshort,Intel India,Consulting,Finance Analyst,Full-time,Bhopal,2021-11-23,Shortlisted,Not Available,19,Not Available,2317,69,Not Available,No,10,1
2936,Twinkle Bhatt,Female,25,2023,NIT Warangal,MCA,Computer Applications,6.85,2,No,No,5,0,Azure | Tableau,Cutshort,HCL Technologies,Automotive,Database Administrator,Internship,Chennai,2024-05-03,Rejected,5.0,44,Not Available,1921,89,Not Available,No,5,1
2938,Gouri Garg,Female,26,2023,Chandigarh University,B.Com,Accounting,7.67,2,No,Yes,2,5,TypeScript | Node.js | Deep Learning,LinkedIn,Amazon India,Automotive,Software Engineer,Full-time,Vadodara,2024-09-08,Rejected,2.0,3,Not Available,1347,81,No,No,7,1
2940,Girish Shukla,Male,26,2022,SVNIT Surat,MCA,Computer Applications,7.89,1,No,Yes,0,2,Cybersecurity | Hive | Spark | Swift,Internshala,Tata Steel,Logistics,Embedded Engineer,Contract,Ahmedabad,2022-10-30,Online Assessment,Not Available,22,Not Available,1152,62,Not Available,No,2,0
2941,Umesh Pandey,Male,27,2022,IIT Madras,B.Tech,Electrical Engineering,8.46,1,Yes,Yes,5,0,Git | Java,AngelList,Practo,Media & Entertainment,Data Scientist,Contract,Bhubaneswar,2023-10-29,Rejected,5.0,41,Not Available,556,83,Not Available,No,5,1
2942,Kavya Yadav,Female,23,2020,SRM University Chennai,BBA,Marketing,7.67,0,No,No,5,0,Node.js | REST APIs | Java,Unstop,Samsung India,HealthTech,Sales Executive,Full-time,Bhopal,2021-05-24,Online Assessment,Not Available,14,Not Available,1093,62,Not Available,Yes,5,1
2944,Ekansh Bhatnagar,Male,27,2024,SVNIT Surat,B.E.,Computer Science,9.04,1,No,Yes,3,5,Power BI | React | Flutter | Kubernetes | Django,LinkedIn,Bosch India,Consulting,QA Engineer,Full-time,Nagpur,2024-01-11,Shortlisted,Not Available,43,Not Available,61,75,No,No,8,0
2948,Omkar Ghosh,Male,21,2021,SP Jain Mumbai,B.Sc (CS),Computer Science,9.84,2,No,No,4,0,MongoDB | Hadoop | Spring Boot,Monster,Bosch India,Logistics,Content Writer,Internship,Nagpur,2022-04-21,Offer,5.0,6,37954.0,1369,97,Not Available,No,4,1
2949,Harish Khanna,Male,26,2020,IIIT Allahabad,MCA,Computer Applications,6.7,0,No,Yes,5,5,Scala | Ruby on Rails | Power BI | Communication | PHP,Naukri,Delhivery,Manufacturing,Full Stack Developer,Internship,Nagpur,2024-05-05,Online Assessment,Not Available,3,Not Available,151,75,Not Available,No,10,4
2952,Aditi Swamy,Female,22,2022,BITS Hyderabad,MCA,Computer Applications,8.57,0,No,No,4,2,Kubernetes | Flutter,Indeed,Samsung India,IT/Software,UX Designer,Full-time,Surat,2023-08-12,Offer,4.0,34,804231.0,613,93,Not Available,No,6,1
2953,Elina Bajaj,Female,26,2020,Lovely Professional University,B.Sc (IT),Information Technology,8.67,0,No,No,3,0,JavaScript | Java | Node.js | Excel | PyTorch,Naukri,Razorpay,E-commerce,Software Engineer,Full-time,Kolkata,2023-01-10,Shortlisted,Not Available,39,Not Available,480,70,Not Available,No,3,3
2955,Rajesh Rawat,Male,23,2020,IIT Madras,B.Sc (IT),Information Technology,5.6,0,No,Yes,0,0,Git | Spark | C++,Naukri,Persistent Systems,HealthTech,Data Scientist,Internship,Kochi,2024-05-08,Applied,Not Available,7,Not Available,950,77,Not Available,No,0,4
2957,Urvashi Bajaj,Female,21,2021,Amity University Noida,MBA,Marketing,8.68,0,No,Yes,1,3,SQL | R | Swift | REST APIs | Java,LinkedIn,Unacademy,Retail,Data Analyst,Internship,Bhubaneswar,2022-12-03,Technical Interview,5.0,29,Not Available,794,96,No,No,4,1
2958,Nidhi Sandhu,Female,21,2020,Symbiosis Pune,B.Com,Finance,7.45,1,No,Yes,1,5,Scala | TensorFlow | Communication | Java,HackerEarth,LTIMindtree,IT/Software,Android Developer,Full-time,Gurugram,2022-03-03,Rejected,5.0,39,Not Available,94,58,Not Available,No,6,2
2959,Arjun Oswal,Male,21,2022,NSUT Delhi,BCA,Computer Applications,9.7,0,No,Yes,1,5,Machine Learning | Azure | Hadoop | Laravel | Deep Learning,Referral,Zoho,Manufacturing,Software Engineer,Full-time,Surat,2023-03-13,Shortlisted,Not Available,13,Not Available,432,63,Not Available,No,6,1
2960,Heena Dhillon,Female,24,2021,IIT Kharagpur,BBA,Finance,5.92,2,No,No,5,1,Problem Solving | Deep Learning,Naukri,PolicyBazaar,Logistics,Digital Marketing Executive,Internship,Chennai,2023-07-07,Applied,Not Available,6,Not Available,1042,97,Not Available,No,6,2
2964,Urvashi Tiwari,Female,21,2021,IIT Bombay,BCA,Computer Applications,6.45,1,No,Yes,4,2,Scala | Java,LinkedIn,Mphasis,EdTech,Product Manager,Full-time,Indore,2022-01-14,Offer,2.0,39,1648563.0,596,87,Yes,No,6,1
2969,Ishaan Pandey,Male,25,2020,JNTUH Hyderabad,B.Com,Finance,7.18,3,No,No,0,3,Kubernetes | Python | Linux | PHP,Unstop,Texas Instruments India,Automotive,Data Analyst,Part-time,Bhopal,2023-05-15,Technical Interview,1.0,8,Not Available,1570,84,Not Available,No,3,3
2971,Akash Negi,Male,25,2020,Mumbai University,MCA,Computer Applications,9.26,2,No,Yes,3,1,Networking | Linux | AWS | C++,Naukri,Tech Mahindra,Banking & Finance,Finance Analyst,Full-time,Pune,2023-04-29,Offer,4.0,24,818346.0,2606,93,Not Available,No,4,3
2972,Isha Oswal,Female,24,2023,BIT Mesra Ranchi,B.Com,Accounting,7.79,2,No,No,2,0,Kotlin | Django | Hadoop | TypeScript,Indeed,MakeMyTrip,Media & Entertainment,UX Designer,Contract,Visakhapatnam,2024-10-14,Withdrawn,Not Available,35,Not Available,2214,95,Not Available,No,2,1
2975,Hemant Gupta,Male,24,2022,SRMIST Chennai,B.Tech,Data Science,7.75,0,No,No,5,3,C++ | Flutter | Scala,LinkedIn,Infosys,Banking & Finance,Android Developer,Full-time,Mumbai,2022-06-10,Applied,Not Available,24,Not Available,2138,87,No,No,8,0
2976,Ekansh Bajaj,Male,20,2021,MNNIT Allahabad,BCA,Computer Applications,5.7,1,No,Yes,0,4,Docker | Machine Learning | TensorFlow | Node.js,Indeed,Angel One,FinTech,Data Scientist,Full-time,Mumbai,2021-09-19,HR Interview,4.0,8,Not Available,579,78,Not Available,No,4,0
2977,Namrata Sharma,Female,24,2020,NIT Warangal,M.Tech,Computer Science,7.9,1,No,No,0,0,GraphQL | Kubernetes | Azure | Docker,Glassdoor,Tech Mahindra,AgriTech,Software Engineer,Internship,Kolkata,2023-01-17,Technical Interview,5.0,8,Not Available,2769,90,Not Available,No,0,3
2978,Hemant Venkatesh,Male,26,2022,Symbiosis Pune,B.Sc (IT),Information Technology,7.78,3,No,Yes,6,5,Node.js | TensorFlow,Cutshort,Amazon India,Consulting,Data Scientist,Internship,Indore,2023-02-22,Shortlisted,Not Available,41,Not Available,937,66,Not Available,No,11,1
2981,Eklavya Bansal,Male,21,2021,Manipal Institute of Technology,B.Sc (CS),Computer Science,9.97,2,No,No,0,5,Spark | Python | Scala | Communication | Azure,Naukri,Tiger Analytics,Banking & Finance,iOS Developer,Internship,Indore,2024-08-22,Online Assessment,Not Available,13,Not Available,1306,95,Not Available,No,5,3
2983,Priya Tiwari,Female,21,2020,Mumbai University,BBA,Marketing,8.22,1,Yes,Yes,5,0,Swift | R | Java | Machine Learning | Cybersecurity,LinkedIn,Ola,FinTech,Android Developer,Internship,Mumbai,2023-08-16,Online Assessment,Not Available,13,Not Available,1179,55,Yes,No,5,3
2984,Geetanjali Ahuja,Female,20,2021,BITS Pilani,B.Tech,Data Science,8.13,0,No,No,6,4,Data Analysis | Flutter | Hive | Azure,Campus Placement,Google India,EdTech,Marketing Analyst,Part-time,Visakhapatnam,2022-07-12,Withdrawn,Not Available,6,Not Available,2852,96,Not Available,No,10,1
2985,Dinesh Shah,Male,27,2022,NIT Warangal,BBA,Marketing,6.54,0,No,Yes,0,1,Data Analysis | MongoDB | Django | GraphQL | Spring Boot,Cutshort,Bajaj Finserv,Logistics,Marketing Analyst,Contract,Coimbatore,2024-10-31,Applied,Not Available,30,Not Available,2303,58,Not Available,No,1,2
2986,Falak Venkatesh,Female,26,2021,Manipal Institute of Technology,B.E.,Civil,6.33,1,Yes,Yes,0,5,Linux | Excel | Selenium,Naukri,Meesho,IT/Software,Database Administrator,Full-time,Vadodara,2024-11-20,Online Assessment,Not Available,18,Not Available,447,98,Not Available,Yes,5,3
2988,Kamya Dey,Female,22,2023,Bangalore University,B.Tech,Computer Science,9.36,1,Yes,Yes,1,2,Flutter | Cybersecurity | Power BI | Figma,Indeed,Bosch India,EdTech,UX Designer,Full-time,Hyderabad,2024-02-01,Withdrawn,Not Available,10,Not Available,932,92,Not Available,No,3,1
2990,Jignesh Ramachandran,Male,27,2020,RV College Bangalore,BBA,Finance,5.72,0,No,No,5,4,SQL | Cybersecurity,WorkIndia,Paytm,IT/Software,ML Engineer,Full-time,Visakhapatnam,2023-03-21,Applied,Not Available,15,Not Available,2070,72,Not Available,No,9,3
2992,Bharat Anand,Male,20,2020,NSUT Delhi,BBA,Business Administration,9.46,2,No,Yes,4,5,JavaScript | Deep Learning | Swift,Referral,Accenture,FinTech,Product Manager,Part-time,Visakhapatnam,2024-03-06,Online Assessment,Not Available,3,Not Available,1394,75,Not Available,No,9,4
2993,Chetan Hegde,Male,20,2020,IIT Hyderabad,B.E.,Civil,7.69,2,No,Yes,0,0,Git | Tableau | Data Analysis | Kubernetes | MATLAB,Hirist,BYJU's,Media & Entertainment,ML Engineer,Full-time,Mysuru,2022-03-07,Rejected,5.0,31,Not Available,1474,78,Not Available,No,0,2
2994,Chethan Jain,Male,22,2023,IIM Ahmedabad,B.Sc (IT),Information Technology,6.87,0,No,No,6,4,MongoDB | Flutter | Spark | Leadership | TensorFlow,Naukri,Tata Steel,HealthTech,Database Administrator,Full-time,Ahmedabad,2024-06-20,Withdrawn,Not Available,37,Not Available,1041,96,Not Available,Yes,10,1
2996,Hemant Subramaniam,Male,20,2022,Amity University Noida,M.Tech,Computer Science,9.29,2,No,No,0,1,Bash Scripting | TensorFlow | Selenium | Scala | Spark,Cutshort,Zomato,Logistics,Network Engineer,Full-time,Bhubaneswar,2022-07-17,Applied,Not Available,10,Not Available,2230,69,Not Available,Yes,1,0
2997,Vikram Mehta,Male,25,2022,IIT Kanpur,B.Tech,Information Technology,6.07,3,No,Yes,3,2,PyTorch | Tableau | Networking,Naukri,Nykaa,Banking & Finance,DevOps Engineer,Full-time,Kochi,2022-01-07,Applied,Not Available,12,Not Available,2638,84,Not Available,No,5,0
3003,Umesh Desai,Male,24,2022,SRM University Chennai,BCA,Computer Applications,8.96,0,No,No,4,2,React | Selenium | REST APIs | GraphQL,LinkedIn,Flipkart,Telecom,Business Analyst,Full-time,Gurugram,2023-10-27,Online Assessment,Not Available,37,Not Available,1359,58,No,No,6,1
3010,Alpana Grewal,Female,22,2023,Symbiosis Pune,B.Tech,Data Science,9.51,2,No,Yes,1,4,Spring Boot | Linux | Figma,Apna,Persistent Systems,FinTech,iOS Developer,Part-time,Coimbatore,2023-11-09,Applied,Not Available,34,Not Available,870,85,Not Available,No,5,0
3012,Bindiya Murthy,Female,22,2022,Lovely Professional University,MCA,Computer Applications,5.97,1,No,Yes,6,4,Ruby on Rails | R | Selenium,AngelList,Paytm,Telecom,Android Developer,Internship,Mumbai,2023-02-14,Shortlisted,Not Available,3,Not Available,2231,88,Not Available,No,10,1
3016,Yukti Sharma,Female,24,2021,IIT Madras,B.Com,Finance,9.69,1,No,Yes,3,3,Swift | MATLAB | C++ | Docker,Naukri,1mg,Banking & Finance,Technical Support Engineer,Contract,Visakhapatnam,2023-03-29,Applied,Not Available,45,Not Available,2837,98,Not Available,No,6,2
3018,Bhavna Shah,Female,21,2021,BITS Pilani,M.Tech,Data Science,6.54,0,No,No,5,4,Java | C++,HackerEarth,L&T Infotech,Automotive,Digital Marketing Executive,Contract,Bengaluru,2023-12-05,Technical Interview,2.0,31,Not Available,1085,94,Not Available,No,9,2
3019,Tejas Roy,Male,20,2022,IIIT Bangalore,M.Tech,Data Science,7.27,2,Yes,Yes,1,1,Hadoop | Kubernetes | Figma | Deep Learning | Cybersecurity,LinkedIn,Barclays India,Retail,Content Writer,Full-time,Remote,2023-03-15,Applied,Not Available,36,Not Available,279,64,No,Yes,2,1
3020,Gopal Swamy,Male,24,2021,DTU Delhi,M.Tech,Data Science,9.82,0,No,No,5,0,Node.js | Linux | Kotlin | Git,Cutshort,Tech Mahindra,Automotive,Android Developer,Full-time,Mysuru,2021-02-06,Applied,Not Available,26,Not Available,2255,61,Not Available,No,5,0
3021,Chetan Iyer,Male,22,2024,JNTUH Hyderabad,BCA,Computer Applications,5.68,3,No,No,5,1,React | Communication | Linux,Unstop,Citi India,Manufacturing,iOS Developer,Internship,Remote,2024-02-18,Technical Interview,5.0,28,Not Available,932,60,Not Available,No,6,0
3022,Ananya Shukla,Female,21,2020,Lovely Professional University,B.E.,Civil,8.68,2,No,No,6,0,Linux | SQL,Cutshort,Samsung India,AgriTech,Finance Analyst,Full-time,Surat,2024-09-12,Online Assessment,Not Available,29,Not Available,2256,89,Not Available,No,6,4
3023,Amit Biswas,Male,27,2021,IIT Delhi,BBA,Marketing,8.28,1,No,Yes,5,0,MongoDB | Kubernetes | Azure,LinkedIn,Upstox,HealthTech,Digital Marketing Executive,Full-time,Vadodara,2024-12-11,Withdrawn,Not Available,37,Not Available,1016,63,No,No,5,3
3026,Neeraj Mathur,Male,26,2021,KIIT Bhubaneswar,B.Com,Finance,6.97,0,No,Yes,5,4,Excel | Communication | Laravel | MATLAB | Deep Learning,Unstop,Citi India,Manufacturing,Software Engineer,Part-time,Nagpur,2022-03-09,Applied,Not Available,27,Not Available,2645,80,Not Available,No,9,1
3028,Jyoti Pillai,Female,20,2023,IIIT Bangalore,BCA,Computer Applications,8.81,1,No,Yes,2,2,Bash Scripting | MATLAB | Azure,Monster,Upstox,E-commerce,Content Writer,Internship,Lucknow,2023-01-30,Offer,4.0,33,31431.0,302,63,Not Available,No,4,0
3029,Raghav Dhillon,Male,25,2024,Jadavpur University Kolkata,B.Sc (CS),Computer Science,6.2,0,No,No,3,3,Node.js | REST APIs | Machine Learning | Laravel,AngelList,Siemens India,Logistics,Marketing Analyst,Contract,Lucknow,2024-03-02,Shortlisted,Not Available,21,Not Available,993,93,Not Available,No,6,0
3030,Pranav Shukla,Male,25,2021,NIT Calicut,B.Com,Finance,7.15,0,No,No,0,5,JavaScript | Networking,Naukri,BigBasket,Media & Entertainment,Sales Executive,Internship,Noida,2022-01-14,Applied,Not Available,16,Not Available,1180,61,Not Available,No,5,1
3031,Tejas Dhillon,Male,22,2024,Presidency University Kolkata,B.Com,Finance,8.85,3,No,No,3,2,Kubernetes | Linux | PyTorch | Python,Naukri,NIIT Technologies,Consulting,Full Stack Developer,Internship,Kolkata,2024-03-25,HR Interview,4.0,25,Not Available,1118,59,Not Available,No,5,0
3032,Devika Chaudhary,Female,27,2020,DTU Delhi,M.Tech,Software Engineering,6.7,0,No,Yes,1,2,Spring Boot | Data Analysis | Kotlin | Java | Deep Learning,LinkedIn,Angel One,Telecom,Software Engineer,Internship,Pune,2024-12-15,Shortlisted,Not Available,45,Not Available,1945,62,No,No,3,4
3033,Madhuri Pillai,Female,27,2024,NSUT Delhi,B.E.,Electronics,9.43,0,No,No,5,3,R | Kubernetes,LinkedIn,Meesho,E-commerce,Operations Analyst,Internship,Delhi NCR,2024-01-18,Online Assessment,Not Available,41,Not Available,830,81,No,No,8,0
3036,Riddhi Walia,Female,24,2023,BITS Pilani,B.Com,Commerce,9.58,2,No,No,3,2,Azure | Kubernetes | Django | Tableau | Networking,Indeed,Persistent Systems,Manufacturing,Finance Analyst,Full-time,Jaipur,2024-04-17,HR Interview,2.0,13,Not Available,875,88,Not Available,No,5,1
3037,Utsav Porwal,Male,21,2021,Kalinga University,B.Tech,Electrical Engineering,7.94,1,Yes,No,1,4,PHP | Docker | C++,Naukri,Amazon India,EdTech,Digital Marketing Executive,Full-time,Mumbai,2023-10-21,HR Interview,3.0,26,Not Available,1954,60,Not Available,No,5,2
3038,Neeraj Jain,Male,26,2021,BITS Pilani,M.Tech,Computer Science,5.57,3,No,No,1,5,Spark | GraphQL | Node.js,LinkedIn,Swiggy,AgriTech,Full Stack Developer,Internship,Vadodara,2022-01-01,Rejected,5.0,30,Not Available,2531,89,No,Yes,6,1
3042,Kamlesh Mehta,Male,24,2024,SVNIT Surat,B.Com,Finance,5.74,2,No,Yes,1,3,React | R | Excel,Indeed,Zomato,Media & Entertainment,Marketing Analyst,Internship,Patna,2024-02-26,Applied,Not Available,18,Not Available,2461,82,Not Available,No,4,0
3043,Piyush Dixit,Male,27,2020,Chandigarh University,BBA,Business Administration,7.54,2,No,Yes,0,1,C++ | Flutter | SQL,Naukri,IBM India,Banking & Finance,Android Developer,Full-time,Mumbai,2021-06-14,Applied,Not Available,22,Not Available,2310,95,Not Available,No,1,1
3044,Swati Bose,Female,24,2022,IIM Ahmedabad,B.Sc (CS),Computer Science,8.9,1,No,No,0,2,MongoDB | Data Analysis | Django | Teamwork | Spring Boot,Naukri,Wipro,Telecom,DevOps Engineer,Internship,Bhopal,2022-11-20,Shortlisted,Not Available,44,Not Available,1765,62,Not Available,No,2,0
3046,Itisha Rawat,Female,26,2021,IIIT Bangalore,MBA,Operations,7.63,3,No,No,1,1,Hive | Cybersecurity,Referral,LTIMindtree,Telecom,Digital Marketing Executive,Full-time,Vadodara,2023-06-29,Applied,Not Available,21,Not Available,1819,98,Not Available,No,2,2
3049,Chirag Das,Male,23,2021,Pune University,B.Com,Finance,9.97,2,No,Yes,2,0,R | Selenium | Leadership,Unstop,Urban Company,IT/Software,Marketing Analyst,Full-time,Surat,2021-01-25,Applied,Not Available,30,Not Available,786,76,Not Available,No,2,0
3054,Omna Sundaram,Female,26,2022,JNTUH Hyderabad,B.Sc (IT),Information Technology,5.88,1,No,No,1,4,Linux | Bash Scripting,Naukri,NIIT Technologies,IT/Software,Finance Analyst,Full-time,Kolkata,2023-05-05,Offer,5.0,14,374946.0,2766,88,Not Available,Yes,5,1
3055,Yogesh Sundaram,Male,26,2023,XLRI Jamshedpur,M.Tech,VLSI,5.83,0,No,No,5,4,Data Analysis | Scala | Cybersecurity,HackerEarth,TCS,Telecom,Android Developer,Full-time,Chennai,2023-01-16,Offer,2.0,6,473249.0,1631,93,Not Available,No,9,0
3057,Irfan Sodhi,Male,23,2020,Kalinga University,MBA,Business Analytics,9.42,1,No,No,5,4,Flutter | TensorFlow | PHP | Docker,Internshala,1mg,Media & Entertainment,ML Engineer,Internship,Chandigarh,2023-09-03,Shortlisted,Not Available,20,Not Available,992,69,Not Available,No,9,3
3058,Jay Chauhan,Male,24,2020,SVNIT Surat,B.Sc (IT),Information Technology,8.17,0,Yes,No,5,4,Deep Learning | MongoDB | SQL | Tableau | Swift,Naukri,Absolutdata,HealthTech,Network Engineer,Full-time,Patna,2021-12-25,Applied,Not Available,32,Not Available,2535,84,Not Available,No,9,1
3061,Deepak Kulkarni,Male,20,2021,IIEST Shibpur,BBA,Finance,9.22,1,No,No,0,1,Scala | JavaScript | Excel,Campus Placement,Texas Instruments India,E-commerce,Frontend Developer,Full-time,Visakhapatnam,2022-11-17,HR Interview,3.0,7,Not Available,2316,97,Not Available,No,1,1
3062,Omkar Khanna,Male,25,2020,Kalinga University,BBA,Finance,8.66,2,No,No,6,2,PyTorch | GraphQL | Bash Scripting | Python,LinkedIn,Uber India,Consulting,SEO Analyst,Full-time,Jaipur,2022-05-18,Applied,Not Available,22,Not Available,2007,74,No,No,8,2
3063,Utsav Bansal,Male,23,2021,DTU Delhi,B.Sc (CS),Computer Science,6.19,3,Yes,No,1,0,MongoDB | Node.js | Azure | REST APIs | Networking,LinkedIn,Meesho,Telecom,Sales Executive,Full-time,Chandigarh,2021-02-22,Rejected,2.0,36,Not Available,1204,67,Yes,No,1,0
3064,Rajesh Bhatia,Male,27,2022,Jadavpur University Kolkata,B.Tech,Chemical Engineering,7.98,3,No,No,3,5,R | PyTorch,Naukri,Accenture,Logistics,Database Administrator,Internship,Nagpur,2022-06-02,Withdrawn,Not Available,30,Not Available,1342,98,Not Available,Yes,8,0
3065,Chirag Subramaniam,Male,24,2021,Lovely Professional University,B.E.,Computer Science,8.65,0,No,No,4,3,React | TypeScript | TensorFlow | Kotlin | Communication,Cutshort,Delhivery,Manufacturing,Content Writer,Full-time,Delhi NCR,2023-02-24,Applied,Not Available,30,Not Available,2562,85,Not Available,Yes,7,2
3066,Natasha Lal,Female,25,2022,IIT Kanpur,MBA,HR,5.77,1,No,Yes,3,1,REST APIs | Docker | Tableau | PyTorch,Foundit,NIIT Technologies,Retail,iOS Developer,Contract,Chennai,2024-02-15,Rejected,3.0,20,Not Available,1727,61,Not Available,No,4,2
3071,Simran Trivedi,Female,24,2022,SP Jain Mumbai,B.Sc (IT),Information Technology,9.94,0,No,Yes,1,1,REST APIs | Machine Learning | Teamwork | Azure,Campus Placement,HDFC Bank,IT/Software,Marketing Analyst,Full-time,Visakhapatnam,2023-05-05,Rejected,1.0,43,Not Available,130,75,Not Available,No,2,1
3072,Khushi Rao,Female,20,2023,IIIT Bangalore,BBA,Marketing,8.57,2,No,No,2,2,Spring Boot | Communication | Deep Learning | Azure,Naukri,Swiggy,AgriTech,QA Engineer,Internship,Coimbatore,2023-08-04,HR Interview,1.0,8,Not Available,2741,60,Not Available,No,4,0
3073,Chetan Dey,Male,24,2024,Nirma University Ahmedabad,B.Tech,Data Science,5.89,2,No,No,4,4,Django | Flutter | Linux,LinkedIn,Ola,FinTech,Database Administrator,Full-time,Remote,2024-09-13,Technical Interview,1.0,30,Not Available,720,75,No,No,8,0
3079,Urvashi Hegde,Female,20,2020,Presidency University Kolkata,M.Tech,AI/ML,7.35,2,No,No,2,4,R | Node.js | Teamwork,Naukri,NIIT Technologies,HealthTech,HR Executive,Full-time,Gurugram,2024-12-13,Withdrawn,Not Available,39,Not Available,2997,75,Not Available,No,6,4
3080,Mukesh Patel,Prefer not to say,21,2021,RV College Bangalore,MBA,Business Analytics,9.25,3,No,No,3,4,PHP | Python | Linux | Flutter,AngelList,Mphasis,Logistics,Backend Developer,Contract,Pune,2024-01-19,Rejected,2.0,20,Not Available,2155,85,Not Available,No,7,3
3081,Tejas Tiwari,Male,22,2022,IIEST Shibpur,BBA,Finance,8.4,0,Yes,No,5,0,PHP | Networking | Problem Solving | JavaScript | Python,HackerEarth,Infosys,Consulting,Embedded Engineer,Internship,Bhopal,2024-11-29,Rejected,2.0,7,Not Available,2396,94,Not Available,Yes,5,2
3082,Firoz Bose,Male,21,2020,SP Jain Mumbai,MCA,Computer Applications,9.23,1,No,Yes,2,2,Problem Solving | MongoDB | Hadoop | Bash Scripting | GraphQL,Cutshort,ICICI Bank,Automotive,Android Developer,Internship,Mysuru,2024-10-18,Shortlisted,Not Available,40,Not Available,2010,57,Not Available,No,4,4
3084,Indira Sandhu,Female,25,2020,Jadavpur University Kolkata,BBA,Business Administration,7.65,0,No,Yes,2,5,Selenium | Node.js | TensorFlow | Excel,Referral,Morgan Stanley India,Banking & Finance,HR Executive,Full-time,Ahmedabad,2023-03-07,Offer,1.0,20,331065.0,185,67,Not Available,No,7,3
3085,Naveen Rajan,Male,22,2023,IIT Bombay,BBA,Business Administration,7.71,0,No,No,6,2,AWS | Linux,Indeed,Siemens India,FinTech,Operations Analyst,Full-time,Lucknow,2023-07-31,Online Assessment,Not Available,24,Not Available,1446,65,Not Available,No,8,0
3087,Mohini Mishra,Female,26,2020,KIIT Bhubaneswar,B.Tech,Civil Engineering,6.14,0,No,Yes,1,1,Teamwork | TypeScript | Kubernetes | PyTorch | Flutter,Internshala,Tiger Analytics,Retail,Frontend Developer,Full-time,Ahmedabad,2022-06-05,Online Assessment,Not Available,29,Not Available,620,73,Not Available,No,2,2
3093,Gargi Anand,Female,23,2022,Manipal Institute of Technology,B.Tech,Data Science,7.74,0,Yes,No,6,1,Tableau | Machine Learning | Communication | Hadoop | Power BI,Monster,Barclays India,Media & Entertainment,SEO Analyst,Full-time,Delhi NCR,2023-02-01,Online Assessment,Not Available,27,Not Available,2874,91,Not Available,No,7,1
3094,Ruhi Jain,Female,22,2022,IIT Kharagpur,B.Sc (IT),Information Technology,5.86,3,Yes,Yes,1,3,Problem Solving | Swift,LinkedIn,Bosch India,Consulting,ML Engineer,Contract,Bengaluru,2023-05-09,Online Assessment,Not Available,4,Not Available,1720,98,No,No,4,1
3095,Jyoti Reddy,Female,22,2020,IIM Bangalore,BCA,Computer Applications,9.75,3,No,No,1,2,Cybersecurity | Spring Boot,LinkedIn,Uber India,HealthTech,Content Writer,Part-time,Vadodara,2021-08-26,Applied,Not Available,9,Not Available,1658,68,No,No,3,1
3097,Onkar Mehta,Male,22,2020,NIT Trichy,B.Tech,Civil Engineering,8.85,0,No,Yes,3,1,Data Analysis | Scala | Spring Boot | Docker | PyTorch,Indeed,Persistent Systems,Consulting,Sales Executive,Full-time,Bhubaneswar,2022-06-11,Applied,Not Available,38,Not Available,1389,90,Not Available,No,4,2
3098,Yogesh Bhatia,Male,25,2020,MNNIT Allahabad,B.Sc (IT),Information Technology,7.4,2,No,No,3,0,Linux | PyTorch,HackerEarth,Groww,Media & Entertainment,Technical Support Engineer,Internship,Chandigarh,2024-01-21,Shortlisted,Not Available,43,Not Available,345,80,Not Available,No,3,4
3099,Farhan Bhatt,Male,21,2022,Pune University,B.E.,Civil,7.87,3,Yes,Yes,6,3,Scala | MATLAB | Problem Solving,Unstop,Zerodha,FinTech,HR Executive,Full-time,Mumbai,2023-11-29,Applied,Not Available,40,Not Available,629,71,Not Available,No,9,1
3100,Kavya Patel,Female,21,2022,MDI Gurgaon,B.Sc (IT),Information Technology,6.23,2,No,No,1,1,Kotlin | Problem Solving,Referral,Groww,Telecom,Product Manager,Part-time,Chandigarh,2022-01-20,Applied,Not Available,43,Not Available,2659,55,Not Available,Yes,2,0
3101,Alpana Bhatia,Female,24,2024,BIT Mesra Ranchi,B.Tech,Mechanical Engineering,8.81,2,No,Yes,5,2,Hive | Machine Learning | Laravel | JavaScript | Teamwork,Referral,Mu Sigma,Telecom,Product Manager,Full-time,Gurugram,2024-05-24,Rejected,5.0,9,Not Available,1511,61,Not Available,No,7,0
3102,Gouri Krishnan,Female,24,2021,NSUT Delhi,B.Tech,Electronics & Communication,8.65,3,No,No,6,4,PHP | REST APIs | TypeScript | Flutter,LinkedIn,NIIT Technologies,Consulting,Operations Analyst,Full-time,Pune,2022-06-28,Online Assessment,Not Available,24,Not Available,964,57,No,No,10,1
3103,Harsha Ghosh,Female,23,2020,Manipal Institute of Technology,B.Tech,Computer Science,5.73,2,No,Yes,5,3,Data Analysis | Swift | Deep Learning | Hadoop | PyTorch,Internshala,Cure.fit,Consulting,Business Analyst,Contract,Pune,2023-11-21,Rejected,2.0,35,Not Available,1153,72,Not Available,Yes,8,3
3104,Ekansh Naik,Male,26,2020,NIT Trichy,B.Com,Accounting,8.21,3,No,No,6,3,Data Analysis | Django | GraphQL | Problem Solving | Leadership,Indeed,Axis Bank,HealthTech,Frontend Developer,Full-time,Chandigarh,2022-04-17,Shortlisted,Not Available,20,Not Available,1794,64,Not Available,No,9,2
3105,Ojaswini Chaudhary,Female,22,2023,VIT Vellore,MBA,Strategy,8.19,3,No,Yes,4,4,JavaScript | Node.js,Referral,NIIT Technologies,Automotive,Technical Support Engineer,Internship,Indore,2023-05-28,Technical Interview,2.0,8,Not Available,1363,81,Not Available,No,8,0
3107,Kartik Rajan,Male,22,2022,BITS Goa,B.Sc (CS),Computer Science,9.78,0,No,No,0,4,TensorFlow | Leadership,LinkedIn,Absolutdata,Automotive,Technical Support Engineer,Part-time,Bhopal,2024-03-29,Shortlisted,Not Available,30,Not Available,2752,84,No,No,4,2
3108,Pooja Thakur,Female,20,2021,IIT Hyderabad,B.Com,Commerce,7.67,1,No,No,5,1,Hadoop | Cybersecurity,LinkedIn,Absolutdata,Media & Entertainment,Systems Engineer,Full-time,Patna,2023-08-07,Applied,Not Available,2,Not Available,2197,80,No,No,6,2
3109,Urvashi Khatri,Female,23,2024,Kalinga University,B.Tech,Mechanical Engineering,8.0,1,No,No,4,0,PHP | GraphQL | Kubernetes | MATLAB | Deep Learning,Indeed,Zerodha,Consulting,Digital Marketing Executive,Contract,Bengaluru,2024-07-30,Applied,Not Available,41,Not Available,153,74,Not Available,No,4,0
3112,Yash Yadav,Male,24,2023,MDI Gurgaon,B.E.,Civil,7.8,0,No,No,0,5,JavaScript | Excel | Swift,Internshala,Morgan Stanley India,Banking & Finance,Recruiter,Full-time,Coimbatore,2024-11-03,Shortlisted,Not Available,18,Not Available,1978,59,Not Available,No,5,1
3113,Ishita Sundaram,Female,26,2024,Manipal Institute of Technology,B.Com,Accounting,9.84,3,No,No,2,3,Node.js | Hive | PyTorch | Laravel | Kubernetes,HackerEarth,IBM India,AgriTech,ML Engineer,Full-time,Nagpur,2024-07-20,Technical Interview,2.0,14,Not Available,375,76,Not Available,No,5,0
3115,Aditya Venkatesh,Male,21,2020,SP Jain Mumbai,MBA,Business Analytics,8.49,3,No,Yes,4,5,Leadership | Tableau | JavaScript,Campus Placement,Mu Sigma,Telecom,SEO Analyst,Full-time,Indore,2023-09-29,Applied,Not Available,16,Not Available,2480,88,Not Available,No,9,3
3117,Firoz Sodhi,Male,27,2021,NIT Surathkal,MBA,Strategy,7.38,0,No,No,5,0,Azure | Leadership | Swift | React,Internshala,ICICI Bank,Manufacturing,DevOps Engineer,Full-time,Patna,2023-07-22,Shortlisted,Not Available,9,Not Available,538,87,Not Available,No,5,2
3120,Geeta Dubey,Female,24,2021,COEP Pune,BCA,Computer Applications,7.7,3,No,No,5,1,Power BI | C++,Campus Placement,Absolutdata,Consulting,Embedded Engineer,Full-time,Remote,2022-02-22,Technical Interview,2.0,35,Not Available,1729,90,Not Available,No,6,1
3122,Lokesh Dixit,Male,20,2024,Anna University Chennai,M.Tech,Data Science,5.98,2,No,No,3,1,Linux | Docker | Azure,Naukri,Zerodha,Media & Entertainment,iOS Developer,Full-time,Chandigarh,2024-08-19,Rejected,1.0,9,Not Available,312,64,Not Available,No,4,0
3123,Sachin Ramachandran,Male,21,2022,IIT Delhi,B.Sc (IT),Information Technology,8.18,3,No,Yes,0,5,R | Docker | PyTorch,Campus Placement,Infosys,Automotive,Finance Analyst,Full-time,Noida,2023-10-26,Technical Interview,3.0,27,Not Available,1444,91,Not Available,No,5,1
3124,Devika Thakur,Female,27,2020,IIT Kanpur,M.Tech,Data Science,7.62,2,No,No,5,4,Communication | Networking | Docker | Linux | Swift,LinkedIn,Tiger Analytics,HealthTech,Full Stack Developer,Full-time,Pune,2023-12-31,Shortlisted,Not Available,43,Not Available,68,62,No,No,9,3
3125,Firoz Tiwari,Male,20,2020,NIT Warangal,B.E.,Computer Science,7.5,3,No,Yes,3,3,AWS | Python,Naukri,TCS,Automotive,Technical Support Engineer,Internship,Chennai,2023-12-19,Offer,3.0,12,11409.0,2941,77,Not Available,Yes,6,3
3126,Vikram Kapoor,Male,21,2021,Bangalore University,BCA,Computer Applications,6.61,1,No,Yes,5,5,Ruby on Rails | PyTorch | Kotlin | Spark | Spring Boot,AngelList,Accenture,E-commerce,ML Engineer,Part-time,Chandigarh,2024-03-28,Online Assessment,Not Available,34,Not Available,2827,80,Not Available,Yes,10,3
3127,Rohan Shukla,Male,26,2024,NIT Surathkal,MBA,Marketing,8.7,0,No,Yes,3,2,Linux | Cybersecurity | Networking,Referral,MakeMyTrip,Manufacturing,Embedded Engineer,Full-time,Hyderabad,2024-04-02,Applied,Not Available,21,Not Available,242,91,Not Available,Yes,5,0
3129,Raghav Das,Male,22,2022,IIIT Bangalore,B.Com,Commerce,6.25,1,No,Yes,4,0,TensorFlow | SQL | MATLAB | AWS | GraphQL,AngelList,Practo,IT/Software,Operations Analyst,Internship,Bhubaneswar,2022-04-06,Technical Interview,1.0,26,Not Available,481,64,Not Available,No,4,0
3131,Jagdish Natarajan,Male,23,2021,XLRI Jamshedpur,MBA,Strategy,8.76,0,Yes,No,6,1,Cybersecurity | Python | Machine Learning | Communication | Hive,Referral,Hexaware,E-commerce,Network Engineer,Full-time,Chennai,2022-03-27,Shortlisted,Not Available,27,Not Available,986,100,Not Available,No,7,1
3132,Nikhil Iyer,Male,24,2023,IIT Madras,B.E.,Computer Science,7.73,1,No,Yes,4,3,Hive | Node.js | Bash Scripting,Referral,Wipro,Logistics,iOS Developer,Full-time,Vadodara,2024-07-30,Applied,Not Available,41,Not Available,1829,64,Not Available,No,7,1
3133,Jhanvi Thakur,Female,26,2023,BITS Pilani,BCA,Computer Applications,8.43,0,Yes,No,2,1,Azure | SQL,HackerEarth,HCL Technologies,AgriTech,Operations Analyst,Full-time,Chennai,2023-06-15,Shortlisted,Not Available,15,Not Available,2455,78,Not Available,No,3,0
3134,Kamya Agarwal,Prefer not to say,23,2021,RV College Bangalore,MCA,Computer Applications,8.61,3,No,Yes,3,1,Docker | GraphQL,Indeed,HDFC Bank,FinTech,Content Writer,Part-time,Surat,2021-11-07,Applied,Not Available,5,Not Available,2016,85,Not Available,No,4,0
3135,Eshan Bhatt,Male,23,2021,Mumbai University,B.Sc (IT),Information Technology,7.98,3,No,Yes,5,2,Spark | Git | Ruby on Rails | Swift | Scala,Internshala,Mindtree,Consulting,Network Engineer,Internship,Indore,2021-04-20,Online Assessment,Not Available,25,Not Available,2718,90,Not Available,No,7,0
3136,Deepika Krishnan,Female,25,2023,Chandigarh University,B.Sc (CS),Computer Science,8.76,1,No,No,0,0,REST APIs | TypeScript,Foundit,Infosys,Media & Entertainment,Cloud Engineer,Internship,Chandigarh,2023-05-01,Technical Interview,2.0,4,Not Available,943,75,Not Available,No,0,0
3137,Eisha Jain,Female,20,2021,Bangalore University,MBA,HR,7.66,0,No,Yes,3,1,R | Spark | Kubernetes,LinkedIn,Citi India,Logistics,Operations Analyst,Full-time,Bhopal,2021-04-23,Technical Interview,1.0,14,Not Available,1960,78,No,No,4,0
3138,Pooja Patil,Female,22,2022,Manipal Institute of Technology,MCA,Computer Applications,8.83,2,No,Yes,6,5,Problem Solving | TypeScript | REST APIs | PHP | Hadoop,Unstop,ICICI Bank,Automotive,Finance Analyst,Full-time,Noida,2023-11-05,Applied,Not Available,8,Not Available,2151,63,Not Available,No,11,1
3139,Tanvi Swamy,Female,21,2022,RV College Bangalore,MBA,Finance,9.89,0,No,Yes,4,3,Communication | R | Problem Solving,LinkedIn,Tech Mahindra,Media & Entertainment,SEO Analyst,Internship,Surat,2024-02-23,Applied,Not Available,31,Not Available,2780,92,No,Yes,7,2
3140,Vijay Venkatesh,Male,23,2020,BIT Mesra Ranchi,BBA,Business Administration,7.51,1,No,No,6,1,Cybersecurity | Flutter,Naukri,Bajaj Finserv,AgriTech,ML Engineer,Full-time,Nagpur,2024-10-25,Online Assessment,Not Available,3,Not Available,1510,78,Not Available,No,7,4
3143,Mayank Venkatesh,Male,22,2020,XLRI Jamshedpur,BCA,Computer Applications,7.12,2,No,Yes,5,3,Figma | Node.js | Communication,LinkedIn,Texas Instruments India,Retail,DevOps Engineer,Contract,Noida,2021-07-24,HR Interview,4.0,24,Not Available,2076,65,No,No,8,1
3147,Tushar Lal,Male,25,2021,DTU Delhi,MCA,Computer Applications,6.81,0,No,No,5,0,Machine Learning | GraphQL | Git,HackerEarth,Delhivery,IT/Software,ML Engineer,Full-time,Lucknow,2024-05-24,Technical Interview,4.0,13,Not Available,408,92,Not Available,No,5,3
3150,Girish Chaudhary,Male,20,2023,NSUT Delhi,MCA,Computer Applications,9.8,3,No,Yes,0,3,Spring Boot | Networking | TypeScript | GraphQL | Excel,Unstop,Swiggy,IT/Software,UX Designer,Internship,Remote,2024-12-09,Online Assessment,Not Available,35,Not Available,853,99,Not Available,No,3,1
3151,Jyoti Lodha,Female,25,2021,IIIT Bangalore,B.Sc (CS),Computer Science,7.66,0,No,No,6,2,Communication | REST APIs,Naukri,Citi India,E-commerce,Content Writer,Part-time,Noida,2022-01-25,Online Assessment,Not Available,29,Not Available,1026,92,Not Available,Yes,8,1
3153,Charmi Pandey,Female,23,2022,IIEST Shibpur,MBA,HR,6.04,3,No,No,5,5,REST APIs | Python | Machine Learning | Swift,Cutshort,Ola,Media & Entertainment,iOS Developer,Internship,Hyderabad,2022-09-23,Shortlisted,Not Available,9,Not Available,698,88,Not Available,No,10,0
3154,Sagar Dubey,Male,24,2021,Christ University Bangalore,B.Tech,Civil Engineering,9.51,0,No,No,4,2,MongoDB | Selenium | Kubernetes | TypeScript | Deep Learning,Indeed,Bosch India,Automotive,Sales Executive,Full-time,Remote,2024-07-07,Offer,5.0,41,719728.0,2145,89,Not Available,No,6,3
3155,Mohini Swamy,Female,22,2024,BITS Pilani,B.Com,Finance,8.14,3,No,No,3,0,Java | R | Flutter | Bash Scripting,LinkedIn,Absolutdata,EdTech,Recruiter,Full-time,Bhubaneswar,2024-01-10,Applied,Not Available,1,Not Available,1540,95,No,Yes,3,0
3157,Lata Sodhi,Female,26,2023,MNNIT Allahabad,MBA,Strategy,7.04,3,No,No,2,5,Data Analysis | PHP | Hive,Campus Placement,Texas Instruments India,Automotive,Software Engineer,Full-time,Indore,2023-04-27,Applied,Not Available,9,Not Available,583,78,Not Available,No,7,0
3158,Ananya Kapoor,Female,22,2021,MDI Gurgaon,M.Tech,VLSI,8.12,2,No,Yes,2,2,Machine Learning | Bash Scripting | Azure | AWS,Naukri,LTIMindtree,Telecom,Recruiter,Internship,Gurugram,2021-11-24,Applied,Not Available,24,Not Available,2856,87,Not Available,No,4,0
3160,Mansi Bhatia,Female,26,2023,BIT Mesra Ranchi,MBA,HR,5.71,3,No,Yes,5,3,Docker | Kotlin,Unstop,Zomato,FinTech,ML Engineer,Internship,Bhopal,2024-08-26,Withdrawn,Not Available,11,Not Available,1008,75,Not Available,No,8,1
3166,Hemant Das,Male,23,2022,Symbiosis Pune,BBA,Marketing,8.58,3,No,Yes,4,2,TypeScript | R,Campus Placement,Zomato,EdTech,Frontend Developer,Contract,Bengaluru,2022-11-14,Online Assessment,Not Available,14,Not Available,2062,71,Not Available,No,6,0
3167,Indira Natarajan,Female,20,2022,RV College Bangalore,BCA,Computer Applications,7.29,2,No,Yes,1,3,TypeScript | Python | Hadoop,LinkedIn,BigBasket,E-commerce,Software Engineer,Full-time,Mumbai,2024-06-22,Applied,Not Available,24,Not Available,1916,69,No,No,4,2
3169,Ekta Krishnan,Female,24,2020,Pune University,B.Sc (IT),Information Technology,7.66,0,Yes,No,1,3,PHP | Selenium,Shine,Tech Mahindra,HealthTech,Business Analyst,Internship,Surat,2023-04-20,Shortlisted,Not Available,30,Not Available,873,90,Not Available,No,4,3
3172,Charmi Goyal,Female,23,2023,NIT Calicut,BCA,Computer Applications,9.13,0,No,No,2,3,Kotlin | Flutter | Bash Scripting | MongoDB | Swift,Unstop,HDFC Bank,Media & Entertainment,Backend Developer,Full-time,Indore,2023-01-24,Online Assessment,Not Available,6,Not Available,1261,60,Not Available,No,5,0
3175,Yogesh Kumar,Male,20,2020,IIIT Bangalore,B.Sc (IT),Information Technology,6.41,1,No,No,4,3,Python | Azure | Flutter | Tableau,LinkedIn,Barclays India,EdTech,Software Engineer,Full-time,Vadodara,2024-03-19,Applied,Not Available,36,Not Available,343,87,Yes,Yes,7,4
3176,Wahida Joshi,Female,25,2020,NIT Warangal,MBA,Marketing,8.0,1,No,Yes,2,2,Hive | TypeScript | Selenium | Hadoop | Kubernetes,Campus Placement,L&T Infotech,Automotive,ML Engineer,Internship,Vadodara,2024-09-11,Shortlisted,Not Available,17,Not Available,1497,75,Not Available,No,4,4
3178,Kamlesh Krishnan,Male,26,2020,IIEST Shibpur,B.Com,Finance,9.23,0,No,No,1,3,Excel | Problem Solving | Node.js | Cybersecurity,Internshala,Morgan Stanley India,E-commerce,Digital Marketing Executive,Full-time,Jaipur,2021-02-09,Offer,5.0,8,786836.0,1244,89,Not Available,No,4,1
3179,Gouri Yadav,Female,21,2024,Lovely Professional University,BBA,Marketing,9.9,1,No,Yes,3,1,Selenium | Data Analysis | Java | Figma,Naukri,Persistent Systems,Manufacturing,Android Developer,Internship,Delhi NCR,2024-10-07,Online Assessment,Not Available,3,Not Available,2261,58,Not Available,No,4,0
3186,Yogesh Lal,Male,21,2023,Osmania University Hyderabad,B.E.,Civil,9.1,0,No,No,3,5,Python | GraphQL | JavaScript,LinkedIn,Mphasis,Telecom,ML Engineer,Internship,Gurugram,2023-01-05,Applied,Not Available,6,Not Available,2462,61,No,No,8,0
3190,Falguni Oberoi,Female,25,2020,DTU Delhi,B.Sc (IT),Information Technology,6.7,2,No,No,1,2,Cybersecurity | Teamwork | PyTorch,LinkedIn,Microsoft India,Banking & Finance,Digital Marketing Executive,Internship,Pune,2022-03-31,HR Interview,3.0,7,Not Available,1023,86,No,No,3,2
3191,Mohit Lal,Male,21,2021,Amity University Noida,B.Sc (CS),Computer Science,7.9,3,No,No,1,1,MongoDB | Problem Solving,Campus Placement,Meesho,Automotive,Data Scientist,Full-time,Mysuru,2021-04-30,HR Interview,2.0,41,Not Available,2079,85,Not Available,Yes,2,0
3192,Babita Shukla,Female,20,2023,SRM University Chennai,MBA,Finance,7.19,2,No,No,2,2,Ruby on Rails | Data Analysis | JavaScript | Cybersecurity,LinkedIn,Tiger Analytics,IT/Software,Database Administrator,Full-time,Vadodara,2023-02-06,Applied,Not Available,35,Not Available,530,63,Yes,No,4,0
3196,Sachin Sodhi,Male,23,2022,IIT Bombay,BCA,Computer Applications,7.44,1,No,No,6,1,PHP | SQL | Communication | PyTorch | Hadoop,Naukri,Cure.fit,Consulting,Embedded Engineer,Full-time,Visakhapatnam,2023-12-15,Applied,Not Available,26,Not Available,1308,90,Not Available,No,7,1
3198,Vinay Garg,Male,20,2020,NSUT Delhi,B.Sc (IT),Information Technology,9.63,0,Yes,Yes,5,1,Linux | Flutter | Power BI | Data Analysis | Machine Learning,Unstop,Absolutdata,AgriTech,Content Writer,Internship,Mysuru,2023-06-18,HR Interview,4.0,6,Not Available,1309,82,Not Available,No,6,3
3199,Kavya Chauhan,Female,21,2021,COEP Pune,MCA,Computer Applications,8.59,1,No,No,5,2,Kubernetes | Deep Learning | Linux,Internshala,HDFC Bank,Media & Entertainment,Cybersecurity Analyst,Full-time,Chennai,2021-10-20,Rejected,1.0,5,Not Available,2023,58,Not Available,No,7,0
3200,Jatin Dey,Male,20,2022,DTU Delhi,BBA,Finance,5.79,3,No,No,4,3,JavaScript | Django | Cybersecurity | Tableau | Azure,Indeed,Zerodha,FinTech,SEO Analyst,Full-time,Bhopal,2024-05-07,Applied,Not Available,27,Not Available,2164,99,Not Available,No,7,2
3203,Balram Balakrishnan,Male,20,2021,Lovely Professional University,MCA,Computer Applications,8.82,0,Yes,Yes,0,2,Excel | Teamwork | Deep Learning | Machine Learning | Linux,LinkedIn,Uber India,Retail,Finance Analyst,Contract,Hyderabad,2024-10-03,Online Assessment,Not Available,29,Not Available,1059,62,No,No,2,3
3205,Vishal Das,Male,24,2020,Bangalore University,B.Tech,Information Technology,8.09,0,No,No,5,4,Scala | Ruby on Rails,LinkedIn,1mg,Automotive,QA Engineer,Internship,Remote,2021-11-03,Rejected,4.0,41,Not Available,331,83,No,No,9,1
3206,Chetna Patil,Female,25,2020,SP Jain Mumbai,B.Tech,Electronics & Communication,5.5,1,Yes,No,0,1,Problem Solving | C++ | Selenium,Internshala,Morgan Stanley India,E-commerce,Operations Analyst,Internship,Indore,2022-05-22,Applied,Not Available,32,Not Available,1336,91,Not Available,No,1,2
3210,Tanya Bhatnagar,Female,24,2021,IIT Kanpur,M.Tech,Computer Science,9.76,3,No,Yes,3,3,Java | MATLAB | TensorFlow | TypeScript | Figma,Internshala,Delhivery,Automotive,UX Designer,Internship,Pune,2023-11-25,Shortlisted,Not Available,4,Not Available,2238,65,Not Available,No,6,2
3211,Nidhi Grewal,Female,20,2020,Amity University Noida,B.Sc (IT),Information Technology,5.79,3,No,Yes,0,2,Machine Learning | Communication | JavaScript,Referral,Tiger Analytics,AgriTech,Recruiter,Full-time,Kochi,2021-02-11,Offer,2.0,17,674580.0,233,79,Not Available,No,2,1
3212,Mukesh Sengupta,Male,26,2021,RV College Bangalore,B.Tech,Computer Science,6.42,0,No,No,3,2,Flutter | JavaScript | REST APIs | Selenium | Spring Boot,Indeed,Mphasis,Retail,ML Engineer,Contract,Kolkata,2024-10-11,Technical Interview,3.0,6,Not Available,641,92,Not Available,No,5,3
3213,Esha Oswal,Female,26,2022,RV College Bangalore,BBA,Marketing,8.15,3,No,No,0,1,Git | Problem Solving | Power BI | Leadership,LinkedIn,Barclays India,Logistics,iOS Developer,Full-time,Mysuru,2022-01-14,Shortlisted,Not Available,24,Not Available,2958,90,Yes,No,1,0
3214,Sneha Venkatesh,Female,26,2024,NSUT Delhi,M.Tech,Data Science,8.9,3,No,Yes,2,0,Python | MATLAB,LinkedIn,Meesho,Manufacturing,Cybersecurity Analyst,Contract,Coimbatore,2024-06-13,Shortlisted,Not Available,21,Not Available,2104,58,Yes,No,2,0
3216,Farhan Sethi,Male,24,2020,IIM Calcutta,B.Com,Finance,6.2,2,No,Yes,2,3,Kubernetes | Scala,Freshersworld,Zomato,Manufacturing,Business Analyst,Full-time,Remote,2021-11-22,Withdrawn,Not Available,24,Not Available,1213,90,Not Available,No,5,1
3221,Darshan Grewal,Male,26,2021,VIT Vellore,M.Tech,VLSI,9.95,2,No,No,6,1,Excel | Django | Hive | Bash Scripting | MATLAB,LinkedIn,Paytm,Media & Entertainment,Content Writer,Internship,Chennai,2023-07-26,HR Interview,1.0,17,Not Available,2206,57,No,No,7,2
3222,Natasha Choudhury,Female,25,2022,Amity University Noida,BBA,Marketing,8.37,2,No,No,5,0,Figma | Teamwork | Machine Learning | GraphQL | Tableau,LinkedIn,Axis Bank,Retail,Cloud Engineer,Full-time,Lucknow,2023-08-30,Shortlisted,Not Available,1,Not Available,281,97,No,No,5,1
3224,Khushi Choudhury,Female,25,2023,PES University Bangalore,MCA,Computer Applications,8.76,2,No,No,2,1,Spark | Laravel | Ruby on Rails,Cutshort,Amazon India,Logistics,Network Engineer,Full-time,Visakhapatnam,2023-05-06,Online Assessment,Not Available,1,Not Available,1270,74,Not Available,No,3,0
3226,Deepika Agarwal,Female,25,2020,IIT Madras,MBA,Business Analytics,9.47,1,No,No,4,4,C++ | JavaScript | Django | Teamwork | AWS,Naukri,Upstox,Retail,Operations Analyst,Internship,Coimbatore,2021-04-14,Offer,5.0,23,19471.0,121,86,Not Available,No,8,1
3229,Abhinav Kapoor,Male,24,2021,BITS Hyderabad,BBA,Finance,9.82,1,No,Yes,5,2,Figma | Leadership,Naukri,ICICI Bank,Retail,Product Manager,Contract,Chennai,2022-09-05,Shortlisted,Not Available,39,Not Available,2554,95,Not Available,No,7,1
3230,Brijesh Yadav,Male,25,2023,IIT Hyderabad,B.Com,Finance,9.3,1,No,Yes,1,1,SQL | Spark | Kubernetes,LinkedIn,Microsoft India,Media & Entertainment,HR Executive,Full-time,Remote,2023-12-24,Rejected,3.0,35,Not Available,2740,93,No,No,2,0
3231,Lata Subramaniam,Female,24,2020,SP Jain Mumbai,BBA,Business Administration,8.55,0,No,Yes,6,3,React | Java | Laravel,LinkedIn,Ola,Logistics,SEO Analyst,Full-time,Hyderabad,2022-11-15,Applied,Not Available,12,Not Available,1259,98,No,No,9,2
3232,Yamini Reddy,Female,24,2020,Chandigarh University,B.Sc (CS),Computer Science,7.01,2,No,No,0,2,Networking | REST APIs | Leadership | Kotlin,Naukri,Bajaj Finserv,Retail,Recruiter,Full-time,Remote,2024-08-07,Shortlisted,Not Available,25,Not Available,2013,59,Not Available,No,2,4
3236,Usha Biswas,Female,26,2021,MDI Gurgaon,B.E.,Computer Science,7.81,3,No,No,6,2,Machine Learning | C++ | Flutter | Networking,Shine,Qualcomm India,Media & Entertainment,Content Writer,Internship,Lucknow,2024-10-31,Applied,Not Available,37,Not Available,2919,96,Not Available,No,8,3
3237,Umesh Patel,Male,24,2023,IIIT Allahabad,B.E.,Electrical,7.45,3,No,No,5,5,Deep Learning | Spring Boot | Power BI | Spark | Hive,LinkedIn,Google India,Manufacturing,Business Analyst,Full-time,Gurugram,2024-10-05,Applied,Not Available,30,Not Available,1172,93,No,No,10,1
3238,Kamlesh Mukherjee,Male,24,2020,BITS Goa,MBA,Strategy,9.53,2,Yes,No,2,0,MATLAB | Bash Scripting,Indeed,Practo,Media & Entertainment,Technical Support Engineer,Full-time,Coimbatore,2023-09-02,Technical Interview,2.0,25,Not Available,1337,61,Not Available,No,2,3
3239,Amrita Rawat,Female,22,2022,BITS Hyderabad,M.Tech,AI/ML,8.59,0,No,Yes,3,2,Node.js | Hive | REST APIs | Power BI | Selenium,IIMJobs,IBM India,Manufacturing,Technical Support Engineer,Full-time,Lucknow,2024-08-08,Shortlisted,Not Available,37,Not Available,2816,69,Not Available,Yes,5,2
3241,Bhumi Bose,Female,26,2020,HBTU Kanpur,MCA,Computer Applications,8.29,2,No,Yes,1,5,Kotlin | Problem Solving,LinkedIn,Zomato,Media & Entertainment,Product Manager,Internship,Noida,2024-11-25,HR Interview,3.0,10,Not Available,2138,92,No,No,6,4
3242,Jay Bhatt,Male,26,2020,IIT Roorkee,M.Tech,Computer Science,9.16,1,No,Yes,4,1,React | Figma | Networking,LinkedIn,Paytm,Media & Entertainment,Content Writer,Internship,Noida,2021-05-29,Withdrawn,Not Available,25,Not Available,1570,80,No,No,5,1
3246,Kamlesh Choudhury,Male,26,2022,IIT Kharagpur,B.Sc (IT),Information Technology,9.21,1,No,No,1,1,PyTorch | Laravel | C++,Internshala,Coforge,EdTech,Data Scientist,Full-time,Chennai,2024-08-04,Online Assessment,Not Available,29,Not Available,1860,81,Not Available,No,2,2
3247,Qasim Tiwari,Male,20,2021,Bangalore University,MCA,Computer Applications,5.78,2,No,Yes,3,4,Kubernetes | JavaScript | Communication | Kotlin,Unstop,Freshworks,Consulting,Backend Developer,Full-time,Surat,2024-06-16,Online Assessment,Not Available,8,Not Available,2670,79,Not Available,No,7,3
3250,Tejas Bisht,Male,20,2022,Thapar University,BBA,Finance,9.23,3,No,No,2,1,Linux | Figma | TensorFlow | Communication | React,Naukri,Mphasis,Telecom,Software Engineer,Internship,Coimbatore,2024-06-26,Applied,Not Available,4,Not Available,1927,93,Not Available,No,3,2
3252,Shivam Choudhury,Male,21,2023,XLRI Jamshedpur,MBA,Business Analytics,7.43,1,No,Yes,1,3,Data Analysis | Linux | R | GraphQL,Referral,Ola,Banking & Finance,Android Developer,Internship,Nagpur,2023-02-17,Applied,Not Available,13,Not Available,2527,69,Not Available,Yes,4,0
3253,Tanya Sandhu,Female,25,2020,Pune University,BCA,Computer Applications,9.31,2,No,No,3,4,MATLAB | Kubernetes | Azure | C++ | Laravel,Naukri,Tech Mahindra,Telecom,Finance Analyst,Full-time,Noida,2021-10-03,Rejected,1.0,29,Not Available,172,55,Not Available,No,7,1
3255,Riddhi Joshi,Female,24,2022,IIT Bombay,BBA,HR,7.07,3,No,Yes,0,4,SQL | Spring Boot | Flutter | Hive,Campus Placement,Unacademy,IT/Software,Product Manager,Full-time,Remote,2023-07-16,Online Assessment,Not Available,6,Not Available,2752,75,Not Available,No,4,1
3256,Rohan Murthy,Male,22,2023,SVNIT Surat,MBA,Marketing,8.81,2,No,No,5,3,Selenium | Ruby on Rails,Cutshort,MakeMyTrip,Automotive,Database Administrator,Full-time,Vadodara,2023-12-22,Technical Interview,2.0,41,Not Available,2987,71,Not Available,No,8,0
3257,Hemant Dey,Male,21,2023,Presidency University Kolkata,B.Com,Accounting,7.55,1,No,No,3,1,Data Analysis | React | Django | Deep Learning,LinkedIn,Ola,Manufacturing,SEO Analyst,Part-time,Mumbai,2024-08-07,Rejected,2.0,38,Not Available,2320,63,No,No,4,1
3259,Eklavya Singh,Male,20,2022,NIT Calicut,M.Tech,VLSI,8.31,2,No,No,3,2,Laravel | Leadership | Teamwork,Naukri,Capgemini,Consulting,Cloud Engineer,Internship,Coimbatore,2023-09-28,Offer,5.0,35,22286.0,2543,85,Not Available,No,5,1
3261,Lakshay Naik,Male,26,2023,NIT Warangal,MCA,Computer Applications,9.76,3,No,No,6,0,REST APIs | Linux | Laravel | GraphQL,Internshala,PolicyBazaar,Media & Entertainment,Data Analyst,Full-time,Surat,2023-09-05,Applied,Not Available,26,Not Available,598,62,Not Available,No,6,0
3265,Janhavi Negi,Female,24,2021,IIM Ahmedabad,M.Tech,Software Engineering,9.27,3,No,Yes,5,4,Docker | Laravel | R | Data Analysis,Internshala,L&T Infotech,AgriTech,Frontend Developer,Full-time,Coimbatore,2022-12-18,Shortlisted,Not Available,44,Not Available,2602,76,Not Available,No,9,1
3266,Shivam Gupta,Male,22,2022,Pune University,B.Tech,Electronics & Communication,5.98,2,No,No,2,5,PHP | Flutter | Python | Power BI,Referral,BYJU's,Banking & Finance,Embedded Engineer,Internship,Surat,2023-06-17,Online Assessment,Not Available,20,Not Available,365,77,Not Available,No,7,1
3271,Usha Anand,Female,24,2020,NIT Trichy,B.Sc (IT),Information Technology,7.25,0,No,Yes,0,1,GraphQL | Selenium,Campus Placement,Barclays India,AgriTech,Backend Developer,Full-time,Noida,2021-08-24,Offer,3.0,6,1161619.0,1901,98,Not Available,Yes,1,1
3273,Eisha Venkatesh,Female,21,2023,SP Jain Mumbai,B.E.,Electrical,6.91,0,No,No,0,2,Django | Bash Scripting,Naukri,Tech Mahindra,Media & Entertainment,Full Stack Developer,Full-time,Nagpur,2024-10-22,Applied,Not Available,44,Not Available,1535,77,Not Available,No,2,1
3274,Sneha Gupta,Female,26,2021,IIT Kanpur,BCA,Computer Applications,7.36,2,Yes,No,3,1,Docker | Networking | Java | Laravel | Linux,Campus Placement,Groww,AgriTech,Frontend Developer,Internship,Kolkata,2021-07-20,Withdrawn,Not Available,36,Not Available,1777,55,Not Available,No,4,0
3275,Puja Bhatia,Female,21,2023,KIIT Bhubaneswar,MCA,Computer Applications,7.04,0,No,Yes,1,2,Docker | Data Analysis | PHP | Node.js,Cutshort,Tech Mahindra,HealthTech,Backend Developer,Internship,Surat,2023-01-13,Shortlisted,Not Available,36,Not Available,1525,61,Not Available,No,3,0
3276,Usha Subramaniam,Female,22,2023,Mumbai University,B.Sc (IT),Information Technology,7.86,0,No,Yes,1,1,Kubernetes | Hadoop | GraphQL | TypeScript,Referral,Freshworks,Telecom,Cloud Engineer,Internship,Indore,2024-09-24,Offer,4.0,11,21848.0,2785,61,Not Available,No,2,1
3277,Hema Rastogi,Female,27,2023,IIT Bombay,MBA,Business Analytics,7.63,0,No,Yes,4,0,Hadoop | Spring Boot | Problem Solving,LinkedIn,Zerodha,E-commerce,Full Stack Developer,Full-time,Visakhapatnam,2023-01-27,Technical Interview,3.0,35,Not Available,2734,57,No,No,4,0
3278,Puja Sengupta,Female,23,2020,PES University Bangalore,B.Com,Accounting,8.37,3,No,No,5,1,Kubernetes | MongoDB | GraphQL,Indeed,Wipro,FinTech,Sales Executive,Full-time,Indore,2021-05-05,Shortlisted,Not Available,44,Not Available,118,76,Not Available,No,6,1
3279,Farhan Sethi,Male,27,2024,MNNIT Allahabad,B.E.,Electronics,6.33,0,No,Yes,4,0,Django | Laravel,Cutshort,Barclays India,Automotive,Data Analyst,Internship,Surat,2024-04-23,Rejected,1.0,4,Not Available,1102,61,Not Available,No,4,0
3282,Hema Jain,Female,24,2020,Chandigarh University,MBA,Strategy,9.58,0,No,No,5,1,SQL | TypeScript | REST APIs,Naukri,HDFC Bank,IT/Software,SEO Analyst,Internship,Mysuru,2023-11-04,Shortlisted,Not Available,40,Not Available,1039,94,Not Available,No,6,3
3283,Amit Garg,Male,22,2022,Kalinga University,B.E.,Electrical,8.15,1,No,Yes,3,4,PyTorch | Spark | Leadership | Linux,Naukri,PolicyBazaar,HealthTech,Content Writer,Internship,Hyderabad,2022-10-02,Shortlisted,Not Available,7,Not Available,2218,86,Not Available,No,7,0
3284,Omkar Natarajan,Male,25,2022,SRM University Chennai,B.Sc (IT),Information Technology,8.13,0,No,No,0,1,Ruby on Rails | Azure | JavaScript | Deep Learning,Naukri,Meesho,EdTech,Network Engineer,Part-time,Chennai,2023-11-18,Applied,Not Available,36,Not Available,2628,84,Not Available,No,1,1
3285,Ekansh Dixit,Male,24,2020,IIT Hyderabad,M.Tech,Data Science,8.93,0,No,Yes,4,3,Ruby on Rails | Spring Boot | Scala | Deep Learning,Referral,Siemens India,Telecom,Cloud Engineer,Full-time,Hyderabad,2021-08-15,Shortlisted,Not Available,29,Not Available,2243,92,Not Available,No,7,1
3286,Jatin Chauhan,Male,26,2020,XLRI Jamshedpur,M.Tech,AI/ML,8.68,1,No,No,4,4,Spark | Python,Indeed,Accenture,HealthTech,Systems Engineer,Full-time,Ahmedabad,2021-07-18,Shortlisted,Not Available,37,Not Available,2399,94,Not Available,No,8,1
3288,Eklavya Ahuja,Male,26,2021,IIM Bangalore,B.E.,Computer Science,8.06,3,No,Yes,0,4,Node.js | Linux | PyTorch,LinkedIn,BigBasket,HealthTech,Marketing Analyst,Internship,Chandigarh,2021-06-20,Online Assessment,Not Available,29,Not Available,2314,82,No,No,4,0
3290,Bhumi Dubey,Female,22,2020,NIT Trichy,B.Sc (IT),Information Technology,9.03,0,No,Yes,3,0,Problem Solving | Java | Azure,Hirist,Swiggy,AgriTech,Network Engineer,Full-time,Lucknow,2023-09-18,Online Assessment,Not Available,38,Not Available,673,88,Not Available,No,3,3
3292,Chetan Singh,Male,25,2020,NSUT Delhi,BBA,Finance,7.83,1,Yes,Yes,3,2,Azure | SQL | Leadership | TensorFlow,LinkedIn,Accenture,Automotive,Embedded Engineer,Part-time,Remote,2024-05-22,Applied,Not Available,29,Not Available,2001,81,No,No,5,4
3293,Shreya Joshi,Female,27,2021,IIT Delhi,B.Sc (CS),Computer Science,8.67,1,No,No,4,5,Selenium | Azure | Bash Scripting | Laravel,LinkedIn,Bosch India,Logistics,UX Designer,Full-time,Pune,2021-08-24,Shortlisted,Not Available,34,Not Available,1494,78,Yes,No,9,0
3295,Bhumi Patil,Female,25,2020,HBTU Kanpur,M.Tech,Computer Science,6.49,1,No,No,3,1,Hadoop | React | SQL,Naukri,JPMorgan India,EdTech,SEO Analyst,Internship,Hyderabad,2022-04-18,Rejected,3.0,16,Not Available,1195,90,Not Available,No,4,2
3297,Balram Ramachandran,Male,26,2021,Christ University Bangalore,BCA,Computer Applications,5.63,2,No,No,0,2,Deep Learning | GraphQL | TypeScript | MATLAB,Campus Placement,Amazon India,HealthTech,DevOps Engineer,Contract,Bengaluru,2021-05-04,Applied,Not Available,2,Not Available,1719,67,Not Available,No,2,0
3300,Sachin Sharma,Male,27,2020,IIT Hyderabad,B.Tech,Mechanical Engineering,6.97,1,No,Yes,3,5,Ruby on Rails | Selenium | Power BI,Shine,MakeMyTrip,HealthTech,Business Analyst,Internship,Patna,2024-11-01,Applied,Not Available,1,Not Available,1497,57,Not Available,No,8,4
3303,Irfan Balakrishnan,Male,25,2020,Anna University Chennai,BCA,Computer Applications,7.67,0,No,No,2,0,SQL | Cybersecurity | Power BI,Referral,JPMorgan India,EdTech,Recruiter,Contract,Kochi,2023-02-19,Applied,Not Available,5,Not Available,846,78,Not Available,No,2,3
3307,Aditya Pillai,Male,23,2020,COEP Pune,B.Sc (CS),Computer Science,8.3,1,No,Yes,1,1,Communication | Azure | Python | C++ | Linux,LinkedIn,Practo,HealthTech,Technical Support Engineer,Full-time,Coimbatore,2021-07-24,Shortlisted,Not Available,17,Not Available,2017,70,No,No,2,1
3308,Madhuri Anand,Female,27,2020,IIIT Allahabad,MCA,Computer Applications,8.8,0,No,No,4,5,PyTorch | Java | Docker | AWS,Referral,Texas Instruments India,Logistics,Product Manager,Full-time,Remote,2022-08-28,Online Assessment,Not Available,29,Not Available,2906,61,Not Available,Yes,9,2
3318,Chetan Jadhav,Male,23,2024,IIT Roorkee,M.Tech,Data Science,9.42,0,Yes,Yes,2,5,Laravel | REST APIs | TypeScript | Swift | JavaScript,Naukri,Bosch India,Telecom,Cloud Engineer,Contract,Coimbatore,2024-03-25,Applied,Not Available,14,Not Available,655,59,Not Available,No,7,0
3321,Nidhi Mishra,Prefer not to say,26,2021,SRM University Chennai,B.Tech,Mechanical Engineering,9.02,1,No,No,4,0,Linux | Deep Learning | C++,LinkedIn,PolicyBazaar,E-commerce,Digital Marketing Executive,Internship,Patna,2023-01-02,Online Assessment,Not Available,11,Not Available,792,81,No,No,4,2
3322,Tarun Malhotra,Male,25,2021,Kalinga University,BCA,Computer Applications,5.67,0,Yes,No,4,2,Teamwork | Kubernetes,Campus Placement,Mphasis,HealthTech,UX Designer,Internship,Pune,2022-08-17,HR Interview,1.0,28,Not Available,1823,90,Not Available,No,6,1
3327,Kavya Nair,Female,20,2021,Bangalore University,MCA,Computer Applications,8.29,3,No,No,4,4,Node.js | Leadership | Figma | PHP | TypeScript,Internshala,Coforge,AgriTech,Technical Support Engineer,Contract,Kolkata,2021-09-24,Withdrawn,Not Available,30,Not Available,1430,72,Not Available,No,8,0
3328,Jhanvi Rawat,Female,20,2024,BIT Mesra Ranchi,B.Sc (CS),Computer Science,9.67,2,Yes,Yes,1,4,Git | Leadership | Teamwork | Communication,Indeed,Paytm,Retail,Database Administrator,Internship,Bengaluru,2024-03-28,Applied,Not Available,26,Not Available,2188,91,Not Available,No,5,0
3329,Diya Sethi,Female,21,2020,Kalinga University,B.Com,Accounting,8.02,2,No,Yes,5,5,Hadoop | Django | Selenium,Cutshort,LTIMindtree,AgriTech,Data Scientist,Full-time,Bengaluru,2024-05-14,Shortlisted,Not Available,42,Not Available,586,75,Not Available,No,10,4
3330,Kavya Sundaram,Female,20,2020,IIT Madras,B.Tech,Civil Engineering,8.61,0,Yes,No,2,0,Figma | Scala | Cybersecurity,LinkedIn,Google India,IT/Software,ML Engineer,Full-time,Surat,2021-04-06,Shortlisted,Not Available,41,Not Available,632,93,No,No,2,1
3331,Babita Agarwal,Female,27,2022,KIIT Bhubaneswar,BCA,Computer Applications,7.33,3,No,No,1,4,Power BI | Hive | Node.js | Flutter | TensorFlow,Referral,JPMorgan India,Manufacturing,Data Scientist,Full-time,Bhubaneswar,2022-09-13,Offer,1.0,27,475442.0,193,95,Not Available,No,5,0
3332,Aarav Roy,Male,21,2021,Jadavpur University Kolkata,B.Com,Finance,8.17,3,No,Yes,3,5,Azure | Node.js | Docker | Flutter | Kotlin,Naukri,Citi India,Manufacturing,iOS Developer,Full-time,Ahmedabad,2022-05-25,Applied,Not Available,9,Not Available,913,78,Not Available,No,8,1
3333,Khushi Dubey,Female,22,2020,Christ University Bangalore,B.E.,Electronics,8.57,2,No,Yes,0,4,Python | Cybersecurity,Glassdoor,Microsoft India,Banking & Finance,Backend Developer,Full-time,Bhubaneswar,2021-04-21,Offer,3.0,32,1108817.0,624,69,Not Available,No,4,1
3334,Furqan Subramaniam,Male,25,2021,SVNIT Surat,MCA,Computer Applications,7.89,1,No,Yes,4,0,Communication | Azure | Tableau | Laravel,LinkedIn,Amazon India,Automotive,Operations Analyst,Internship,Surat,2024-01-28,Applied,Not Available,18,Not Available,2417,99,No,No,4,3
3338,Dimple Walia,Female,23,2020,Mumbai University,B.Tech,Electrical Engineering,8.25,3,No,No,1,2,Machine Learning | Problem Solving | Hadoop | Azure | Django,Internshala,Groww,Telecom,Operations Analyst,Full-time,Bengaluru,2021-03-30,HR Interview,5.0,26,Not Available,2397,82,Not Available,No,3,1
3342,Chirag Tiwari,Male,24,2022,IIT Roorkee,B.E.,Computer Science,8.93,3,No,Yes,6,1,JavaScript | Django,Referral,LTIMindtree,FinTech,Cybersecurity Analyst,Full-time,Gurugram,2023-05-30,HR Interview,4.0,45,Not Available,516,55,Not Available,No,7,1
3343,Ishaan Anand,Male,23,2020,Pune University,BCA,Computer Applications,6.49,1,No,Yes,2,1,SQL | Django | Tableau | Laravel,Naukri,Cognizant,FinTech,Content Writer,Full-time,Bengaluru,2024-05-16,Online Assessment,Not Available,12,Not Available,1667,56,Not Available,No,3,4
3345,Mayank Naik,Male,20,2022,IIT Delhi,B.Sc (IT),Information Technology,7.94,3,No,Yes,2,3,Networking | Hive | Leadership,Indeed,Bosch India,E-commerce,Database Administrator,Full-time,Patna,2024-08-29,Technical Interview,3.0,40,Not Available,2501,90,Not Available,No,5,2
3346,Nisha Walia,Female,21,2023,IIIT Allahabad,B.Sc (CS),Computer Science,9.25,3,Yes,Yes,4,1,Swift | Machine Learning | Leadership | Git | Selenium,Campus Placement,Morgan Stanley India,Banking & Finance,Content Writer,Internship,Kolkata,2024-06-11,Shortlisted,Not Available,26,Not Available,185,88,Not Available,No,5,1
3347,Girish Natarajan,Male,24,2020,BIT Mesra Ranchi,B.E.,Electrical,7.15,2,No,Yes,4,3,TensorFlow | Laravel | Cybersecurity,AngelList,Intel India,Manufacturing,Finance Analyst,Full-time,Coimbatore,2024-10-01,Withdrawn,Not Available,5,Not Available,1011,73,Not Available,No,7,4
3348,Manish Mathur,Male,27,2022,Mumbai University,B.Tech,Civil Engineering,9.52,0,No,No,4,4,Spark | Django | Spring Boot,LinkedIn,1mg,EdTech,Database Administrator,Internship,Bhubaneswar,2023-09-21,Online Assessment,Not Available,43,Not Available,2178,90,No,No,8,1
3349,Ojaswini Pandey,Female,22,2021,IIT Hyderabad,B.Sc (IT),Information Technology,9.9,0,Yes,No,1,2,Problem Solving | Python | Communication,Naukri,Intel India,IT/Software,SEO Analyst,Full-time,Pune,2021-07-01,Offer,4.0,12,379401.0,1358,92,Not Available,No,3,0
3350,Urvashi Oswal,Female,25,2023,IIT Hyderabad,B.E.,Electronics,8.25,2,No,Yes,1,3,Excel | GraphQL | Docker,Unstop,Hexaware,Telecom,Embedded Engineer,Full-time,Bhubaneswar,2023-09-18,Offer,4.0,25,766790.0,466,65,Not Available,No,4,0
3354,Ravi Rawat,Male,21,2021,IIT Bombay,B.Tech,Information Technology,9.37,2,No,Yes,4,1,Power BI | TensorFlow | Docker | Figma,Apna,Persistent Systems,Media & Entertainment,Cybersecurity Analyst,Internship,Indore,2024-06-22,Online Assessment,Not Available,41,Not Available,1101,71,Not Available,No,5,3
3355,Yogesh Natarajan,Male,21,2020,IIIT Bangalore,B.Sc (IT),Information Technology,9.39,0,No,Yes,1,0,Communication | C++ | Problem Solving | Flutter,LinkedIn,Texas Instruments India,Manufacturing,Android Developer,Internship,Kochi,2024-01-08,Applied,Not Available,22,Not Available,1303,59,No,No,1,4
3357,Madhuri Verma,Female,23,2024,IIM Ahmedabad,MCA,Computer Applications,7.84,1,No,No,3,5,Networking | Azure | Hive | Data Analysis,Campus Placement,Intel India,IT/Software,HR Executive,Internship,Nagpur,2024-12-15,Withdrawn,Not Available,29,Not Available,1533,85,Not Available,No,8,0
3358,Falguni Shah,Female,23,2023,BITS Pilani,B.Sc (CS),Computer Science,6.89,0,No,Yes,4,3,MATLAB | Leadership | Networking,LinkedIn,MakeMyTrip,Consulting,Frontend Developer,Full-time,Jaipur,2023-03-10,Applied,Not Available,23,Not Available,669,63,No,No,7,0
3361,Naveen Naik,Male,21,2021,SRM University Chennai,MBA,Business Analytics,8.74,1,No,No,0,1,Hive | Python | Problem Solving | Ruby on Rails,Naukri,Accenture,Banking & Finance,Data Analyst,Full-time,Mysuru,2022-02-25,Applied,Not Available,4,Not Available,54,58,Not Available,No,1,1
3363,Geeta Kapoor,Female,21,2023,IIM Calcutta,B.E.,Computer Science,6.94,1,No,Yes,5,2,Django | Hive,Glassdoor,Ola,Telecom,Embedded Engineer,Contract,Chandigarh,2024-10-18,Shortlisted,Not Available,37,Not Available,792,78,Not Available,No,7,1
3364,Bharat Tiwari,Male,25,2022,SRMIST Chennai,M.Tech,AI/ML,8.07,3,No,Yes,4,1,R | SQL | PHP | REST APIs | Git,LinkedIn,Ola,Retail,Full Stack Developer,Full-time,Chennai,2023-05-25,Applied,Not Available,21,Not Available,2274,77,Yes,No,5,1
3365,Nidhi Verma,Female,26,2023,BITS Goa,B.Tech,Civil Engineering,8.75,2,No,No,0,5,PHP | PyTorch,LinkedIn,Ola,Consulting,Technical Support Engineer,Internship,Jaipur,2024-06-01,Applied,Not Available,19,Not Available,101,81,No,No,5,1
3366,Ishan Kumar,Male,25,2022,KIIT Bhubaneswar,BCA,Computer Applications,9.84,2,No,No,4,2,GraphQL | Linux,Indeed,Swiggy,Automotive,Network Engineer,Full-time,Mysuru,2024-07-06,Applied,Not Available,24,Not Available,2630,99,Not Available,No,6,2
3368,Indira Sandhu,Female,20,2022,Kalinga University,B.Com,Accounting,5.76,3,No,No,5,2,MongoDB | Python,WorkIndia,BigBasket,Media & Entertainment,Data Scientist,Full-time,Remote,2024-09-28,Shortlisted,Not Available,18,Not Available,186,77,Not Available,No,7,2
3372,Zaid Bajaj,Male,20,2020,BITS Goa,MBA,Marketing,5.59,2,No,No,5,2,Tableau | Scala,AngelList,Texas Instruments India,Automotive,Sales Executive,Internship,Patna,2024-03-13,Shortlisted,Not Available,17,Not Available,63,62,Not Available,No,7,4
3373,Vijay Rawat,Male,20,2021,Mumbai University,B.Sc (IT),Information Technology,8.25,1,No,No,5,0,PHP | Cybersecurity | Bash Scripting | Node.js,LinkedIn,Persistent Systems,Banking & Finance,Recruiter,Full-time,Mysuru,2023-04-29,Offer,4.0,1,539173.0,155,90,No,No,5,2
3375,Jagdish Bansal,Male,21,2020,Chandigarh University,MCA,Computer Applications,7.68,2,No,No,1,1,GraphQL | Hadoop,LinkedIn,MakeMyTrip,Banking & Finance,Marketing Analyst,Part-time,Bengaluru,2024-10-12,Online Assessment,Not Available,3,Not Available,2022,61,No,Yes,2,4
3376,Esha Grewal,Female,23,2022,IIEST Shibpur,BCA,Computer Applications,5.68,3,Yes,No,6,0,Flutter | PyTorch | Deep Learning,Internshala,Zomato,AgriTech,SEO Analyst,Internship,Patna,2024-06-02,Technical Interview,1.0,15,Not Available,702,89,Not Available,No,6,2
3380,Naman Natarajan,Male,24,2022,PES University Bangalore,B.Sc (CS),Computer Science,9.37,3,No,Yes,0,2,PHP | SQL,LinkedIn,Zoho,FinTech,Finance Analyst,Full-time,Remote,2022-04-17,Applied,Not Available,40,Not Available,1722,60,No,No,2,0
3385,Hitesh Oswal,Male,22,2020,IIT Roorkee,MCA,Computer Applications,6.7,0,No,No,6,2,MongoDB | PHP | Tableau | MATLAB,Unstop,Zerodha,HealthTech,Backend Developer,Internship,Mysuru,2022-03-10,Technical Interview,1.0,14,Not Available,437,85,Not Available,No,8,2
3386,Madhuri Patel,Female,21,2022,MNNIT Allahabad,B.E.,Computer Science,5.93,0,No,No,5,4,R | Docker,Indeed,L&T Infotech,Retail,Digital Marketing Executive,Full-time,Mysuru,2024-05-25,Applied,Not Available,40,Not Available,1649,62,Not Available,No,9,2
3390,Wahida Singh,Female,21,2023,IIM Bangalore,BBA,Finance,8.87,1,No,No,3,3,Teamwork | Hive | Tableau,Naukri,Cure.fit,AgriTech,SEO Analyst,Full-time,Gurugram,2024-06-07,Applied,Not Available,37,Not Available,456,58,Not Available,No,6,1
3391,Piyush Lal,Male,27,2022,HBTU Kanpur,BCA,Computer Applications,7.26,0,No,Yes,5,3,Excel | JavaScript | Communication | Problem Solving,AngelList,BigBasket,FinTech,Technical Support Engineer,Internship,Remote,2024-06-30,Online Assessment,Not Available,30,Not Available,2696,61,Not Available,No,8,2
3392,Qasim Mehta,Male,26,2023,IIM Ahmedabad,B.Tech,Computer Science,8.89,0,No,No,0,0,Teamwork | Data Analysis | React,Apna,Amazon India,IT/Software,Software Engineer,Internship,Chennai,2024-08-07,Shortlisted,Not Available,14,Not Available,925,74,Not Available,No,0,1
3393,Vijay Agarwal,Male,27,2020,NIT Warangal,B.Com,Commerce,8.39,1,No,Yes,6,4,Figma | REST APIs | Linux | Spark,Internshala,Practo,Banking & Finance,Cloud Engineer,Internship,Mysuru,2023-06-11,Online Assessment,Not Available,24,Not Available,1890,72,Not Available,No,10,3
3394,Harish Pandey,Prefer not to say,22,2022,SVNIT Surat,B.Tech,Civil Engineering,9.38,3,No,Yes,4,1,REST APIs | Data Analysis | Django,Naukri,Delhivery,Automotive,Embedded Engineer,Full-time,Coimbatore,2023-11-22,Offer,2.0,29,777848.0,666,76,Not Available,No,5,1
3396,Kartik Joshi,Male,26,2020,SRM University Chennai,B.Com,Commerce,9.0,2,No,Yes,1,4,Swift | Data Analysis,LinkedIn,ICICI Bank,AgriTech,Data Scientist,Full-time,Mumbai,2022-08-19,Online Assessment,Not Available,20,Not Available,411,82,No,No,5,2
3398,Rohan Hegde,Male,25,2020,Symbiosis Pune,B.Sc (IT),Information Technology,9.66,3,No,No,0,1,Java | Tableau | MATLAB | PHP,Freshersworld,Barclays India,EdTech,DevOps Engineer,Full-time,Chandigarh,2023-11-25,Withdrawn,Not Available,5,Not Available,2548,100,Not Available,No,1,3
3399,Ananya Khatri,Female,26,2023,IIIT Bangalore,BCA,Computer Applications,7.41,2,No,No,2,3,Excel | Teamwork | REST APIs | Docker,Internshala,Infosys,Retail,Digital Marketing Executive,Full-time,Remote,2023-05-29,Applied,Not Available,21,Not Available,2801,84,Not Available,No,5,0
3401,Gaurang Lodha,Male,23,2021,IIM Calcutta,B.E.,Electronics,8.26,1,No,No,2,1,Python | R | Java,Naukri,Amazon India,Consulting,Technical Support Engineer,Full-time,Chandigarh,2021-10-23,Offer,3.0,15,560537.0,327,91,Not Available,No,3,0
3402,Varsha Bansal,Female,21,2023,IIM Calcutta,B.Sc (IT),Information Technology,9.22,3,No,Yes,1,5,Leadership | Data Analysis,Naukri,TCS,EdTech,Cloud Engineer,Full-time,Noida,2023-05-30,Applied,Not Available,37,Not Available,1411,72,Not Available,Yes,6,0
3405,Ojaswi Reddy,Female,24,2024,Christ University Bangalore,BBA,HR,8.34,2,No,Yes,3,4,MongoDB | Data Analysis | Ruby on Rails | TypeScript,AngelList,Upstox,Retail,Cybersecurity Analyst,Full-time,Indore,2024-04-27,HR Interview,3.0,40,Not Available,110,90,Not Available,No,7,0
3406,Mansi Khatri,Female,22,2020,BITS Hyderabad,B.Com,Finance,8.94,2,No,No,3,5,Docker | Spring Boot | Figma | Kotlin | Excel,Cutshort,Persistent Systems,Logistics,Technical Support Engineer,Full-time,Noida,2021-09-13,Online Assessment,Not Available,18,Not Available,1953,94,Not Available,No,8,1
3407,Dimple Verma,Female,20,2023,Thapar University,MBA,Finance,7.18,1,Yes,No,2,0,TensorFlow | PHP | PyTorch,LinkedIn,1mg,Retail,Cloud Engineer,Full-time,Bhubaneswar,2023-05-03,Applied,Not Available,8,Not Available,1025,78,No,No,2,0
3409,Varsha Krishnan,Female,24,2021,Pune University,B.Tech,Mechanical Engineering,5.86,3,No,No,0,3,Problem Solving | PHP | Excel,LinkedIn,Texas Instruments India,AgriTech,Recruiter,Full-time,Kolkata,2022-06-27,Rejected,4.0,24,Not Available,716,61,No,No,3,1
3410,Komal Grewal,Female,27,2020,Manipal Institute of Technology,B.Sc (IT),Information Technology,8.85,0,No,Yes,4,2,TensorFlow | PHP | Problem Solving | Django,Internshala,Google India,Consulting,Content Writer,Part-time,Noida,2023-10-28,Applied,Not Available,15,Not Available,2307,87,Not Available,No,6,3
3414,Abhinav Jadhav,Male,25,2021,IIT Kharagpur,BBA,Business Administration,6.83,0,No,No,2,4,Scala | Django,Cutshort,Accenture,Media & Entertainment,UX Designer,Contract,Jaipur,2021-07-09,Rejected,5.0,33,Not Available,1579,55,Not Available,No,6,0
3417,Trisha Lodha,Female,26,2022,BIT Mesra Ranchi,BBA,Finance,8.44,3,No,Yes,3,5,TypeScript | Spring Boot | Git | Communication,Naukri,Accenture,IT/Software,SEO Analyst,Full-time,Mysuru,2023-11-04,Applied,Not Available,16,Not Available,1556,57,Not Available,No,8,1
3418,Sachin Shukla,Male,24,2021,Jadavpur University Kolkata,B.Com,Commerce,9.79,3,No,No,0,4,GraphQL | Java,Indeed,Urban Company,IT/Software,Backend Developer,Internship,Chennai,2023-11-21,Applied,Not Available,44,Not Available,519,69,Not Available,No,4,2
3423,Dhruv More,Male,22,2020,Pune University,BBA,Finance,9.17,0,No,No,4,2,R | PyTorch | Leadership | Teamwork | Scala,LinkedIn,Accenture,Media & Entertainment,Content Writer,Full-time,Mysuru,2022-11-06,Rejected,4.0,34,Not Available,1377,67,Yes,No,6,2
3425,Ananya Trivedi,Female,20,2021,IIT Delhi,B.Sc (CS),Computer Science,6.1,2,No,Yes,6,0,Swift | Django | Hive | Azure,LinkedIn,Practo,HealthTech,Content Writer,Full-time,Delhi NCR,2021-04-07,Shortlisted,Not Available,28,Not Available,1193,79,No,No,6,0
3426,Shreya Biswas,Female,26,2020,IIIT Hyderabad,BBA,Finance,6.1,1,No,No,1,5,Laravel | PHP | Django | AWS,Unstop,Citi India,Banking & Finance,Finance Analyst,Internship,Visakhapatnam,2023-07-08,Online Assessment,Not Available,42,Not Available,1308,85,Not Available,No,6,3
3428,Urvashi Biswas,Female,23,2020,VIT Vellore,B.Sc (CS),Computer Science,8.73,0,Yes,No,0,1,AWS | TypeScript | Networking | Cybersecurity | Tableau,Naukri,Bajaj Finserv,Automotive,Embedded Engineer,Full-time,Bhubaneswar,2024-11-08,Online Assessment,Not Available,26,Not Available,2298,85,Not Available,Yes,1,4
3433,Mukesh Chauhan,Male,20,2022,VIT Vellore,M.Tech,Software Engineering,8.29,0,No,No,3,3,Hadoop | Laravel,Hirist,Citi India,Media & Entertainment,Network Engineer,Internship,Kochi,2022-07-26,Technical Interview,3.0,28,Not Available,1330,91,Not Available,No,6,0
3434,Yash Balakrishnan,Male,25,2023,Kalinga University,B.E.,Electronics,6.05,1,No,No,0,0,TypeScript | AWS,Unstop,HDFC Bank,FinTech,HR Executive,Full-time,Nagpur,2024-09-07,HR Interview,3.0,14,Not Available,2495,69,Not Available,No,0,1
3435,Shreya Iyer,Female,22,2021,DTU Delhi,B.E.,Electrical,7.43,3,No,No,0,1,Python | Git,Campus Placement,PolicyBazaar,Banking & Finance,Systems Engineer,Full-time,Visakhapatnam,2023-12-19,Applied,Not Available,21,Not Available,1064,97,Not Available,No,1,2
3436,Harish Venkatesh,Male,25,2021,IIT Roorkee,BCA,Computer Applications,9.24,2,No,Yes,5,5,Node.js | TensorFlow | Figma,Naukri,JPMorgan India,Media & Entertainment,Product Manager,Part-time,Patna,2021-01-24,Technical Interview,4.0,44,Not Available,1103,66,Not Available,No,10,0
3437,Inder Naik,Male,20,2020,Amity University Noida,M.Tech,AI/ML,6.27,2,No,No,4,1,Leadership | Hadoop | MATLAB | AWS | Ruby on Rails,AngelList,Coforge,AgriTech,Finance Analyst,Part-time,Bhubaneswar,2024-02-17,Applied,Not Available,28,Not Available,2730,69,Not Available,Yes,5,4
3438,Geeta Tiwari,Female,21,2024,SP Jain Mumbai,BCA,Computer Applications,8.6,1,No,Yes,6,1,MongoDB | PHP | SQL,LinkedIn,Mu Sigma,FinTech,Content Writer,Full-time,Pune,2024-06-18,Rejected,3.0,43,Not Available,1004,66,Yes,No,7,0
3439,Dimple Patil,Female,24,2020,IIT Bombay,BBA,HR,8.84,3,No,No,5,5,Scala | GraphQL | PHP | Kotlin | TypeScript,Naukri,Wipro,Retail,QA Engineer,Part-time,Coimbatore,2024-04-22,Technical Interview,4.0,14,Not Available,1552,72,Not Available,No,10,4
3440,Bhavna Khatri,Female,23,2020,IIIT Bangalore,M.Tech,Computer Science,7.71,1,No,Yes,0,5,Figma | GraphQL | Leadership | SQL | Deep Learning,LinkedIn,Swiggy,Manufacturing,SEO Analyst,Internship,Jaipur,2023-08-13,Applied,Not Available,20,Not Available,821,56,No,No,5,3
3442,Qasim Garg,Male,22,2022,Mumbai University,B.Com,Commerce,8.19,1,No,No,0,1,Machine Learning | R | AWS | Scala,AngelList,Tiger Analytics,Banking & Finance,Finance Analyst,Full-time,Ahmedabad,2023-03-24,HR Interview,5.0,3,Not Available,1554,67,Not Available,No,1,1
3443,Hemant Tiwari,Male,24,2024,MNNIT Allahabad,B.Tech,Data Science,9.37,0,No,Yes,0,2,Django | REST APIs | Hadoop,Naukri,Qualcomm India,Media & Entertainment,HR Executive,Internship,Chandigarh,2024-05-22,Offer,1.0,41,25921.0,494,75,Not Available,No,2,0
3444,Bhumi Rajan,Female,23,2023,Lovely Professional University,B.Sc (CS),Computer Science,8.07,1,No,Yes,5,0,Git | Problem Solving | TensorFlow,LinkedIn,Zerodha,IT/Software,Marketing Analyst,Internship,Ahmedabad,2024-03-24,HR Interview,1.0,14,Not Available,601,65,No,No,5,1
3445,Ravi Rao,Prefer not to say,21,2022,GLA University Mathura,MBA,HR,7.68,1,No,Yes,1,3,Flutter | Azure | MATLAB | TensorFlow,WorkIndia,Meesho,E-commerce,Technical Support Engineer,Internship,Lucknow,2023-04-20,Rejected,1.0,7,Not Available,2334,87,Not Available,No,4,1
3447,Aditya Khatri,Male,21,2022,Pune University,B.Tech,Mechanical Engineering,9.5,2,No,No,3,2,Python | Teamwork | Linux,IIMJobs,Absolutdata,EdTech,DevOps Engineer,Internship,Bengaluru,2024-10-19,Applied,Not Available,12,Not Available,1829,87,Not Available,No,5,2
3448,Siddharth Gupta,Male,27,2021,Anna University Chennai,BBA,Finance,6.36,0,Yes,No,6,3,Node.js | MATLAB,Naukri,Cognizant,AgriTech,Recruiter,Internship,Indore,2022-09-28,Shortlisted,Not Available,23,Not Available,1607,98,Not Available,No,9,1
3449,Utsav Iyer,Male,21,2020,DTU Delhi,MCA,Computer Applications,7.54,2,Yes,Yes,0,5,C++ | TensorFlow | SQL | Problem Solving,AngelList,Bosch India,HealthTech,Operations Analyst,Internship,Mumbai,2021-04-14,Online Assessment,Not Available,5,Not Available,2118,73,Not Available,No,5,1
3450,Ravi Kapoor,Male,20,2023,NSUT Delhi,BCA,Computer Applications,9.1,0,No,No,2,4,MATLAB | Tableau | MongoDB,Cutshort,Lenskart,Consulting,Network Engineer,Internship,Bhubaneswar,2023-04-07,Applied,Not Available,35,Not Available,2275,69,Not Available,No,6,0
3454,Nikhil Sodhi,Male,23,2021,RV College Bangalore,B.E.,Mechanical,8.08,3,No,Yes,3,5,TypeScript | Ruby on Rails | REST APIs | TensorFlow | C++,Naukri,Google India,Media & Entertainment,Backend Developer,Internship,Visakhapatnam,2023-10-10,Offer,4.0,36,24400.0,641,71,Not Available,No,8,2
3457,Puja Bhatia,Female,22,2020,XLRI Jamshedpur,B.Tech,Data Science,7.97,0,No,No,3,2,React | PHP | SQL | Leadership,Glassdoor,Tata Steel,Logistics,Android Developer,Full-time,Nagpur,2021-05-13,HR Interview,3.0,5,Not Available,1578,87,Not Available,Yes,5,1
3458,Arnav Kapoor,Male,21,2020,Christ University Bangalore,M.Tech,Data Science,7.77,2,No,Yes,3,4,Data Analysis | Django,Naukri,Swiggy,Banking & Finance,Operations Analyst,Part-time,Coimbatore,2023-10-24,Shortlisted,Not Available,32,Not Available,2075,96,Not Available,No,7,3
3461,Amit Gupta,Male,23,2020,IIM Ahmedabad,MBA,Marketing,8.26,1,Yes,No,2,0,TensorFlow | Data Analysis,Campus Placement,Coforge,EdTech,Business Analyst,Full-time,Kochi,2024-05-07,Rejected,5.0,20,Not Available,1533,60,Not Available,No,2,4
3462,Manish Desai,Male,27,2020,Christ University Bangalore,B.Sc (CS),Computer Science,7.98,1,Yes,No,5,1,JavaScript | SQL | Azure | Figma | Swift,AngelList,Cure.fit,IT/Software,QA Engineer,Internship,Delhi NCR,2022-07-21,Offer,2.0,34,37225.0,785,71,Not Available,No,6,2
3464,Sachin Khatri,Male,26,2020,IIT Hyderabad,B.Sc (CS),Computer Science,6.51,0,Yes,No,5,1,Leadership | REST APIs | AWS,Referral,Swiggy,FinTech,Backend Developer,Internship,Gurugram,2023-04-04,Offer,5.0,38,15507.0,1320,88,Not Available,No,6,3
3465,Gopal Mukherjee,Male,23,2022,IIT Bombay,BCA,Computer Applications,5.52,2,No,No,3,1,Excel | MATLAB | PyTorch | Linux,Campus Placement,Absolutdata,Logistics,Finance Analyst,Full-time,Patna,2024-05-16,Shortlisted,Not Available,29,Not Available,2621,57,Not Available,No,4,2
3466,Brijesh Thakur,Male,21,2020,IIT Delhi,M.Tech,Data Science,9.0,2,No,Yes,0,5,Kotlin | Python | SQL | Java | Tableau,Cutshort,BigBasket,Manufacturing,Recruiter,Full-time,Surat,2023-06-02,Technical Interview,2.0,21,Not Available,2461,72,Not Available,No,5,3
3467,Amrita Ahuja,Female,25,2021,JNTUH Hyderabad,BCA,Computer Applications,8.11,3,No,Yes,2,4,REST APIs | Node.js,Unstop,Capgemini,Consulting,Cloud Engineer,Full-time,Vadodara,2021-04-21,Applied,Not Available,10,Not Available,1188,80,Not Available,No,6,0
3469,Ananya Kumar,Female,22,2021,IIM Bangalore,M.Tech,VLSI,7.64,3,Yes,Yes,0,1,Leadership | Problem Solving | Docker | Hadoop | Cybersecurity,LinkedIn,Absolutdata,HealthTech,Technical Support Engineer,Internship,Nagpur,2024-04-21,Online Assessment,Not Available,6,Not Available,563,74,No,No,1,3
3472,Kirti Tiwari,Prefer not to say,27,2022,Nirma University Ahmedabad,B.Sc (IT),Information Technology,9.66,3,No,Yes,5,0,Teamwork | Swift | Hive | SQL | Django,Indeed,NIIT Technologies,Media & Entertainment,Cloud Engineer,Full-time,Kolkata,2023-06-09,Rejected,3.0,6,Not Available,359,84,Not Available,No,5,1
3477,Aarti Chopra,Female,25,2022,Nirma University Ahmedabad,B.Tech,Data Science,9.75,3,No,No,2,4,SQL | TypeScript | Swift | Git,LinkedIn,Bajaj Finserv,HealthTech,Recruiter,Full-time,Coimbatore,2024-08-05,Rejected,2.0,37,Not Available,1145,60,No,No,6,2
3478,Omkar Oswal,Male,20,2021,Bangalore University,M.Tech,Software Engineering,5.77,1,No,Yes,6,0,TypeScript | MATLAB | AWS,Internshala,Morgan Stanley India,E-commerce,Systems Engineer,Contract,Surat,2023-09-12,Applied,Not Available,32,Not Available,1760,75,Not Available,Yes,6,2
3479,Aarti Garg,Female,20,2021,XLRI Jamshedpur,B.Tech,Computer Science,8.81,1,Yes,Yes,5,2,Spring Boot | Kotlin | Swift,Indeed,Absolutdata,EdTech,Sales Executive,Contract,Hyderabad,2023-08-07,HR Interview,1.0,2,Not Available,1234,98,Not Available,No,7,2
3481,Gaurav Anand,Male,24,2021,Presidency University Kolkata,MCA,Computer Applications,9.69,0,No,No,3,0,SQL | Leadership | Bash Scripting,Internshala,Lenskart,Media & Entertainment,Business Analyst,Contract,Visakhapatnam,2022-11-07,Shortlisted,Not Available,8,Not Available,1133,79,Not Available,No,3,1
3484,Ishita Sundaram,Female,20,2023,MNNIT Allahabad,B.E.,Electrical,8.55,3,No,Yes,4,0,React | Spring Boot | Flutter | Azure,LinkedIn,Freshworks,HealthTech,ML Engineer,Internship,Remote,2023-12-06,Applied,Not Available,39,Not Available,2797,84,No,No,4,0
3486,Chitra Jain,Female,25,2020,SRMIST Chennai,B.Sc (CS),Computer Science,9.92,0,No,No,6,3,Tableau | Selenium,HackerEarth,Meesho,Retail,Cybersecurity Analyst,Full-time,Jaipur,2023-11-24,Applied,Not Available,17,Not Available,1029,75,Not Available,No,9,3
3488,Radha Jadhav,Female,20,2022,PES University Bangalore,BCA,Computer Applications,8.25,3,Yes,No,5,3,Deep Learning | Azure | REST APIs,LinkedIn,Hexaware,Automotive,Systems Engineer,Full-time,Delhi NCR,2022-09-21,Technical Interview,1.0,22,Not Available,1030,95,No,No,8,0
3490,Tushar Choudhury,Male,25,2022,Symbiosis Pune,B.Tech,Information Technology,6.29,0,No,No,4,2,Figma | Data Analysis,Naukri,PolicyBazaar,E-commerce,Software Engineer,Full-time,Bhopal,2024-06-22,Applied,Not Available,33,Not Available,2262,70,Not Available,No,6,2
3492,Dinesh Mishra,Male,24,2021,NIT Trichy,M.Tech,VLSI,8.17,0,No,Yes,3,2,Power BI | AWS | REST APIs | Laravel,Campus Placement,Angel One,Manufacturing,Marketing Analyst,Full-time,Mysuru,2024-04-16,Applied,Not Available,25,Not Available,641,86,Not Available,No,5,3
3493,Lavanya Singh,Female,22,2021,IIIT Hyderabad,B.Tech,Civil Engineering,5.96,2,Yes,No,2,2,Swift | Power BI,Campus Placement,PhonePe,Logistics,Data Analyst,Internship,Jaipur,2021-05-27,Technical Interview,5.0,42,Not Available,1963,60,Not Available,No,4,0
3494,Varsha Patil,Female,24,2022,Kalinga University,BCA,Computer Applications,6.04,0,Yes,Yes,5,3,SQL | Spark | Bash Scripting,Cutshort,Lenskart,Manufacturing,Systems Engineer,Contract,Kochi,2023-12-14,Applied,Not Available,26,Not Available,2017,56,Not Available,No,8,1
3495,Wasim Bhatt,Male,27,2023,NIT Calicut,B.Sc (IT),Information Technology,7.0,3,No,No,6,1,Excel | JavaScript | Data Analysis,LinkedIn,Angel One,Manufacturing,UX Designer,Full-time,Lucknow,2023-10-18,Applied,Not Available,28,Not Available,2038,82,No,No,7,0
3496,Zaid Roy,Male,22,2021,SRM University Chennai,B.E.,Electronics,6.23,0,No,Yes,4,4,Bash Scripting | JavaScript | Data Analysis | Teamwork | Problem Solving,Naukri,Cognizant,Media & Entertainment,QA Engineer,Contract,Kolkata,2023-10-24,Rejected,3.0,15,Not Available,1238,77,Not Available,No,8,2
3499,Balram Venkatesh,Male,25,2023,Bangalore University,MCA,Computer Applications,7.92,2,No,No,4,0,Docker | Communication | Figma | Tableau | Spring Boot,Internshala,Capgemini,Manufacturing,Frontend Developer,Full-time,Bhopal,2024-05-31,Offer,5.0,29,345241.0,236,79,Not Available,No,4,1
3500,Ekansh Venkatesh,Male,26,2020,KIIT Bhubaneswar,MBA,HR,6.61,1,No,Yes,2,1,Linux | Docker | React | GraphQL | MATLAB,Monster,Tiger Analytics,E-commerce,Full Stack Developer,Contract,Vadodara,2021-09-25,Rejected,4.0,27,Not Available,1030,75,Not Available,Yes,3,1
3501,Parth Bose,Male,27,2024,BIT Mesra Ranchi,M.Tech,VLSI,7.33,1,No,No,1,1,Excel | Cybersecurity | MATLAB,Cutshort,Axis Bank,Manufacturing,Operations Analyst,Full-time,Patna,2024-12-23,Applied,Not Available,7,Not Available,407,91,Not Available,Yes,2,0
3502,Jay Sharma,Male,26,2020,Pune University,MBA,HR,9.17,3,No,No,1,1,React | Node.js,LinkedIn,BYJU's,Consulting,Marketing Analyst,Internship,Delhi NCR,2021-10-06,Online Assessment,Not Available,42,Not Available,1854,90,No,No,2,1
3503,Nikhil Grewal,Male,25,2023,IIT Hyderabad,B.Sc (IT),Information Technology,6.55,3,Yes,Yes,2,5,Networking | Machine Learning | Hive | TypeScript,Indeed,Accenture,Automotive,Finance Analyst,Full-time,Delhi NCR,2023-08-09,Online Assessment,Not Available,32,Not Available,1029,68,Not Available,No,7,0
3504,Raghav Rajan,Male,26,2024,SVNIT Surat,B.E.,Computer Science,9.81,1,Yes,No,1,1,Kubernetes | Bash Scripting | Ruby on Rails | Hadoop | Problem Solving,Glassdoor,Freshworks,AgriTech,QA Engineer,Full-time,Ahmedabad,2024-02-17,Withdrawn,Not Available,27,Not Available,1289,77,Not Available,No,2,0
3507,Gouri Chauhan,Female,23,2024,NIT Warangal,B.Sc (IT),Information Technology,8.47,0,Yes,No,5,3,GraphQL | Bash Scripting | Excel,Internshala,Freshworks,Retail,Network Engineer,Full-time,Nagpur,2024-01-12,HR Interview,3.0,32,Not Available,877,62,Not Available,No,8,0
3508,Ojaswi Thakur,Female,27,2022,SRM University Chennai,B.Sc (CS),Computer Science,9.47,0,No,No,1,4,PHP | Flutter | TensorFlow | Power BI | Python,IIMJobs,HCL Technologies,Telecom,Product Manager,Full-time,Surat,2023-10-23,Online Assessment,Not Available,26,Not Available,1706,70,Not Available,Yes,5,1
3509,Lavanya Bajaj,Female,27,2022,Chandigarh University,B.Sc (CS),Computer Science,8.52,0,No,No,2,3,C++ | AWS | R | Swift | Spring Boot,Internshala,Fractal Analytics,Telecom,Data Analyst,Full-time,Mumbai,2022-02-06,Online Assessment,Not Available,19,Not Available,2984,67,Not Available,No,5,0
3510,Akhil Gupta,Male,23,2022,JNTUH Hyderabad,MBA,Operations,6.7,0,No,No,0,4,Figma | TypeScript,LinkedIn,BYJU's,Banking & Finance,Cybersecurity Analyst,Internship,Bengaluru,2022-03-13,Technical Interview,2.0,28,Not Available,941,59,Yes,No,4,0
3514,Priya Das,Female,20,2020,RV College Bangalore,B.E.,Electrical,5.88,2,Yes,No,1,4,Ruby on Rails | Laravel | Excel | React,Internshala,Infosys,IT/Software,Digital Marketing Executive,Part-time,Mysuru,2021-02-21,Offer,2.0,44,627664.0,2054,70,Not Available,No,5,1
3515,Omna Bhatia,Female,27,2020,Anna University Chennai,B.Tech,Electrical Engineering,5.82,2,No,No,5,1,Java | Data Analysis | Machine Learning,Monster,Qualcomm India,HealthTech,Data Analyst,Full-time,Hyderabad,2022-05-27,Online Assessment,Not Available,11,Not Available,2955,86,Not Available,No,6,2
3517,Suresh Tiwari,Male,24,2020,KIIT Bhubaneswar,BCA,Computer Applications,7.51,2,No,Yes,6,2,R | Swift | Kotlin | GraphQL | Tableau,Referral,Capgemini,Retail,Content Writer,Full-time,Vadodara,2022-09-16,Applied,Not Available,41,Not Available,2336,91,Not Available,No,8,2
3519,Sneha Kapoor,Female,23,2022,BITS Hyderabad,BBA,Marketing,7.23,3,No,No,2,0,Python | React | PHP,Naukri,Urban Company,Logistics,Embedded Engineer,Full-time,Coimbatore,2023-02-04,Shortlisted,Not Available,40,Not Available,2067,83,Not Available,No,2,1
3522,Qasim Chaudhary,Male,20,2023,Delhi University,B.Tech,Civil Engineering,9.51,2,Yes,Yes,4,3,Machine Learning | Kubernetes | MATLAB,Indeed,Goldman Sachs,Logistics,Business Analyst,Full-time,Mumbai,2023-07-12,Applied,Not Available,25,Not Available,1303,64,Not Available,No,7,0
3523,Ishan Nair,Male,26,2020,Nirma University Ahmedabad,BBA,HR,6.68,3,No,Yes,2,1,Problem Solving | Tableau | Communication | Figma,Unstop,Texas Instruments India,Media & Entertainment,Network Engineer,Full-time,Nagpur,2021-05-09,Offer,4.0,36,341042.0,2092,88,Not Available,No,3,1
3525,Mukesh Das,Male,26,2024,RV College Bangalore,BCA,Computer Applications,8.97,3,No,No,2,0,React | Networking | Power BI,Indeed,Groww,IT/Software,Finance Analyst,Full-time,Ahmedabad,2024-07-24,Applied,Not Available,31,Not Available,1160,95,Not Available,No,2,0
3526,Trisha Agarwal,Female,21,2023,JNTUH Hyderabad,B.Com,Finance,7.98,2,No,No,1,3,Cybersecurity | Django | Networking,LinkedIn,Deloitte,Banking & Finance,Cybersecurity Analyst,Contract,Chandigarh,2023-04-01,Shortlisted,Not Available,28,Not Available,464,56,No,No,4,0
3528,Riddhi Trivedi,Female,25,2020,IIIT Hyderabad,MCA,Computer Applications,6.37,3,No,Yes,2,0,Power BI | Git | Scala | Excel | Kotlin,LinkedIn,Paytm,EdTech,Technical Support Engineer,Full-time,Coimbatore,2021-04-24,Rejected,5.0,1,Not Available,2881,71,No,No,2,1
3530,Babita Bajaj,Female,27,2022,NSUT Delhi,M.Tech,VLSI,5.87,2,No,No,4,0,Machine Learning | Hive | MongoDB | Python,LinkedIn,TCS,Consulting,SEO Analyst,Full-time,Vadodara,2024-01-29,Applied,Not Available,24,Not Available,2208,82,No,No,4,2
3531,Tanya Jain,Female,23,2020,MNNIT Allahabad,B.Sc (IT),Information Technology,6.86,2,No,Yes,3,2,REST APIs | JavaScript | R | Azure,Referral,Mu Sigma,Logistics,SEO Analyst,Internship,Gurugram,2023-11-10,Technical Interview,2.0,17,Not Available,228,78,Not Available,No,5,3
3532,Ravi Agarwal,Male,25,2020,Kalinga University,MBA,Operations,8.66,2,No,No,4,2,PyTorch | Deep Learning | Excel | TensorFlow | Azure,LinkedIn,Zerodha,E-commerce,Recruiter,Internship,Indore,2024-08-30,Applied,Not Available,8,Not Available,994,75,No,No,6,4
3533,Ojaswini Dixit,Female,24,2021,Mumbai University,MCA,Computer Applications,9.52,0,No,No,3,2,Power BI | Problem Solving | Spark | Spring Boot,Freshersworld,Delhivery,FinTech,Cybersecurity Analyst,Full-time,Ahmedabad,2023-07-24,Applied,Not Available,24,Not Available,801,100,Not Available,No,5,2
3534,Siddharth Bhatia,Male,20,2023,BITS Goa,M.Tech,VLSI,6.14,3,Yes,No,2,5,GraphQL | Problem Solving | Swift | Linux | Networking,LinkedIn,Tiger Analytics,Telecom,ML Engineer,Full-time,Mumbai,2023-08-22,HR Interview,3.0,16,Not Available,536,98,No,Yes,7,0
3536,Ojaswi Sandhu,Female,25,2021,KIIT Bhubaneswar,B.Com,Accounting,8.66,0,No,Yes,2,0,Git | Swift | AWS | Power BI | Figma,Naukri,Infosys,EdTech,Software Engineer,Internship,Indore,2023-10-05,Shortlisted,Not Available,40,Not Available,2503,61,Not Available,No,2,2
3537,Itisha Ghosh,Female,25,2022,Mumbai University,B.Sc (IT),Information Technology,6.82,3,No,Yes,4,0,Linux | Figma | Kubernetes | AWS,Internshala,Unacademy,Consulting,DevOps Engineer,Full-time,Mumbai,2022-07-24,Applied,Not Available,18,Not Available,592,56,Not Available,No,4,0
3538,Ritesh Khanna,Male,21,2021,IIT Bombay,B.Sc (CS),Computer Science,9.36,0,Yes,Yes,3,3,Node.js | Laravel | Ruby on Rails,Naukri,Razorpay,HealthTech,Embedded Engineer,Full-time,Kolkata,2021-05-08,Shortlisted,Not Available,44,Not Available,642,94,Not Available,Yes,6,0
3541,Umesh Yadav,Male,26,2023,NIT Warangal,MBA,HR,7.77,0,Yes,No,1,5,REST APIs | MATLAB,Naukri,Groww,Telecom,Software Engineer,Full-time,Surat,2024-10-15,Online Assessment,Not Available,29,Not Available,2283,79,Not Available,No,6,1
3544,Mukesh Khatri,Male,25,2022,IIIT Allahabad,BBA,Business Administration,7.82,0,No,No,3,5,Scala | MongoDB | Machine Learning | Azure,LinkedIn,Hexaware,Logistics,UX Designer,Full-time,Jaipur,2024-08-21,Shortlisted,Not Available,27,Not Available,300,55,No,No,8,2
3545,Eshan Mishra,Male,20,2022,XLRI Jamshedpur,B.Com,Finance,7.21,3,No,Yes,2,3,Networking | R | Swift | Deep Learning,Internshala,Coforge,EdTech,Software Engineer,Full-time,Pune,2024-10-31,Technical Interview,2.0,38,Not Available,1823,83,Not Available,No,5,2
3547,Namrata Iyer,Female,20,2021,NSUT Delhi,M.Tech,Software Engineering,9.53,2,No,No,3,0,MATLAB | Flutter | Node.js,Campus Placement,Practo,Retail,Database Administrator,Full-time,Surat,2022-05-13,Shortlisted,Not Available,39,Not Available,1760,99,Not Available,No,3,1
3549,Nisha Saxena,Female,24,2021,PES University Bangalore,B.Tech,Computer Science,9.18,1,No,No,6,4,Excel | PyTorch | Kubernetes,Cutshort,Lenskart,FinTech,UX Designer,Full-time,Hyderabad,2022-08-04,Shortlisted,Not Available,22,Not Available,1823,71,Not Available,No,10,1
3550,Vinay Rao,Male,24,2021,IIT Hyderabad,M.Tech,Data Science,7.13,2,No,Yes,2,4,SQL | Azure | Selenium | Tableau | Cybersecurity,AngelList,HCL Technologies,Manufacturing,DevOps Engineer,Full-time,Kochi,2021-05-25,Shortlisted,Not Available,32,Not Available,387,98,Not Available,No,6,0
3553,Vibha Pandey,Female,25,2020,BIT Mesra Ranchi,MBA,Finance,9.17,3,No,Yes,0,4,Networking | Linux,Indeed,Tech Mahindra,HealthTech,Android Developer,Internship,Coimbatore,2022-02-06,Online Assessment,Not Available,45,Not Available,2203,58,Not Available,No,4,2
3558,Twinkle Negi,Female,25,2021,IIT Hyderabad,BCA,Computer Applications,5.97,2,No,No,0,5,R | Communication | Java | Problem Solving,Naukri,Tiger Analytics,Retail,Technical Support Engineer,Part-time,Nagpur,2023-07-23,Shortlisted,Not Available,28,Not Available,711,79,Not Available,No,5,2
3559,Kunal Grewal,Male,22,2023,IIT Hyderabad,B.Tech,Electrical Engineering,9.11,3,No,Yes,5,2,SQL | Node.js | JavaScript,Internshala,Flipkart,E-commerce,DevOps Engineer,Full-time,Lucknow,2024-05-18,Applied,Not Available,12,Not Available,929,79,Not Available,No,7,1
3560,Harish Chatterjee,Male,26,2022,Presidency University Kolkata,B.Com,Finance,5.89,3,No,No,5,0,Hadoop | Leadership | TensorFlow | PyTorch | Bash Scripting,LinkedIn,Capgemini,EdTech,Software Engineer,Internship,Chandigarh,2023-02-24,Applied,Not Available,41,Not Available,773,60,Yes,No,5,1
3562,Jhanvi Verma,Female,23,2021,PES University Bangalore,MCA,Computer Applications,8.09,3,No,Yes,1,5,Flutter | Docker | Kotlin,LinkedIn,Paytm,Manufacturing,QA Engineer,Full-time,Noida,2021-03-18,Rejected,1.0,21,Not Available,837,70,No,No,6,0
3565,Aarav Anand,Male,21,2023,JNTUH Hyderabad,B.Sc (IT),Information Technology,6.02,1,Yes,No,1,2,PHP | MongoDB | Scala | Hive | Node.js,Cutshort,Paytm,Manufacturing,Frontend Developer,Full-time,Kochi,2024-07-31,Applied,Not Available,9,Not Available,1649,57,Not Available,No,3,1
3567,Piyush Garg,Male,20,2021,NIT Surathkal,B.Tech,Data Science,9.22,2,No,No,1,0,Teamwork | Azure | PHP,Monster,L&T Infotech,FinTech,Android Developer,Internship,Noida,2023-03-18,Rejected,1.0,4,Not Available,2746,81,Not Available,Yes,1,2
3568,Riya Kulkarni,Female,23,2023,NSUT Delhi,MCA,Computer Applications,6.11,2,No,Yes,0,0,Hive | Data Analysis,LinkedIn,Coforge,Telecom,Data Scientist,Internship,Vadodara,2024-06-03,Applied,Not Available,12,Not Available,188,86,No,Yes,0,1
3571,Uma Bose,Female,21,2023,DTU Delhi,B.Sc (IT),Information Technology,8.26,0,No,Yes,0,3,REST APIs | Git,Internshala,Swiggy,Banking & Finance,Technical Support Engineer,Contract,Mumbai,2024-12-13,Applied,Not Available,10,Not Available,2256,68,Not Available,No,3,1
3572,Lokesh Choudhury,Male,22,2020,BITS Hyderabad,B.Com,Commerce,9.15,3,No,No,2,1,JavaScript | Docker | Problem Solving | React,LinkedIn,IBM India,Consulting,HR Executive,Full-time,Vadodara,2023-08-09,Offer,2.0,3,329343.0,1499,58,Yes,Yes,3,3
3573,Chandni Verma,Female,23,2021,IIT Delhi,BBA,Business Administration,8.94,2,No,Yes,0,1,Tableau | React | Django | TensorFlow | TypeScript,Glassdoor,Microsoft India,Media & Entertainment,Recruiter,Full-time,Delhi NCR,2023-05-01,Applied,Not Available,32,Not Available,2334,63,Not Available,No,1,2
3575,Parth Jain,Male,26,2023,XLRI Jamshedpur,B.Sc (IT),Information Technology,9.91,2,No,No,3,4,R | Machine Learning | TensorFlow | Kubernetes | Linux,Unstop,Zomato,Telecom,UX Designer,Internship,Kolkata,2024-03-09,Applied,Not Available,32,Not Available,2495,66,Not Available,No,7,1
3578,Lakshay Tiwari,Male,23,2020,Osmania University Hyderabad,B.Sc (CS),Computer Science,9.33,0,Yes,Yes,0,1,PHP | PyTorch | Spark | Data Analysis,Naukri,Wipro,HealthTech,UX Designer,Full-time,Kochi,2024-08-21,Shortlisted,Not Available,16,Not Available,1491,65,Not Available,No,1,4
3579,Balram Tiwari,Male,20,2021,Chandigarh University,B.E.,Electronics,7.21,1,No,No,1,4,Linux | Deep Learning | Leadership | Laravel,LinkedIn,Capgemini,IT/Software,Cybersecurity Analyst,Internship,Noida,2021-06-30,Applied,Not Available,10,Not Available,1742,63,No,No,5,0
3580,Nisha Singh,Female,25,2020,SP Jain Mumbai,B.Tech,Computer Science,8.8,0,No,No,3,2,Hadoop | Leadership | MongoDB | JavaScript | Django,LinkedIn,Microsoft India,Automotive,Embedded Engineer,Internship,Bhubaneswar,2021-06-17,Applied,Not Available,30,Not Available,2733,55,No,No,5,1
3582,Farhan Agarwal,Male,21,2020,KIIT Bhubaneswar,B.E.,Electrical,6.25,2,No,No,1,1,Bash Scripting | Tableau,AngelList,PolicyBazaar,Logistics,Operations Analyst,Full-time,Mysuru,2023-12-31,HR Interview,4.0,9,Not Available,2444,59,Not Available,No,2,3
3584,Keshav Sodhi,Male,25,2020,Delhi University,B.Sc (CS),Computer Science,9.44,2,No,Yes,4,3,Communication | AWS | Power BI | GraphQL,Indeed,Freshworks,Retail,Software Engineer,Contract,Vadodara,2024-02-20,Online Assessment,Not Available,22,Not Available,754,87,Not Available,No,7,4
3589,Om Bansal,Male,22,2022,BITS Pilani,B.Sc (CS),Computer Science,6.03,2,No,Yes,0,3,Scala | MATLAB | Spark,Apna,BYJU's,Consulting,Backend Developer,Internship,Remote,2024-07-14,Technical Interview,2.0,7,Not Available,2387,73,Not Available,No,3,2
3590,Omkar Tiwari,Male,20,2022,RV College Bangalore,B.Sc (IT),Information Technology,8.78,0,No,Yes,5,0,Leadership | Bash Scripting | Problem Solving,Indeed,Samsung India,EdTech,Data Analyst,Full-time,Mysuru,2024-09-24,Offer,3.0,30,317044.0,2670,67,Not Available,No,5,2
3592,Ojaswini Naik,Female,20,2021,IIT Roorkee,M.Tech,Data Science,6.02,0,No,No,5,5,Machine Learning | React | PyTorch | Cybersecurity,Cutshort,Mindtree,Banking & Finance,iOS Developer,Part-time,Kochi,2021-03-24,Applied,Not Available,1,Not Available,2628,74,Not Available,Yes,10,0
3595,Onkar Lal,Male,20,2020,IIM Bangalore,BBA,HR,6.97,3,No,Yes,5,2,GraphQL | Flutter | MATLAB | Communication,LinkedIn,Practo,Banking & Finance,Systems Engineer,Internship,Jaipur,2024-12-06,Applied,Not Available,29,Not Available,1797,93,No,No,7,4
3598,Rohan Roy,Male,20,2020,NIT Calicut,B.Tech,Mechanical Engineering,6.31,1,No,No,5,1,TensorFlow | Tableau,AngelList,Razorpay,HealthTech,Business Analyst,Contract,Bengaluru,2023-11-19,Applied,Not Available,18,Not Available,2027,98,Not Available,No,6,3
3599,Bhumi Nair,Female,25,2021,SRM University Chennai,MBA,Business Analytics,7.97,0,No,No,6,1,AWS | Cybersecurity,Naukri,Nykaa,Retail,Embedded Engineer,Internship,Delhi NCR,2023-07-03,Shortlisted,Not Available,14,Not Available,499,73,Not Available,Yes,7,2
3601,Manish Iyer,Male,22,2020,Mumbai University,B.E.,Mechanical,6.69,2,No,No,4,4,Selenium | React | Java | MongoDB,LinkedIn,Meesho,Automotive,Embedded Engineer,Full-time,Kochi,2022-06-23,Shortlisted,Not Available,8,Not Available,1688,86,No,No,8,2
3603,Dhruv Dubey,Male,23,2021,BITS Hyderabad,B.Sc (CS),Computer Science,8.14,3,No,Yes,0,5,Spring Boot | Ruby on Rails | AWS,HackerEarth,Axis Bank,EdTech,Cloud Engineer,Full-time,Kolkata,2023-07-15,Applied,Not Available,15,Not Available,1750,64,Not Available,No,5,2
3605,Jagdish Ghosh,Male,21,2022,VIT Vellore,MCA,Computer Applications,6.62,1,No,No,0,1,PHP | Laravel | Leadership,AngelList,Barclays India,FinTech,Product Manager,Full-time,Chandigarh,2023-06-06,Shortlisted,Not Available,45,Not Available,1328,89,Not Available,No,1,1
3606,Lata Krishnan,Female,22,2020,PES University Bangalore,BBA,Finance,9.93,3,Yes,Yes,0,0,Docker | Kotlin | TypeScript | React | Hive,Internshala,Freshworks,Consulting,Operations Analyst,Internship,Nagpur,2021-05-08,Applied,Not Available,15,Not Available,1770,70,Not Available,No,0,1
3607,Aarav More,Male,26,2022,GLA University Mathura,BCA,Computer Applications,9.99,3,No,No,3,2,Kubernetes | R | Hadoop,Naukri,BYJU's,Telecom,Business Analyst,Internship,Remote,2023-02-19,Online Assessment,Not Available,9,Not Available,309,69,Not Available,No,5,1
3608,Piyush Mukherjee,Male,23,2020,COEP Pune,B.Sc (IT),Information Technology,6.79,1,No,No,3,0,Swift | Kotlin,Naukri,Meesho,HealthTech,DevOps Engineer,Full-time,Gurugram,2023-08-31,Rejected,3.0,40,Not Available,2773,96,Not Available,No,3,3
3609,Chetna Bisht,Female,23,2020,Jadavpur University Kolkata,MBA,Marketing,8.34,3,Yes,Yes,0,0,PyTorch | Tableau | Communication | Selenium,Naukri,Axis Bank,Retail,SEO Analyst,Contract,Lucknow,2023-10-23,Applied,Not Available,37,Not Available,2536,85,Not Available,No,0,3
3610,Lokesh Saxena,Male,20,2022,XLRI Jamshedpur,B.E.,Mechanical,7.97,3,No,No,0,2,Spring Boot | C++,Campus Placement,BigBasket,AgriTech,iOS Developer,Contract,Patna,2022-01-02,Offer,2.0,39,523716.0,2886,69,Not Available,No,2,0
3611,Naman Trivedi,Male,20,2022,SP Jain Mumbai,BBA,Business Administration,6.85,3,No,No,6,0,Python | Spark | Communication | Data Analysis,Freshersworld,Morgan Stanley India,Telecom,Content Writer,Full-time,Nagpur,2024-06-29,HR Interview,4.0,32,Not Available,2368,86,Not Available,No,6,2
3612,Vinay Das,Male,24,2022,MDI Gurgaon,B.Com,Commerce,5.82,2,Yes,Yes,5,3,Problem Solving | Kotlin,LinkedIn,Tech Mahindra,EdTech,Systems Engineer,Contract,Kolkata,2024-04-21,Shortlisted,Not Available,41,Not Available,2463,90,No,No,8,2
3613,Tejas Trivedi,Male,22,2024,IIIT Hyderabad,M.Tech,VLSI,6.96,3,No,No,3,5,Deep Learning | Bash Scripting | Scala,Naukri,Morgan Stanley India,Automotive,Data Analyst,Full-time,Hyderabad,2024-01-21,Shortlisted,Not Available,33,Not Available,1684,65,Not Available,No,8,0
3614,Akhil Khanna,Male,27,2023,Delhi University,B.Sc (CS),Computer Science,8.53,0,No,No,3,3,Swift | Scala,LinkedIn,Tiger Analytics,HealthTech,HR Executive,Full-time,Patna,2023-09-16,Applied,Not Available,10,Not Available,2639,93,No,Yes,6,0
3616,Namrata Bansal,Female,24,2020,Christ University Bangalore,B.Sc (IT),Information Technology,5.58,3,No,Yes,0,5,Java | Docker | Linux,Cutshort,JPMorgan India,Consulting,Marketing Analyst,Part-time,Mysuru,2023-10-14,Offer,3.0,19,713006.0,2684,83,Not Available,No,5,3
3618,Wasim Naik,Male,22,2024,Amity University Noida,MCA,Computer Applications,6.98,2,No,Yes,4,3,Tableau | Spring Boot | Azure | Swift,Campus Placement,Microsoft India,AgriTech,Cloud Engineer,Contract,Hyderabad,2024-07-13,Offer,2.0,12,764655.0,649,64,Not Available,No,7,0
3621,Dhruv Jain,Male,21,2024,IIT Kharagpur,BCA,Computer Applications,7.16,2,No,Yes,1,3,Problem Solving | Python,Naukri,Swiggy,Media & Entertainment,Cybersecurity Analyst,Internship,Vadodara,2024-04-16,Applied,Not Available,26,Not Available,1028,87,Not Available,Yes,4,0
3622,Girish Bisht,Male,25,2021,XLRI Jamshedpur,MBA,Marketing,7.34,2,No,Yes,3,4,PyTorch | Flutter | Ruby on Rails,Internshala,ICICI Bank,EdTech,Product Manager,Internship,Surat,2021-01-19,Online Assessment,Not Available,40,Not Available,1732,70,Not Available,Yes,7,0
3623,Shivam Rajan,Male,25,2022,IIT Kharagpur,B.Sc (CS),Computer Science,9.89,3,No,No,2,5,Flutter | GraphQL | MongoDB | Power BI | Spark,LinkedIn,Practo,HealthTech,Operations Analyst,Full-time,Surat,2023-04-05,Online Assessment,Not Available,8,Not Available,275,76,No,No,7,1
3625,Siddharth Anand,Male,20,2022,IIIT Allahabad,BBA,Marketing,6.72,0,No,No,0,5,Flutter | Cybersecurity | Laravel | Git,LinkedIn,Tata Steel,AgriTech,Embedded Engineer,Internship,Jaipur,2023-04-04,Applied,Not Available,27,Not Available,183,85,No,No,5,1
3629,Simran Gupta,Female,25,2021,Presidency University Kolkata,B.Tech,Computer Science,8.3,2,No,Yes,4,0,PyTorch | MATLAB | Scala,Unstop,Bajaj Finserv,Consulting,Systems Engineer,Full-time,Kochi,2022-12-05,Rejected,5.0,26,Not Available,1670,70,Not Available,No,4,1
3631,Yukti Thakur,Female,24,2023,IIEST Shibpur,MCA,Computer Applications,6.3,2,No,No,3,1,SQL | Deep Learning,LinkedIn,IBM India,AgriTech,Data Scientist,Internship,Visakhapatnam,2023-01-15,Technical Interview,3.0,26,Not Available,1639,65,No,No,4,0
3632,Lavanya Sandhu,Female,26,2020,Chandigarh University,B.Sc (IT),Information Technology,8.42,0,No,No,2,5,R | Java | Bash Scripting | Ruby on Rails | MongoDB,AngelList,BYJU's,Manufacturing,Digital Marketing Executive,Full-time,Vadodara,2021-06-19,Rejected,4.0,15,Not Available,2584,88,Not Available,No,7,1
3633,Furqan Joshi,Male,24,2020,KIIT Bhubaneswar,B.Com,Accounting,5.78,3,No,No,3,5,Figma | Tableau | Kubernetes,Indeed,Cognizant,Consulting,Backend Developer,Contract,Lucknow,2022-01-23,Offer,4.0,3,364482.0,1664,75,Not Available,Yes,8,2
3635,Payal Jadhav,Female,22,2020,GLA University Mathura,M.Tech,Computer Science,6.29,0,No,No,5,4,MongoDB | Machine Learning | Selenium | Java | PHP,Naukri,Delhivery,Media & Entertainment,Full Stack Developer,Internship,Jaipur,2022-02-07,HR Interview,2.0,20,Not Available,2105,83,Not Available,Yes,9,2
3637,Balram Shukla,Male,27,2020,Jadavpur University Kolkata,B.Tech,Data Science,7.58,2,No,Yes,6,1,Node.js | Scala | Kubernetes,Naukri,Qualcomm India,IT/Software,Sales Executive,Internship,Noida,2021-08-19,Online Assessment,Not Available,27,Not Available,518,93,Not Available,No,7,1
3638,Falak Shah,Female,26,2024,XLRI Jamshedpur,B.Com,Finance,5.93,3,Yes,Yes,3,4,Bash Scripting | Spring Boot | Deep Learning | Git,Campus Placement,Deloitte,HealthTech,Finance Analyst,Full-time,Surat,2024-04-10,HR Interview,2.0,44,Not Available,1661,94,Not Available,No,7,0
3640,Amrita Goyal,Female,25,2021,IIT Hyderabad,B.E.,Computer Science,9.8,0,No,Yes,2,0,Teamwork | MongoDB | Spark | Cybersecurity | R,HackerEarth,Axis Bank,Retail,Recruiter,Internship,Bhopal,2022-05-17,Applied,Not Available,34,Not Available,2024,91,Not Available,No,2,1
3641,Divya Iyer,Female,21,2021,NIT Warangal,M.Tech,Software Engineering,9.29,2,No,No,0,0,Machine Learning | PyTorch | Node.js | AWS | Spring Boot,LinkedIn,Wipro,Retail,iOS Developer,Internship,Chennai,2024-10-27,Shortlisted,Not Available,2,Not Available,657,98,No,No,0,3
3642,Vijay Grewal,Male,27,2021,Delhi University,BBA,Finance,9.21,0,No,No,1,0,JavaScript | Hive | Excel,LinkedIn,Tata Steel,HealthTech,Full Stack Developer,Full-time,Kolkata,2023-11-17,Shortlisted,Not Available,14,Not Available,1930,91,No,Yes,1,2
3644,Nisha Shah,Female,26,2020,NIT Surathkal,M.Tech,Computer Science,7.28,0,No,No,6,2,Hive | Cybersecurity | Linux | Data Analysis | Kubernetes,Indeed,Cognizant,FinTech,SEO Analyst,Full-time,Bhopal,2021-05-23,Applied,Not Available,28,Not Available,2417,60,Not Available,No,8,1
3646,Tanvi Mehta,Female,26,2022,COEP Pune,B.Sc (CS),Computer Science,9.46,3,No,No,4,1,Docker | Flutter | Hive | Django | SQL,AngelList,Zoho,Media & Entertainment,Cloud Engineer,Full-time,Noida,2023-12-08,Technical Interview,3.0,32,Not Available,288,99,Not Available,No,5,1
3648,Suresh Yadav,Male,21,2023,COEP Pune,B.Com,Finance,8.01,1,No,No,6,0,Flutter | Django | Git | Figma | Spring Boot,Naukri,Zoho,IT/Software,Software Engineer,Full-time,Delhi NCR,2024-07-17,Offer,2.0,11,1173558.0,239,87,Not Available,No,6,1
3649,Mayank Agarwal,Male,21,2021,Mumbai University,B.Sc (IT),Information Technology,5.52,0,No,Yes,2,4,MATLAB | Data Analysis | TensorFlow | PHP,LinkedIn,Capgemini,Automotive,Cybersecurity Analyst,Full-time,Bhopal,2023-05-24,Online Assessment,Not Available,37,Not Available,1741,83,Yes,No,6,2
3652,Devika Reddy,Female,24,2020,Osmania University Hyderabad,B.Tech,Information Technology,8.41,3,Yes,Yes,3,0,Deep Learning | Python | Figma,Indeed,Urban Company,Banking & Finance,Recruiter,Full-time,Mysuru,2023-02-01,Shortlisted,Not Available,1,Not Available,1117,97,Not Available,No,3,3
3653,Neeraj Chaudhary,Male,20,2022,XLRI Jamshedpur,MCA,Computer Applications,7.05,3,No,Yes,2,3,Ruby on Rails | Tableau | Python | Spark,LinkedIn,TCS,Telecom,Content Writer,Full-time,Delhi NCR,2024-12-04,Shortlisted,Not Available,28,Not Available,697,67,No,Yes,5,2
3654,Gouri Pandey,Female,22,2021,Anna University Chennai,B.Com,Finance,6.9,2,No,No,2,5,Selenium | REST APIs | MongoDB,Campus Placement,Axis Bank,Banking & Finance,Marketing Analyst,Full-time,Bhopal,2023-06-08,Online Assessment,Not Available,36,Not Available,658,70,Not Available,No,7,2
3655,Tarun Rawat,Male,23,2021,IIIT Bangalore,MBA,Business Analytics,6.13,2,Yes,No,2,0,Flutter | JavaScript | Spark,HackerEarth,1mg,FinTech,Cybersecurity Analyst,Contract,Bhopal,2023-11-12,Shortlisted,Not Available,43,Not Available,1277,97,Not Available,No,2,2
3657,Divya Biswas,Female,22,2021,IIM Bangalore,MBA,Business Analytics,5.76,1,No,No,1,3,Spark | PyTorch,Referral,Ola,EdTech,iOS Developer,Full-time,Gurugram,2024-03-15,Shortlisted,Not Available,39,Not Available,419,84,Not Available,No,4,3
3658,Trisha Sandhu,Female,20,2020,NIT Calicut,MCA,Computer Applications,6.1,0,No,No,5,1,TensorFlow | Java | C++,LinkedIn,1mg,Manufacturing,UX Designer,Contract,Patna,2022-12-08,Applied,Not Available,10,Not Available,1488,69,No,No,6,2
3662,Siddharth Mehta,Male,25,2021,SRM University Chennai,B.E.,Civil,6.77,0,No,No,4,5,Django | Flutter | TypeScript | React | Leadership,Internshala,Coforge,Manufacturing,iOS Developer,Full-time,Bengaluru,2021-07-24,Online Assessment,Not Available,37,Not Available,2499,95,Not Available,No,9,0
3663,Jyoti Biswas,Female,27,2024,Amity University Noida,M.Tech,Computer Science,9.87,2,No,No,4,3,Bash Scripting | JavaScript | Java | Leadership | Azure,Campus Placement,Freshworks,Telecom,Database Administrator,Full-time,Chandigarh,2024-04-08,Technical Interview,1.0,21,Not Available,999,73,Not Available,No,7,0
3664,Dhruv Goyal,Male,23,2020,NIT Surathkal,BCA,Computer Applications,7.98,2,Yes,No,4,2,Ruby on Rails | TensorFlow,AngelList,Qualcomm India,E-commerce,Backend Developer,Full-time,Chandigarh,2024-04-17,Withdrawn,Not Available,2,Not Available,1460,68,Not Available,No,6,4
3666,Naveen Soni,Male,26,2023,SRM University Chennai,B.E.,Electrical,9.32,1,No,Yes,6,2,Java | React | Cybersecurity | Teamwork,LinkedIn,L&T Infotech,E-commerce,Data Scientist,Internship,Jaipur,2024-11-20,Applied,Not Available,3,Not Available,2809,58,No,No,8,1
3668,Ojaswini More,Female,26,2021,Amity University Noida,B.E.,Computer Science,6.79,0,Yes,Yes,6,2,Excel | Spark | Tableau | React,LinkedIn,Bosch India,Manufacturing,Recruiter,Full-time,Mysuru,2023-08-15,Technical Interview,2.0,45,Not Available,1297,70,No,No,8,2
3670,Trisha Oswal,Female,26,2024,Mumbai University,MCA,Computer Applications,8.33,0,No,Yes,1,5,Kotlin | React,LinkedIn,JPMorgan India,E-commerce,Marketing Analyst,Full-time,Lucknow,2024-04-08,Rejected,3.0,35,Not Available,1206,87,No,No,6,0
3671,Simran Nair,Female,22,2024,Osmania University Hyderabad,BCA,Computer Applications,5.83,2,No,Yes,2,5,Linux | PyTorch | Communication | React | REST APIs,Referral,Amazon India,HealthTech,Full Stack Developer,Part-time,Surat,2024-07-04,Online Assessment,Not Available,42,Not Available,2035,89,Not Available,No,7,0
3672,Varun Jain,Male,24,2022,NIT Warangal,B.Sc (IT),Information Technology,6.8,2,No,Yes,1,3,Node.js | Swift,Monster,Capgemini,Retail,DevOps Engineer,Full-time,Visakhapatnam,2023-08-21,HR Interview,3.0,3,Not Available,1167,99,Not Available,Yes,4,1
3675,Gaurav Chopra,Male,22,2023,Delhi University,M.Tech,Data Science,5.81,3,No,Yes,0,2,MATLAB | Swift | Tableau,HackerEarth,Google India,Retail,SEO Analyst,Full-time,Indore,2024-02-29,Shortlisted,Not Available,20,Not Available,1569,83,Not Available,No,2,1
3676,Indira Tiwari,Female,26,2020,SP Jain Mumbai,B.Sc (IT),Information Technology,9.86,0,No,No,1,3,C++ | REST APIs | Azure,LinkedIn,Tech Mahindra,Telecom,Software Engineer,Full-time,Noida,2021-12-23,Applied,Not Available,45,Not Available,682,82,No,No,4,1
3677,Kirti Mehta,Female,27,2020,XLRI Jamshedpur,B.Com,Finance,6.98,2,No,Yes,6,0,MongoDB | Git | Excel,Internshala,Swiggy,Consulting,Full Stack Developer,Full-time,Bhubaneswar,2024-03-09,Offer,2.0,13,943985.0,243,65,Not Available,No,6,4
3678,Jignesh Krishnan,Male,26,2022,Anna University Chennai,B.Sc (CS),Computer Science,6.28,1,No,Yes,6,0,JavaScript | Power BI | Django | Leadership | Flutter,LinkedIn,Deloitte,Automotive,UX Designer,Internship,Hyderabad,2024-06-24,Shortlisted,Not Available,17,Not Available,293,85,No,Yes,6,2
3680,Nisha Dubey,Female,25,2023,Mumbai University,MCA,Computer Applications,7.14,3,No,Yes,0,1,Figma | Flutter | GraphQL,Referral,Practo,Logistics,HR Executive,Contract,Visakhapatnam,2023-11-25,Online Assessment,Not Available,19,Not Available,2045,59,Not Available,No,1,0
3681,Sarika Khatri,Female,27,2022,SVNIT Surat,MCA,Computer Applications,9.75,3,No,Yes,6,0,Swift | Spark,Referral,Goldman Sachs,HealthTech,Content Writer,Full-time,Kolkata,2023-10-10,Online Assessment,Not Available,1,Not Available,1146,89,Not Available,No,6,1
3682,Ishaan Dixit,Male,23,2020,Osmania University Hyderabad,BCA,Computer Applications,7.76,3,No,Yes,6,1,Scala | Communication,Referral,Zoho,Manufacturing,Operations Analyst,Full-time,Gurugram,2022-01-28,Offer,5.0,8,442905.0,2932,82,Not Available,No,7,2
3685,Harsh Jain,Male,22,2020,HBTU Kanpur,B.E.,Mechanical,9.9,0,No,Yes,1,0,Bash Scripting | PHP,Indeed,Axis Bank,Logistics,Backend Developer,Full-time,Gurugram,2023-04-03,Shortlisted,Not Available,19,Not Available,2533,93,Not Available,No,1,3
3687,Neha Chopra,Female,20,2022,Amity University Noida,B.Com,Finance,7.12,1,No,Yes,0,2,MATLAB | AWS | Azure,Naukri,Zoho,Retail,Cloud Engineer,Internship,Kolkata,2024-01-05,Shortlisted,Not Available,26,Not Available,313,81,Not Available,No,2,2
3689,Dipali Arora,Female,26,2022,Anna University Chennai,B.Sc (CS),Computer Science,6.35,0,No,No,2,1,Spring Boot | Docker | Scala,Referral,Ola,Telecom,Operations Analyst,Full-time,Hyderabad,2022-12-20,Applied,Not Available,41,Not Available,2232,87,Not Available,No,3,0
3691,Manish Oberoi,Male,23,2023,IIT Kanpur,BCA,Computer Applications,7.72,0,Yes,Yes,1,5,Power BI | REST APIs | Hive | GraphQL | Docker,Cutshort,Samsung India,HealthTech,iOS Developer,Full-time,Ahmedabad,2023-08-06,Applied,Not Available,39,Not Available,2122,71,Not Available,No,6,0
3692,Tanvi Bhatt,Female,22,2021,IIM Calcutta,B.Com,Finance,6.14,2,No,Yes,1,3,Networking | Linux | Hadoop | Communication,LinkedIn,Tech Mahindra,Consulting,QA Engineer,Part-time,Surat,2022-04-30,Online Assessment,Not Available,3,Not Available,979,94,Yes,No,4,1
3693,Elina Majumdar,Female,27,2020,NIT Warangal,BCA,Computer Applications,7.56,1,No,Yes,5,0,Django | Java | Networking | Scala | Kotlin,LinkedIn,Absolutdata,AgriTech,Operations Analyst,Full-time,Visakhapatnam,2021-03-17,Rejected,2.0,40,Not Available,2191,57,No,No,5,1
3694,Devika Verma,Female,26,2020,SP Jain Mumbai,B.Sc (IT),Information Technology,6.06,1,No,Yes,2,0,Power BI | Spark,Internshala,IBM India,Manufacturing,Finance Analyst,Full-time,Kolkata,2022-09-25,Applied,Not Available,29,Not Available,461,97,Not Available,Yes,2,2
3696,Aarti Chatterjee,Female,22,2021,Bangalore University,B.E.,Civil,6.53,2,No,Yes,6,2,REST APIs | Spring Boot | Scala,Referral,IBM India,Media & Entertainment,DevOps Engineer,Full-time,Lucknow,2023-01-27,Technical Interview,5.0,28,Not Available,241,74,Not Available,No,8,2
3699,Divya Chopra,Female,24,2023,SP Jain Mumbai,BBA,HR,7.86,0,No,Yes,3,1,Networking | PHP,Referral,Tiger Analytics,Automotive,SEO Analyst,Internship,Noida,2024-09-26,Applied,Not Available,34,Not Available,840,86,Not Available,No,4,1
3700,Indira Dhillon,Female,25,2021,IIM Calcutta,B.Com,Accounting,8.67,0,No,No,5,2,Azure | Problem Solving | Leadership,Naukri,Mu Sigma,Retail,Cybersecurity Analyst,Contract,Ahmedabad,2022-03-06,Shortlisted,Not Available,26,Not Available,1675,57,Not Available,No,7,1
3701,Vinay Bajaj,Male,27,2021,IIM Ahmedabad,M.Tech,Software Engineering,7.9,3,No,No,3,3,Hadoop | Bash Scripting,Indeed,Flipkart,Media & Entertainment,DevOps Engineer,Full-time,Coimbatore,2024-08-30,Applied,Not Available,12,Not Available,2991,81,Not Available,No,6,3
3703,Qasim Sandhu,Male,26,2020,JNTUH Hyderabad,BBA,Business Administration,5.96,1,No,Yes,5,4,Networking | JavaScript | Hadoop,Referral,Intel India,AgriTech,Marketing Analyst,Full-time,Bengaluru,2022-09-23,Technical Interview,5.0,35,Not Available,2038,96,Not Available,No,9,2
3704,Simran Dhillon,Female,21,2023,IIM Bangalore,BCA,Computer Applications,6.24,0,Yes,Yes,0,3,TypeScript | Kubernetes | Excel | Teamwork | Power BI,LinkedIn,Tata Steel,IT/Software,Data Scientist,Full-time,Noida,2023-03-15,Applied,Not Available,6,Not Available,1564,77,Yes,No,3,0
3705,Keshav Lodha,Male,26,2022,COEP Pune,B.Sc (CS),Computer Science,9.92,1,No,Yes,2,5,PyTorch | Django,LinkedIn,1mg,Media & Entertainment,Recruiter,Full-time,Indore,2023-09-12,Offer,3.0,23,813667.0,1926,78,Yes,No,7,1
3707,Yamini Kumar,Female,20,2023,Mumbai University,B.Com,Accounting,8.6,1,No,No,6,1,Hadoop | Azure | Java | TensorFlow | Data Analysis,Internshala,Practo,FinTech,Finance Analyst,Internship,Coimbatore,2023-10-16,Applied,Not Available,3,Not Available,282,79,Not Available,No,7,0
3708,Mohini Chopra,Female,24,2021,RV College Bangalore,BCA,Computer Applications,8.17,3,No,Yes,6,5,Laravel | Flutter | Cybersecurity,Internshala,Zerodha,Telecom,Software Engineer,Full-time,Nagpur,2023-03-27,Online Assessment,Not Available,29,Not Available,2616,70,Not Available,No,11,2
3710,Ishan Sodhi,Male,27,2022,Christ University Bangalore,BCA,Computer Applications,5.63,1,No,Yes,5,2,GraphQL | Data Analysis | Spring Boot,Indeed,L&T Infotech,Manufacturing,iOS Developer,Internship,Bhopal,2023-11-15,Applied,Not Available,37,Not Available,466,75,Not Available,No,7,1
3711,Brijesh Reddy,Male,26,2021,IIIT Bangalore,B.Com,Accounting,6.8,2,No,Yes,3,4,Scala | PHP | Networking | Communication,LinkedIn,L&T Infotech,E-commerce,Product Manager,Internship,Bhopal,2021-11-27,Shortlisted,Not Available,25,Not Available,415,93,No,No,7,0
3712,Lalit Patel,Male,25,2020,RV College Bangalore,B.Sc (CS),Computer Science,6.91,2,No,No,5,2,Hive | R | Ruby on Rails,AngelList,Groww,EdTech,HR Executive,Full-time,Coimbatore,2021-04-29,HR Interview,3.0,42,Not Available,1499,91,Not Available,No,7,1
3713,Hitesh Jain,Male,25,2023,PES University Bangalore,MBA,Marketing,8.56,1,No,No,5,3,Cybersecurity | Machine Learning | Spark | AWS,Indeed,Delhivery,Retail,Frontend Developer,Full-time,Indore,2024-02-10,Applied,Not Available,16,Not Available,373,72,Not Available,No,8,1
3716,Hema Mishra,Female,25,2021,Kalinga University,MBA,Operations,7.23,2,No,Yes,1,0,Node.js | PyTorch | Kotlin,LinkedIn,Infosys,HealthTech,Digital Marketing Executive,Full-time,Bhopal,2023-08-28,Offer,5.0,39,507865.0,274,60,No,No,1,2
3719,Sonali Bansal,Prefer not to say,24,2022,Bangalore University,MCA,Computer Applications,7.17,1,No,Yes,5,1,Networking | Figma | REST APIs,Internshala,Delhivery,AgriTech,Recruiter,Internship,Vadodara,2023-05-12,Applied,Not Available,16,Not Available,58,61,Not Available,No,6,1
3725,Jagdish Dubey,Male,22,2023,DTU Delhi,B.Com,Finance,6.4,2,No,Yes,1,1,Azure | Problem Solving | Flutter | TypeScript | JavaScript,Campus Placement,Wipro,AgriTech,Full Stack Developer,Contract,Bengaluru,2024-03-26,Rejected,1.0,36,Not Available,1993,96,Not Available,No,2,1
3726,Bhumi Biswas,Female,23,2021,NIT Warangal,BCA,Computer Applications,8.51,1,No,No,4,2,Problem Solving | SQL | Python,Naukri,Morgan Stanley India,Media & Entertainment,SEO Analyst,Full-time,Chandigarh,2024-11-19,HR Interview,3.0,23,Not Available,278,61,Not Available,No,6,3
3727,Harish Subramaniam,Male,23,2020,IIT Delhi,BCA,Computer Applications,9.27,0,Yes,Yes,1,3,Git | Django | C++ | Leadership | Teamwork,AngelList,Coforge,FinTech,Frontend Developer,Full-time,Bengaluru,2024-10-21,Applied,Not Available,39,Not Available,2511,92,Not Available,No,4,4
3731,Diya Rastogi,Female,25,2022,Jadavpur University Kolkata,MBA,Business Analytics,7.17,1,No,No,1,0,Networking | Swift | AWS | Linux | Cybersecurity,Naukri,HCL Technologies,E-commerce,Technical Support Engineer,Internship,Bhopal,2024-04-21,Technical Interview,2.0,24,Not Available,1926,67,Not Available,No,1,2
3732,Varsha Saxena,Female,25,2021,BITS Goa,B.Sc (IT),Information Technology,7.23,3,No,No,0,1,Node.js | REST APIs | Power BI | PyTorch | TypeScript,AngelList,Tata Steel,HealthTech,Data Analyst,Internship,Kolkata,2022-10-21,Shortlisted,Not Available,33,Not Available,1927,74,Not Available,No,1,1
3733,Sneha Trivedi,Female,23,2020,Pune University,B.Sc (CS),Computer Science,5.87,1,Yes,No,1,0,Django | C++ | MongoDB | Kotlin,Unstop,Zoho,E-commerce,HR Executive,Internship,Patna,2023-05-30,Shortlisted,Not Available,18,Not Available,363,88,Not Available,No,1,3
3735,Farida Krishnan,Prefer not to say,25,2024,Nirma University Ahmedabad,BCA,Computer Applications,6.18,2,No,Yes,2,3,Hive | Selenium | Kotlin,LinkedIn,Infosys,Retail,iOS Developer,Full-time,Remote,2024-04-26,Offer,1.0,13,823406.0,1358,78,Yes,No,5,0
3736,Ritesh Mishra,Male,22,2024,IIM Ahmedabad,B.E.,Civil,6.74,1,No,No,0,4,Excel | Hive | Git | Laravel | Linux,HackerEarth,Freshworks,AgriTech,Business Analyst,Full-time,Jaipur,2024-06-12,Applied,Not Available,28,Not Available,107,69,Not Available,No,4,0
3737,Leena Dixit,Female,20,2022,MNNIT Allahabad,BCA,Computer Applications,7.02,1,No,No,6,2,Spark | Deep Learning,LinkedIn,Amazon India,Manufacturing,DevOps Engineer,Internship,Remote,2023-06-08,Applied,Not Available,6,Not Available,2483,89,No,No,8,1
3739,Lavanya Oberoi,Female,27,2020,IIM Bangalore,BBA,HR,8.54,0,No,Yes,4,1,AWS | Scala | GraphQL,Shine,Upstox,EdTech,Systems Engineer,Full-time,Kochi,2021-06-08,Applied,Not Available,2,Not Available,1939,58,Not Available,No,5,1
3741,Akhil Walia,Male,21,2020,Christ University Bangalore,MBA,Operations,8.86,3,No,Yes,2,2,Git | React | Cybersecurity,TimesJobs,Siemens India,Logistics,Database Administrator,Internship,Mumbai,2023-08-01,Shortlisted,Not Available,32,Not Available,2482,88,Not Available,No,4,3
3742,Ruhi Choudhury,Female,24,2021,IIM Bangalore,M.Tech,AI/ML,8.87,2,No,Yes,3,5,Data Analysis | Teamwork | Problem Solving,Unstop,Ola,E-commerce,QA Engineer,Full-time,Indore,2021-06-18,Offer,1.0,1,754589.0,1487,85,Not Available,Yes,8,0
3743,Nikhil Pillai,Male,24,2021,IIM Bangalore,B.Sc (IT),Information Technology,8.13,3,No,Yes,0,4,MongoDB | PHP | Azure | Node.js,HackerEarth,NIIT Technologies,HealthTech,Systems Engineer,Full-time,Bengaluru,2021-04-16,Technical Interview,5.0,1,Not Available,2458,89,Not Available,No,4,0
3744,Tushar Roy,Male,22,2024,IIM Bangalore,B.Tech,Data Science,7.53,0,No,No,0,0,Tableau | Django,Naukri,Capgemini,HealthTech,Network Engineer,Full-time,Kochi,2024-04-28,Online Assessment,Not Available,13,Not Available,2509,85,Not Available,Yes,0,0
3746,Sachin Mishra,Male,20,2023,IIT Delhi,B.Tech,Electrical Engineering,6.2,2,No,No,2,4,Git | PHP,Indeed,Flipkart,Logistics,UX Designer,Full-time,Ahmedabad,2024-03-19,HR Interview,3.0,13,Not Available,2654,87,Not Available,No,6,1
3748,Tushar Tiwari,Male,24,2023,Christ University Bangalore,B.Sc (CS),Computer Science,5.54,3,No,Yes,5,1,Scala | Figma | SQL,Naukri,Cognizant,Telecom,Frontend Developer,Full-time,Kochi,2024-08-15,Technical Interview,2.0,43,Not Available,2996,85,Not Available,Yes,6,1
3749,Chetna Khanna,Female,22,2023,MDI Gurgaon,MCA,Computer Applications,7.66,0,No,No,2,2,Azure | Flutter,Unstop,Citi India,IT/Software,Database Administrator,Part-time,Pune,2024-11-08,HR Interview,2.0,3,Not Available,387,92,Not Available,No,4,1
3752,Mohini Kumar,Female,20,2023,Chandigarh University,BCA,Computer Applications,7.7,0,No,Yes,1,0,Teamwork | Tableau | Bash Scripting | AWS | Node.js,LinkedIn,Tiger Analytics,Automotive,Data Scientist,Full-time,Hyderabad,2023-06-27,Applied,Not Available,18,Not Available,1564,72,No,Yes,1,0
3753,Kartik Iyer,Male,27,2021,IIM Ahmedabad,B.Com,Finance,6.75,3,No,No,6,1,Laravel | Power BI | R | SQL | MongoDB,Naukri,Tata Steel,E-commerce,ML Engineer,Contract,Patna,2024-12-20,Technical Interview,1.0,13,Not Available,2357,65,Not Available,No,7,3
3754,Nidhi Pandey,Female,24,2020,JNTUH Hyderabad,B.Tech,Chemical Engineering,6.24,0,No,No,3,4,Leadership | Scala | Deep Learning | Kotlin,LinkedIn,Wipro,Automotive,Digital Marketing Executive,Contract,Gurugram,2022-10-27,Shortlisted,Not Available,17,Not Available,2906,82,Yes,No,7,2
3755,Zara Kulkarni,Female,23,2020,GLA University Mathura,MCA,Computer Applications,5.63,3,No,Yes,3,2,AWS | Cybersecurity | C++,Naukri,Microsoft India,AgriTech,DevOps Engineer,Full-time,Hyderabad,2024-05-25,Applied,Not Available,30,Not Available,492,67,Not Available,No,5,4
3756,Abhinav Chaudhary,Male,20,2021,BITS Pilani,B.Sc (IT),Information Technology,6.56,0,No,No,4,3,Linux | Hive | PyTorch | Leadership | Data Analysis,Unstop,Meesho,E-commerce,Technical Support Engineer,Full-time,Gurugram,2023-01-21,Shortlisted,Not Available,39,Not Available,753,75,Not Available,No,7,2
3757,Geetanjali Naik,Prefer not to say,24,2022,IIT Roorkee,BCA,Computer Applications,8.43,2,No,No,0,4,Deep Learning | Figma | Excel | Spring Boot,Campus Placement,Ola,Telecom,Cloud Engineer,Full-time,Jaipur,2024-02-26,Shortlisted,Not Available,37,Not Available,1755,70,Not Available,No,4,2
3759,Omkar Gupta,Male,26,2024,Symbiosis Pune,M.Tech,AI/ML,6.83,2,No,No,6,3,Selenium | Problem Solving,Unstop,Siemens India,AgriTech,HR Executive,Full-time,Bhubaneswar,2024-01-18,Applied,Not Available,6,Not Available,2050,94,Not Available,No,9,0
3763,Naveen Sandhu,Male,20,2020,Amity University Noida,B.Com,Commerce,9.0,3,Yes,Yes,4,5,AWS | Java | Linux,LinkedIn,Paytm,Media & Entertainment,Cloud Engineer,Full-time,Remote,2024-12-06,Applied,Not Available,26,Not Available,1054,66,No,No,9,4
3764,Arnav Mukherjee,Male,20,2023,IIEST Shibpur,B.Sc (CS),Computer Science,5.96,1,Yes,Yes,2,5,Laravel | Problem Solving | MongoDB,LinkedIn,HDFC Bank,Banking & Finance,Software Engineer,Full-time,Kolkata,2024-02-24,Withdrawn,Not Available,7,Not Available,1402,62,No,Yes,7,1
3765,Vandana Bhatt,Female,26,2021,DTU Delhi,M.Tech,Computer Science,8.5,3,No,Yes,1,0,Java | R,Freshersworld,Tata Steel,Retail,Software Engineer,Internship,Surat,2021-12-16,Withdrawn,Not Available,11,Not Available,1803,81,Not Available,No,1,0
3766,Naman Kumar,Male,24,2021,PES University Bangalore,MBA,Finance,6.41,2,No,Yes,3,0,Spring Boot | Git | Excel | Problem Solving | Kotlin,Naukri,Goldman Sachs,Manufacturing,Frontend Developer,Internship,Bhubaneswar,2022-08-29,Technical Interview,3.0,34,Not Available,2675,57,Not Available,No,3,1
3767,Alpana Bose,Female,23,2020,VIT Vellore,B.E.,Computer Science,5.98,1,No,No,5,2,JavaScript | R | Hadoop | PHP,Naukri,Coforge,Telecom,Data Analyst,Full-time,Chennai,2021-06-22,Shortlisted,Not Available,17,Not Available,1657,73,Not Available,No,7,1
3769,Khushi Mishra,Female,21,2022,IIT Hyderabad,B.Tech,Computer Science,8.2,2,No,Yes,4,2,Linux | Spark,Unstop,NIIT Technologies,Manufacturing,Data Scientist,Full-time,Mumbai,2024-09-07,Withdrawn,Not Available,34,Not Available,721,84,Not Available,No,6,2
3771,Omna Agarwal,Female,25,2020,NIT Surathkal,B.E.,Electrical,9.72,2,No,No,6,2,Hive | Linux | MATLAB | R | C++,AngelList,IBM India,Media & Entertainment,Embedded Engineer,Full-time,Bengaluru,2024-09-26,Applied,Not Available,23,Not Available,1704,56,Not Available,No,8,4
3773,Ekansh Agarwal,Male,23,2022,IIM Ahmedabad,M.Tech,Computer Science,8.63,0,No,No,1,2,REST APIs | Linux | JavaScript | Problem Solving | Kotlin,AngelList,Accenture,FinTech,Frontend Developer,Full-time,Surat,2024-01-17,Offer,2.0,42,351437.0,937,91,Not Available,No,3,2
3779,Utsav Mehta,Male,27,2022,IIT Roorkee,MCA,Computer Applications,8.35,1,No,No,4,4,Node.js | Spark | Ruby on Rails | Docker,Naukri,MakeMyTrip,Retail,Sales Executive,Full-time,Hyderabad,2024-10-12,Offer,1.0,22,762494.0,2660,58,Not Available,No,8,2
3790,Janhavi Dixit,Female,21,2020,Nirma University Ahmedabad,B.Tech,Chemical Engineering,6.22,1,No,Yes,4,4,Spring Boot | Data Analysis,AngelList,Fractal Analytics,Telecom,QA Engineer,Full-time,Chennai,2024-08-22,Applied,Not Available,12,Not Available,2672,76,Not Available,Yes,8,4
3791,Gopal Ahuja,Male,23,2021,IIM Ahmedabad,B.E.,Civil,9.1,2,No,Yes,0,4,C++ | PyTorch,Naukri,1mg,Media & Entertainment,Content Writer,Full-time,Lucknow,2021-03-24,Technical Interview,1.0,39,Not Available,1977,74,Not Available,No,4,0
3792,Yukti Lal,Female,22,2023,VIT Vellore,B.Tech,Data Science,9.71,1,No,No,1,3,Hive | Azure,LinkedIn,Microsoft India,Media & Entertainment,Frontend Developer,Internship,Chandigarh,2024-09-01,Online Assessment,Not Available,33,Not Available,1504,90,No,Yes,4,1
3793,Payal Ghosh,Female,20,2023,NIT Calicut,BBA,Finance,9.77,1,No,No,4,0,Kotlin | MATLAB | Swift,Internshala,Accenture,Banking & Finance,Finance Analyst,Internship,Lucknow,2023-10-27,Technical Interview,3.0,31,Not Available,640,98,Not Available,No,4,0
3794,Kirti Verma,Female,23,2023,KIIT Bhubaneswar,BCA,Computer Applications,6.29,3,No,No,4,3,AWS | Node.js | TypeScript | MATLAB | PHP,LinkedIn,Deloitte,Banking & Finance,iOS Developer,Contract,Hyderabad,2023-10-08,Offer,4.0,38,602462.0,2983,55,No,Yes,7,0
3795,Diya Saxena,Female,23,2021,IIM Ahmedabad,B.Sc (IT),Information Technology,5.57,0,No,No,4,1,Django | JavaScript | Spring Boot | Problem Solving | Laravel,Campus Placement,Freshworks,EdTech,iOS Developer,Full-time,Indore,2021-07-13,Rejected,2.0,45,Not Available,955,78,Not Available,No,5,0
3796,Aditya Dhillon,Male,23,2021,Symbiosis Pune,B.Sc (IT),Information Technology,5.83,3,No,Yes,5,4,TypeScript | Teamwork,Referral,Bajaj Finserv,FinTech,Content Writer,Internship,Kochi,2023-11-11,HR Interview,5.0,20,Not Available,141,77,Not Available,Yes,9,2
3797,Kunal Subramaniam,Male,27,2021,PES University Bangalore,MCA,Computer Applications,6.62,2,No,No,0,0,Swift | C++ | Power BI | MongoDB,AngelList,Samsung India,Media & Entertainment,Recruiter,Full-time,Gurugram,2022-07-12,Applied,Not Available,13,Not Available,981,75,Not Available,No,0,1
3798,Isha Garg,Female,26,2023,JNTUH Hyderabad,B.Tech,Information Technology,9.93,2,Yes,Yes,6,1,React | R | AWS | Git | TensorFlow,Referral,Amazon India,Banking & Finance,Software Engineer,Internship,Nagpur,2024-08-04,Shortlisted,Not Available,35,Not Available,1436,70,Not Available,No,7,1
3802,Eklavya Hegde,Male,21,2022,Anna University Chennai,B.E.,Electronics,5.61,3,No,Yes,2,1,TensorFlow | Hive | Scala | Spring Boot,LinkedIn,Razorpay,Banking & Finance,Systems Engineer,Contract,Bengaluru,2022-03-04,Rejected,3.0,1,Not Available,2170,55,No,No,3,0
3807,Jignesh Lodha,Male,25,2020,DTU Delhi,B.Com,Finance,8.42,0,No,Yes,6,1,Deep Learning | Linux,LinkedIn,Groww,Banking & Finance,UX Designer,Internship,Bhubaneswar,2023-03-24,Rejected,3.0,9,Not Available,1485,88,Yes,Yes,7,3
3809,Keshav Kulkarni,Male,25,2021,NSUT Delhi,MBA,Operations,9.98,3,Yes,Yes,6,3,Swift | AWS | REST APIs | Selenium | Python,Foundit,Amazon India,E-commerce,Digital Marketing Executive,Full-time,Indore,2021-11-14,HR Interview,5.0,33,Not Available,1897,88,Not Available,Yes,9,0
3810,Khushi Rawat,Female,27,2021,IIM Bangalore,MBA,Operations,8.47,3,No,Yes,1,2,Machine Learning | Data Analysis,Internshala,IBM India,Media & Entertainment,Sales Executive,Full-time,Chennai,2023-05-22,HR Interview,2.0,42,Not Available,981,82,Not Available,No,3,2
3811,Vandana Subramaniam,Female,27,2023,SRM University Chennai,B.Sc (CS),Computer Science,6.23,1,No,No,5,1,Figma | Cybersecurity | Python | TensorFlow | Communication,Indeed,Tata Steel,EdTech,Backend Developer,Full-time,Chandigarh,2023-08-02,Applied,Not Available,9,Not Available,1229,56,Not Available,No,6,0
3812,Itisha Chauhan,Female,26,2022,NIT Warangal,B.Com,Finance,9.52,2,No,No,2,0,GraphQL | Machine Learning | MATLAB | C++,Naukri,Nykaa,EdTech,Embedded Engineer,Full-time,Remote,2023-07-23,Technical Interview,3.0,8,Not Available,168,72,Not Available,Yes,2,1
3813,Dipali Lal,Female,27,2021,Kalinga University,BCA,Computer Applications,8.71,3,No,No,1,0,Bash Scripting | Power BI,Naukri,Urban Company,Banking & Finance,Cloud Engineer,Internship,Chennai,2021-09-10,Technical Interview,4.0,15,Not Available,1795,71,Not Available,No,1,0
3814,Jignesh Negi,Male,24,2022,SRM University Chennai,BCA,Computer Applications,8.75,1,No,No,4,5,REST APIs | Cybersecurity | MongoDB | Django,Cutshort,Citi India,Banking & Finance,Marketing Analyst,Internship,Bengaluru,2024-08-22,Shortlisted,Not Available,17,Not Available,398,69,Not Available,No,9,2
3815,Farhan Rawat,Male,23,2021,MDI Gurgaon,MBA,Operations,7.39,2,No,No,1,3,Kubernetes | PyTorch | Machine Learning,Naukri,Mphasis,Retail,HR Executive,Internship,Indore,2021-10-30,Technical Interview,1.0,22,Not Available,1658,97,Not Available,Yes,4,0
3816,Ishan Roy,Male,20,2020,Delhi University,MBA,Business Analytics,7.76,1,No,No,3,0,R | PyTorch | Leadership | Problem Solving | Tableau,LinkedIn,Infosys,Telecom,Operations Analyst,Full-time,Pune,2022-05-28,Offer,3.0,35,550135.0,2476,87,No,No,3,2
3820,Natasha Pandey,Female,25,2020,DTU Delhi,B.E.,Electronics,6.35,2,No,No,1,1,REST APIs | GraphQL | Spring Boot | Django,Internshala,Amazon India,HealthTech,UX Designer,Full-time,Bhopal,2021-04-20,Online Assessment,Not Available,23,Not Available,2703,84,Not Available,No,2,1
3821,Tarun Khanna,Male,20,2021,Delhi University,BCA,Computer Applications,5.84,3,No,Yes,6,3,Excel | Spring Boot | Teamwork,LinkedIn,Nykaa,Retail,Operations Analyst,Contract,Kochi,2021-01-21,Rejected,4.0,31,Not Available,1274,85,No,No,9,0
3822,Chirag Joshi,Male,23,2020,IIT Madras,B.Tech,Data Science,6.04,0,No,Yes,5,3,SQL | Data Analysis | Flutter | TensorFlow | REST APIs,LinkedIn,HDFC Bank,Logistics,Cybersecurity Analyst,Internship,Kolkata,2024-10-24,Withdrawn,Not Available,23,Not Available,2315,82,No,No,8,4
3827,Riya Rawat,Female,22,2021,SRM University Chennai,B.Com,Finance,6.22,2,Yes,No,1,5,PyTorch | Data Analysis | REST APIs | Communication,Indeed,NIIT Technologies,AgriTech,Backend Developer,Full-time,Delhi NCR,2023-11-12,Shortlisted,Not Available,3,Not Available,2673,86,Not Available,No,6,2
3828,Keshav Venkatesh,Male,23,2023,IIT Roorkee,B.E.,Civil,5.83,2,Yes,Yes,5,1,Python | Java | PHP | Kotlin | Flutter,LinkedIn,Meesho,E-commerce,Product Manager,Full-time,Bhubaneswar,2024-04-06,Online Assessment,Not Available,7,Not Available,1766,66,No,No,6,1
3832,Aarav Iyer,Male,22,2024,NSUT Delhi,BCA,Computer Applications,6.61,0,No,Yes,0,3,Java | Hive | Hadoop,Internshala,Accenture,Retail,Operations Analyst,Full-time,Patna,2024-12-05,Technical Interview,3.0,41,Not Available,1054,80,Not Available,No,3,0
3833,Leena Chaudhary,Female,26,2024,NIT Surathkal,B.Sc (IT),Information Technology,9.18,3,No,Yes,3,5,Linux | Bash Scripting,Internshala,Goldman Sachs,FinTech,Full Stack Developer,Contract,Pune,2024-04-13,Applied,Not Available,38,Not Available,2896,87,Not Available,Yes,8,0
3835,Khushi Bhatia,Female,21,2021,NIT Calicut,B.Sc (IT),Information Technology,6.99,3,No,No,6,0,Communication | MATLAB,Referral,Barclays India,Banking & Finance,Content Writer,Full-time,Vadodara,2024-03-12,Applied,Not Available,29,Not Available,2071,99,Not Available,Yes,6,3
3836,Deepak Tiwari,Male,27,2022,BIT Mesra Ranchi,B.Tech,Mechanical Engineering,9.5,2,No,No,5,5,Kotlin | Deep Learning | Azure,Indeed,Cognizant,Logistics,Business Analyst,Contract,Jaipur,2023-01-15,Technical Interview,4.0,4,Not Available,2840,75,Not Available,No,10,1
3840,Chandni Dhillon,Female,24,2022,BIT Mesra Ranchi,B.E.,Electrical,6.7,0,No,No,3,3,Excel | Communication | Leadership,Referral,Fractal Analytics,Retail,DevOps Engineer,Full-time,Remote,2024-04-23,Offer,2.0,24,1277486.0,1226,93,Not Available,No,6,2
3842,Madhuri Chauhan,Female,23,2021,Amity University Noida,MBA,Finance,5.95,2,No,No,3,3,Flutter | AWS | Docker,LinkedIn,Tech Mahindra,Telecom,Systems Engineer,Full-time,Vadodara,2023-05-22,Applied,Not Available,15,Not Available,738,81,No,No,6,2
3843,Balram Shukla,Male,20,2023,IIM Ahmedabad,B.Tech,Information Technology,7.21,1,No,No,3,3,Django | Tableau,IIMJobs,Flipkart,Media & Entertainment,Software Engineer,Full-time,Remote,2024-07-19,Shortlisted,Not Available,13,Not Available,1119,94,Not Available,No,6,1
3844,Diya Sundaram,Female,22,2022,Bangalore University,B.E.,Mechanical,7.24,0,No,Yes,2,5,Data Analysis | Networking | Spark,Campus Placement,Coforge,Banking & Finance,DevOps Engineer,Full-time,Bhopal,2022-01-04,Shortlisted,Not Available,14,Not Available,2557,86,Not Available,No,7,0
3846,Itisha Jain,Female,21,2024,Lovely Professional University,MCA,Computer Applications,8.22,0,No,No,4,2,Deep Learning | Java | TensorFlow | TypeScript,LinkedIn,Hexaware,Consulting,Marketing Analyst,Full-time,Hyderabad,2024-03-31,Applied,Not Available,24,Not Available,2906,79,No,No,6,0
3850,Leena Menon,Female,22,2020,Symbiosis Pune,B.Com,Commerce,5.6,1,No,No,6,5,Tableau | Ruby on Rails,Cutshort,1mg,Banking & Finance,SEO Analyst,Full-time,Nagpur,2024-03-05,Applied,Not Available,14,Not Available,2903,98,Not Available,No,11,4
3852,Naveen Iyer,Male,24,2020,NIT Warangal,M.Tech,Computer Science,9.47,1,No,Yes,5,3,Laravel | Spring Boot | Docker,Naukri,HCL Technologies,E-commerce,QA Engineer,Internship,Indore,2023-07-16,Offer,1.0,42,11765.0,1723,87,Not Available,No,8,3
3854,Usha Negi,Prefer not to say,24,2020,BIT Mesra Ranchi,B.Sc (CS),Computer Science,7.71,2,No,Yes,0,5,Hadoop | REST APIs | Teamwork,LinkedIn,JPMorgan India,Manufacturing,Network Engineer,Contract,Mysuru,2023-12-06,Applied,Not Available,29,Not Available,2830,58,No,No,5,3
3856,Priya Jain,Prefer not to say,26,2021,Pune University,M.Tech,AI/ML,8.86,2,Yes,No,6,0,Flutter | Spring Boot | Deep Learning | Bash Scripting | Selenium,Unstop,Persistent Systems,Logistics,Operations Analyst,Full-time,Ahmedabad,2022-07-24,Shortlisted,Not Available,9,Not Available,175,83,Not Available,No,6,1
3857,Arjun More,Male,23,2022,IIM Ahmedabad,MCA,Computer Applications,7.11,3,Yes,No,0,2,Selenium | Communication | Spark,Internshala,Mu Sigma,Banking & Finance,ML Engineer,Internship,Bhubaneswar,2023-08-05,Applied,Not Available,36,Not Available,2874,56,Not Available,No,2,1
3858,Shreya Jadhav,Female,25,2020,Thapar University,M.Tech,Data Science,9.74,1,No,No,5,2,Python | Excel | Figma,Naukri,Swiggy,HealthTech,Network Engineer,Full-time,Delhi NCR,2023-05-26,Technical Interview,5.0,22,Not Available,2012,82,Not Available,No,7,3
3863,Komal Khatri,Female,21,2020,IIM Bangalore,BCA,Computer Applications,9.93,2,No,Yes,3,3,SQL | Spring Boot | Scala | Communication | Kotlin,LinkedIn,Tata Steel,EdTech,UX Designer,Full-time,Remote,2022-06-09,Applied,Not Available,19,Not Available,278,57,No,No,6,2
3864,Usha Verma,Female,27,2022,NIT Warangal,B.Tech,Chemical Engineering,7.14,2,No,No,3,1,Data Analysis | React,LinkedIn,Ola,AgriTech,Business Analyst,Full-time,Vadodara,2024-07-04,Applied,Not Available,37,Not Available,2538,95,No,No,4,2
3865,Sagar Sharma,Male,26,2021,HBTU Kanpur,B.Sc (IT),Information Technology,8.65,0,No,No,3,1,Machine Learning | Swift | R | Kotlin,Campus Placement,Citi India,E-commerce,Technical Support Engineer,Full-time,Bhubaneswar,2024-05-04,Withdrawn,Not Available,37,Not Available,288,96,Not Available,No,4,3
3866,Bhavna Khatri,Female,27,2022,Kalinga University,B.Sc (CS),Computer Science,7.03,1,No,No,0,2,Laravel | Teamwork,Hirist,Morgan Stanley India,IT/Software,Finance Analyst,Full-time,Gurugram,2022-03-01,Shortlisted,Not Available,3,Not Available,2330,81,Not Available,No,2,0
3867,Keshav Thakur,Male,25,2020,NIT Trichy,BBA,Business Administration,7.37,0,Yes,Yes,5,4,Ruby on Rails | Hadoop | Machine Learning | Hive,Internshala,Tiger Analytics,Consulting,Data Scientist,Part-time,Coimbatore,2022-12-05,Rejected,5.0,25,Not Available,756,77,Not Available,No,9,2
3868,Dhruv Oswal,Male,25,2023,Chandigarh University,MCA,Computer Applications,7.66,2,No,No,5,2,Scala | Data Analysis,Indeed,Tiger Analytics,Manufacturing,Android Developer,Contract,Nagpur,2023-11-14,Applied,Not Available,20,Not Available,1049,71,Not Available,No,7,0
3869,Ravi Shukla,Male,23,2020,VIT Vellore,M.Tech,Computer Science,6.26,2,No,No,6,2,React | Linux | Excel,Indeed,Citi India,E-commerce,Recruiter,Contract,Mumbai,2021-09-17,Technical Interview,1.0,42,Not Available,2272,63,Not Available,No,8,1
3870,Mukesh Sodhi,Male,24,2021,MDI Gurgaon,B.Com,Commerce,6.29,0,No,No,1,0,Scala | Node.js | TypeScript,Foundit,IBM India,AgriTech,Software Engineer,Internship,Bhubaneswar,2023-08-16,Shortlisted,Not Available,45,Not Available,2023,90,Not Available,No,1,2
3871,Ishaan Sundaram,Male,24,2023,COEP Pune,B.E.,Mechanical,9.67,3,No,No,1,0,Linux | Hive | Machine Learning | PyTorch | Bash Scripting,Unstop,Zerodha,E-commerce,Full Stack Developer,Full-time,Jaipur,2024-06-01,Applied,Not Available,37,Not Available,714,99,Not Available,No,1,1
3872,Arjun Dey,Male,24,2023,IIIT Hyderabad,BBA,Finance,7.21,0,No,No,4,1,Machine Learning | Swift | Excel,Internshala,Paytm,Logistics,Embedded Engineer,Contract,Vadodara,2024-02-27,Online Assessment,Not Available,18,Not Available,392,70,Not Available,No,5,1
3874,Keshav Sundaram,Male,21,2024,IIT Delhi,BBA,HR,5.62,3,No,Yes,2,5,PyTorch | Kubernetes | JavaScript | MongoDB,Naukri,Bajaj Finserv,Media & Entertainment,Embedded Engineer,Full-time,Coimbatore,2024-07-10,Shortlisted,Not Available,35,Not Available,1265,84,Not Available,No,7,0
3875,Uma Arora,Female,25,2020,COEP Pune,BCA,Computer Applications,9.88,1,No,No,6,3,Linux | Django | Data Analysis,LinkedIn,Tiger Analytics,AgriTech,Recruiter,Part-time,Lucknow,2024-03-04,Online Assessment,Not Available,44,Not Available,532,83,No,No,9,4
3876,Aarav Iyer,Male,21,2021,XLRI Jamshedpur,B.Sc (IT),Information Technology,7.94,0,Yes,Yes,4,0,Docker | Problem Solving | Azure | Figma,LinkedIn,Tiger Analytics,Telecom,Finance Analyst,Internship,Delhi NCR,2022-11-24,Applied,Not Available,43,Not Available,313,92,No,Yes,4,1
3878,Trisha Rawat,Female,27,2022,Nirma University Ahmedabad,BBA,Finance,7.57,1,No,No,5,1,Teamwork | Communication | Problem Solving | Java,Internshala,Google India,Automotive,Embedded Engineer,Internship,Bhopal,2022-12-17,Shortlisted,Not Available,43,Not Available,1348,79,Not Available,No,6,0
3879,Twinkle Patil,Female,22,2020,Anna University Chennai,BBA,Business Administration,8.13,2,No,No,2,2,Django | Figma,Naukri,Bajaj Finserv,FinTech,Business Analyst,Internship,Hyderabad,2023-10-04,Applied,Not Available,9,Not Available,985,62,Not Available,No,4,3
3881,Sonali Soni,Female,22,2022,IIT Delhi,M.Tech,VLSI,7.93,2,No,No,3,5,PyTorch | Teamwork | Git,Internshala,Bosch India,AgriTech,Cloud Engineer,Contract,Patna,2023-05-26,Online Assessment,Not Available,26,Not Available,126,88,Not Available,No,8,1
3882,Chetan Rajan,Male,22,2022,HBTU Kanpur,BCA,Computer Applications,8.61,0,No,No,5,2,Java | Linux | TypeScript | JavaScript,LinkedIn,Infosys,Telecom,Systems Engineer,Internship,Bengaluru,2022-06-13,Technical Interview,3.0,8,Not Available,1740,90,No,No,7,0
3883,Firoz Lal,Male,27,2022,SRM University Chennai,B.Sc (CS),Computer Science,7.05,3,No,Yes,1,2,React | REST APIs,Campus Placement,Nykaa,Consulting,ML Engineer,Full-time,Bhubaneswar,2022-09-06,Online Assessment,Not Available,19,Not Available,295,88,Not Available,Yes,3,0
3884,Harsh Sethi,Male,22,2021,PES University Bangalore,BCA,Computer Applications,7.45,2,No,Yes,1,4,Communication | Git | JavaScript | Kotlin,HackerEarth,Morgan Stanley India,Logistics,Content Writer,Internship,Coimbatore,2021-01-06,Applied,Not Available,40,Not Available,1709,78,Not Available,No,5,0
3885,Utsav Verma,Male,22,2020,Delhi University,B.Sc (CS),Computer Science,5.52,1,No,No,1,5,Spring Boot | Hive,Naukri,Angel One,Consulting,Data Scientist,Full-time,Ahmedabad,2023-11-06,Offer,2.0,29,727992.0,1942,77,Not Available,No,6,3
3886,Balram Balakrishnan,Male,22,2022,BITS Pilani,B.Sc (IT),Information Technology,6.53,3,No,No,2,5,Figma | Leadership | Data Analysis | Swift,HackerEarth,Upstox,Media & Entertainment,Data Scientist,Part-time,Delhi NCR,2023-04-10,Online Assessment,Not Available,19,Not Available,2073,95,Not Available,No,7,1
3888,Mohit Lal,Male,21,2022,Kalinga University,B.Sc (IT),Information Technology,6.38,3,No,No,5,0,Selenium | Python | Linux | C++ | TensorFlow,Unstop,Groww,HealthTech,Systems Engineer,Part-time,Gurugram,2022-11-26,Offer,5.0,32,342061.0,2398,97,Not Available,No,5,0
3890,Wasim Shah,Prefer not to say,22,2022,IIM Bangalore,B.E.,Computer Science,9.81,1,No,Yes,1,5,Docker | Spring Boot | Machine Learning | PHP | Teamwork,LinkedIn,Delhivery,Consulting,iOS Developer,Full-time,Gurugram,2024-05-26,Shortlisted,Not Available,22,Not Available,2492,77,No,No,6,2
3892,Rajesh Bajaj,Male,27,2021,Bangalore University,B.Tech,Chemical Engineering,9.87,1,No,Yes,5,4,Figma | Git | SQL,HackerEarth,Bajaj Finserv,Media & Entertainment,Operations Analyst,Full-time,Surat,2023-10-20,Applied,Not Available,31,Not Available,2786,55,Not Available,No,9,2
3894,Arjun Saxena,Male,27,2021,Lovely Professional University,B.Sc (IT),Information Technology,8.12,3,No,Yes,5,5,TensorFlow | Git | Scala,Naukri,Uber India,Banking & Finance,Sales Executive,Full-time,Coimbatore,2021-11-10,HR Interview,3.0,5,Not Available,1404,58,Not Available,No,10,0
3895,Jignesh Mishra,Male,25,2020,Chandigarh University,B.Com,Accounting,8.85,1,No,No,5,5,Teamwork | GraphQL,HackerEarth,Zomato,AgriTech,Frontend Developer,Internship,Noida,2024-12-30,HR Interview,5.0,12,Not Available,689,81,Not Available,No,10,4
3896,Swati Porwal,Female,26,2021,MDI Gurgaon,MCA,Computer Applications,5.54,1,No,Yes,2,5,R | TypeScript,Naukri,Citi India,Retail,SEO Analyst,Full-time,Nagpur,2021-08-21,Online Assessment,Not Available,26,Not Available,2625,86,Not Available,Yes,7,0
3897,Firoz Shah,Male,27,2021,IIM Calcutta,BBA,HR,6.89,2,Yes,Yes,5,0,React | Python | TensorFlow | Java | MATLAB,Indeed,Tata Steel,Retail,Sales Executive,Internship,Surat,2024-12-31,Applied,Not Available,1,Not Available,1621,91,Not Available,No,5,3
3899,Eisha Balakrishnan,Female,27,2021,RV College Bangalore,B.Tech,Computer Science,8.03,1,No,No,1,2,Linux | Kotlin | Networking | Deep Learning,Unstop,Freshworks,EdTech,DevOps Engineer,Part-time,Jaipur,2022-02-12,Shortlisted,Not Available,17,Not Available,1014,88,Not Available,No,3,1
3900,Karan Kulkarni,Male,22,2021,Mumbai University,MCA,Computer Applications,7.83,1,No,Yes,3,0,Leadership | C++ | TensorFlow | Scala | React,LinkedIn,JPMorgan India,FinTech,Marketing Analyst,Full-time,Chandigarh,2022-11-26,Rejected,3.0,30,Not Available,2029,96,No,No,3,1
3902,Aarti Bose,Female,20,2020,MDI Gurgaon,M.Tech,Computer Science,8.59,0,No,No,4,2,Bash Scripting | Figma | Ruby on Rails,Indeed,Wipro,E-commerce,Database Administrator,Full-time,Lucknow,2024-04-16,Online Assessment,Not Available,31,Not Available,2524,85,Not Available,No,6,4
3903,Neeraj Joshi,Male,25,2023,NSUT Delhi,MBA,Strategy,6.55,2,No,No,2,0,Spring Boot | Excel | Bash Scripting,Naukri,Ola,HealthTech,DevOps Engineer,Internship,Jaipur,2023-07-27,Applied,Not Available,25,Not Available,827,85,Not Available,No,2,0
3906,Uday Kapoor,Male,25,2023,NIT Trichy,BBA,Marketing,8.62,1,No,No,5,0,Python | Power BI | Hadoop | Scala | Linux,Hirist,Intel India,Automotive,Frontend Developer,Part-time,Jaipur,2024-02-09,Applied,Not Available,37,Not Available,550,88,Not Available,Yes,5,1
3908,Lokesh Patil,Male,26,2021,JNTUH Hyderabad,BBA,HR,5.56,3,No,Yes,5,2,Deep Learning | React | Teamwork | Machine Learning,HackerEarth,Delhivery,Retail,Marketing Analyst,Full-time,Pune,2022-10-08,Technical Interview,4.0,3,Not Available,2013,62,Not Available,Yes,7,1
3909,Zaid Verma,Male,27,2021,KIIT Bhubaneswar,BCA,Computer Applications,7.03,1,No,No,0,2,Hive | Python | Kotlin | Kubernetes | Swift,LinkedIn,Coforge,Media & Entertainment,Cybersecurity Analyst,Full-time,Bhopal,2023-05-01,HR Interview,2.0,3,Not Available,1192,69,No,Yes,2,2
3913,Om Anand,Male,23,2022,Thapar University,BBA,Business Administration,7.34,3,No,Yes,1,5,Machine Learning | Scala,LinkedIn,NIIT Technologies,AgriTech,Embedded Engineer,Full-time,Noida,2022-12-25,Applied,Not Available,15,Not Available,585,97,No,No,6,0
3916,Mayank Shukla,Male,20,2020,Bangalore University,M.Tech,Data Science,8.65,3,No,No,4,2,REST APIs | Java | Spark,Naukri,Siemens India,E-commerce,iOS Developer,Full-time,Mysuru,2024-03-20,Online Assessment,Not Available,41,Not Available,1034,88,Not Available,Yes,6,4
3919,Qasim Srivastava,Male,25,2022,IIIT Bangalore,B.E.,Electronics,8.11,1,No,No,4,4,Teamwork | GraphQL,Naukri,Unacademy,Automotive,Backend Developer,Full-time,Hyderabad,2024-04-28,Shortlisted,Not Available,1,Not Available,1222,62,Not Available,No,8,2
3920,Eshan Bose,Male,25,2020,IIIT Allahabad,B.Tech,Computer Science,5.59,3,No,Yes,2,2,Flutter | Teamwork,Naukri,TCS,Banking & Finance,Recruiter,Internship,Kochi,2023-10-11,Applied,Not Available,11,Not Available,586,60,Not Available,No,4,3
3922,Farida Naik,Female,25,2021,XLRI Jamshedpur,MBA,Operations,7.9,0,No,No,1,2,PHP | Azure | Scala | Node.js,Glassdoor,JPMorgan India,EdTech,Data Analyst,Full-time,Kochi,2023-03-02,Online Assessment,Not Available,20,Not Available,433,86,Not Available,No,3,2
3924,Ravi Bose,Male,20,2020,IIM Ahmedabad,B.Tech,Electronics & Communication,5.75,3,No,Yes,0,1,MongoDB | Data Analysis,Naukri,Fractal Analytics,Telecom,QA Engineer,Contract,Delhi NCR,2021-05-30,HR Interview,1.0,15,Not Available,971,97,Not Available,Yes,1,1
3925,Naman Roy,Male,20,2021,Symbiosis Pune,MCA,Computer Applications,9.86,1,No,Yes,0,2,Django | Spring Boot | Azure,LinkedIn,Coforge,Manufacturing,Business Analyst,Full-time,Ahmedabad,2024-08-27,Technical Interview,5.0,10,Not Available,2146,58,No,Yes,2,3
3927,Ekta Kapoor,Female,25,2021,SP Jain Mumbai,MBA,Operations,5.56,2,No,No,3,5,MongoDB | REST APIs,Glassdoor,Nykaa,FinTech,DevOps Engineer,Full-time,Patna,2023-02-15,Applied,Not Available,43,Not Available,2720,59,Not Available,No,8,2
3929,Ojaswini Gupta,Female,21,2020,IIIT Bangalore,BBA,Finance,8.24,1,No,Yes,1,5,SQL | Kubernetes | Hadoop | Cybersecurity | Communication,Indeed,Cure.fit,Manufacturing,Cybersecurity Analyst,Full-time,Bhopal,2021-04-11,Applied,Not Available,32,Not Available,2207,90,Not Available,Yes,6,1
3932,Harish Lodha,Male,20,2021,NIT Trichy,M.Tech,Software Engineering,6.61,3,No,No,4,5,MongoDB | Laravel | Flutter | Kubernetes,LinkedIn,LTIMindtree,EdTech,Operations Analyst,Part-time,Chennai,2021-06-09,Applied,Not Available,40,Not Available,1662,94,No,Yes,9,0
3933,Pranav Saxena,Male,25,2022,IIM Ahmedabad,MCA,Computer Applications,7.21,1,No,No,4,5,Communication | JavaScript | Linux | Data Analysis,LinkedIn,Fractal Analytics,Telecom,Data Analyst,Full-time,Hyderabad,2024-12-03,Applied,Not Available,32,Not Available,1669,59,Yes,No,9,2
3936,Yogesh Majumdar,Male,23,2021,SRMIST Chennai,MCA,Computer Applications,6.27,2,No,No,0,3,Python | Scala | Bash Scripting | Laravel,Referral,Bajaj Finserv,Media & Entertainment,QA Engineer,Full-time,Indore,2024-06-04,Shortlisted,Not Available,31,Not Available,1223,76,Not Available,No,3,3
3937,Ruhi Lodha,Female,26,2020,SRM University Chennai,B.Sc (CS),Computer Science,7.46,2,No,Yes,4,5,Machine Learning | Power BI | Data Analysis | Figma,Unstop,Urban Company,Media & Entertainment,Business Analyst,Full-time,Gurugram,2023-01-27,Applied,Not Available,15,Not Available,960,76,Not Available,No,9,3
3939,Nikhil Reddy,Male,20,2021,KIIT Bhubaneswar,B.Sc (IT),Information Technology,9.8,0,No,No,5,4,Bash Scripting | Kubernetes | Azure,LinkedIn,IBM India,Media & Entertainment,SEO Analyst,Full-time,Mysuru,2023-12-31,Technical Interview,4.0,4,Not Available,68,63,No,Yes,9,2
3941,Geetanjali Bajaj,Female,26,2022,BITS Pilani,B.Com,Finance,5.59,1,No,No,3,1,Machine Learning | Power BI | PHP,Internshala,Urban Company,Telecom,Operations Analyst,Contract,Ahmedabad,2024-04-22,Offer,2.0,4,790986.0,1661,88,Not Available,Yes,4,2
3942,Neeraj Rastogi,Male,21,2023,IIT Bombay,BBA,Business Administration,7.13,1,Yes,Yes,2,4,Networking | REST APIs | Laravel,LinkedIn,Mphasis,IT/Software,Embedded Engineer,Internship,Mumbai,2024-08-29,Applied,Not Available,41,Not Available,2447,100,No,Yes,6,1
3944,Yogesh Sodhi,Male,22,2022,SP Jain Mumbai,B.Tech,Chemical Engineering,6.99,1,No,No,6,5,Git | Hadoop,Naukri,1mg,EdTech,Cloud Engineer,Full-time,Mysuru,2022-02-09,HR Interview,3.0,23,Not Available,1944,73,Not Available,No,11,0
3946,Divya Kapoor,Female,21,2021,COEP Pune,MCA,Computer Applications,9.08,0,No,Yes,1,0,Power BI | Node.js,Naukri,PolicyBazaar,Retail,Data Analyst,Full-time,Jaipur,2023-03-26,Applied,Not Available,17,Not Available,2743,99,Not Available,Yes,1,2
3947,Lalit Shukla,Male,20,2021,BITS Goa,B.Com,Commerce,6.06,2,No,No,3,3,C++ | Flutter,Naukri,Absolutdata,Retail,Digital Marketing Executive,Full-time,Pune,2022-11-15,Applied,Not Available,25,Not Available,2269,68,Not Available,No,6,1
3948,Mukesh Bansal,Male,26,2022,KIIT Bhubaneswar,B.Sc (IT),Information Technology,6.37,2,No,No,2,2,Node.js | Bash Scripting | Hadoop | Excel,Campus Placement,Intel India,Manufacturing,Database Administrator,Full-time,Chennai,2023-06-27,Applied,Not Available,8,Not Available,2295,70,Not Available,Yes,4,1
3949,Mukesh Lodha,Male,23,2022,Symbiosis Pune,BBA,Finance,6.0,0,No,Yes,2,3,Azure | TensorFlow | Git | Networking | Kotlin,Unstop,PolicyBazaar,E-commerce,Data Scientist,Internship,Lucknow,2023-09-05,Offer,1.0,42,23891.0,1066,77,Not Available,No,5,1
3950,Kamlesh Dixit,Male,23,2023,Pune University,MCA,Computer Applications,8.25,0,Yes,No,0,4,Spring Boot | Figma | Deep Learning | Azure | Tableau,Naukri,Fractal Analytics,E-commerce,Sales Executive,Internship,Bhopal,2024-05-04,Applied,Not Available,8,Not Available,2960,71,Not Available,No,4,1
3955,Vinay Shah,Male,21,2021,NIT Warangal,B.Com,Accounting,7.32,2,No,Yes,3,3,Node.js | Hive,Unstop,Uber India,IT/Software,Data Scientist,Full-time,Indore,2021-02-02,Applied,Not Available,18,Not Available,2197,63,Not Available,Yes,6,0
3956,Tarun Mathur,Male,21,2024,Symbiosis Pune,BCA,Computer Applications,9.19,3,No,Yes,0,5,Python | Data Analysis | Networking | Azure | Java,Internshala,Google India,Manufacturing,Technical Support Engineer,Full-time,Jaipur,2024-03-25,Rejected,5.0,25,Not Available,1133,79,Not Available,No,5,0
3959,Chitra Rastogi,Female,24,2022,SVNIT Surat,B.Sc (IT),Information Technology,9.22,2,No,No,2,2,Flutter | Kubernetes,Naukri,Texas Instruments India,HealthTech,Content Writer,Internship,Lucknow,2023-02-03,Offer,3.0,2,27824.0,157,84,Not Available,Yes,4,1
3961,Ravi Sethi,Male,27,2022,NIT Warangal,BBA,Finance,8.95,2,No,Yes,2,1,Figma | Machine Learning | Power BI,HackerEarth,Delhivery,Media & Entertainment,Technical Support Engineer,Full-time,Bhopal,2022-10-17,Applied,Not Available,39,Not Available,2435,94,Not Available,No,3,0
3962,Vijay Rawat,Male,24,2020,IIIT Hyderabad,B.Sc (CS),Computer Science,8.1,3,No,Yes,3,0,Node.js | C++ | Hadoop | Python,LinkedIn,Razorpay,E-commerce,Systems Engineer,Internship,Lucknow,2023-06-22,Offer,4.0,16,28145.0,148,85,No,No,3,3
3963,Varsha Khanna,Female,21,2020,SRM University Chennai,BCA,Computer Applications,7.65,0,No,No,3,2,C++ | PHP | Networking | Ruby on Rails | Deep Learning,LinkedIn,L&T Infotech,Banking & Finance,Operations Analyst,Full-time,Mumbai,2024-04-23,Offer,4.0,42,624789.0,1845,83,No,No,5,4
3965,Simran Bose,Female,22,2022,IIM Bangalore,BCA,Computer Applications,8.72,1,No,No,0,0,R | Spring Boot,LinkedIn,Groww,FinTech,Recruiter,Full-time,Hyderabad,2023-08-26,Shortlisted,Not Available,37,Not Available,1108,75,No,No,0,1
3968,Gargi Majumdar,Female,23,2020,IIIT Allahabad,BCA,Computer Applications,9.75,0,No,Yes,2,0,GraphQL | Swift | Excel | Flutter,Indeed,Absolutdata,E-commerce,Data Scientist,Full-time,Kochi,2021-07-12,Applied,Not Available,36,Not Available,1682,85,Not Available,No,2,1
3971,Vandana Chopra,Female,22,2022,Symbiosis Pune,MBA,Finance,9.4,0,No,Yes,4,5,MongoDB | C++,Cutshort,Goldman Sachs,IT/Software,Content Writer,Contract,Surat,2022-04-19,Technical Interview,5.0,7,Not Available,1712,66,Not Available,No,9,0
3972,Arnav Krishnan,Male,24,2022,PES University Bangalore,B.Sc (CS),Computer Science,9.3,3,No,No,4,5,R | Flutter | Docker | TypeScript,Apna,Meesho,Banking & Finance,ML Engineer,Internship,Bengaluru,2022-06-15,Withdrawn,Not Available,12,Not Available,1575,62,Not Available,No,9,0
3974,Amrita Gupta,Female,23,2021,Jadavpur University Kolkata,B.Tech,Computer Science,6.71,2,No,No,3,4,Kubernetes | Leadership | TensorFlow | Teamwork | Python,LinkedIn,Wipro,AgriTech,ML Engineer,Contract,Vadodara,2021-12-26,Shortlisted,Not Available,25,Not Available,939,92,No,No,7,0
3975,Janhavi Goyal,Female,23,2021,GLA University Mathura,B.Tech,Electrical Engineering,10.0,2,No,Yes,5,2,Git | Laravel,Cutshort,BigBasket,EdTech,QA Engineer,Full-time,Remote,2022-11-13,Offer,2.0,12,371450.0,183,97,Not Available,No,7,1
3978,Jatin Oberoi,Male,27,2020,IIT Kharagpur,B.Com,Commerce,5.94,1,No,Yes,1,0,Docker | Scala | Bash Scripting | MongoDB | Power BI,Naukri,BYJU's,Telecom,Finance Analyst,Contract,Vadodara,2023-06-26,Technical Interview,3.0,28,Not Available,2409,95,Not Available,No,1,3
3979,Chandni Patel,Female,27,2020,IIEST Shibpur,MCA,Computer Applications,8.17,3,No,Yes,4,1,TensorFlow | REST APIs | React,Naukri,Texas Instruments India,IT/Software,UX Designer,Part-time,Mumbai,2021-10-22,Shortlisted,Not Available,44,Not Available,363,89,Not Available,No,5,1
3981,Vishal Lal,Male,23,2021,BITS Hyderabad,B.Sc (CS),Computer Science,8.07,3,No,No,4,0,Communication | MATLAB | Swift,LinkedIn,Upstox,IT/Software,Recruiter,Contract,Chennai,2024-06-05,Online Assessment,Not Available,3,Not Available,797,57,No,No,4,3
3982,Radha Bansal,Female,22,2021,Osmania University Hyderabad,B.Sc (CS),Computer Science,6.95,3,No,Yes,5,5,JavaScript | Deep Learning,LinkedIn,Tech Mahindra,FinTech,ML Engineer,Internship,Lucknow,2021-01-15,Online Assessment,Not Available,42,Not Available,1636,93,Yes,No,10,0
3985,Tushar Khatri,Male,22,2020,Anna University Chennai,MCA,Computer Applications,5.89,0,No,No,4,0,Leadership | Machine Learning | R,Referral,ICICI Bank,Banking & Finance,HR Executive,Full-time,Kochi,2021-07-27,Applied,Not Available,18,Not Available,2621,67,Not Available,No,4,1
3987,Lokesh Nair,Male,25,2022,IIT Delhi,B.Com,Commerce,7.04,1,Yes,Yes,5,5,SQL | TensorFlow | Communication | Spark,Internshala,Cure.fit,Consulting,QA Engineer,Full-time,Surat,2022-07-20,Shortlisted,Not Available,42,Not Available,2503,94,Not Available,Yes,10,0
3988,Bhavna Negi,Female,21,2022,Lovely Professional University,BBA,Marketing,8.83,0,No,No,2,5,Communication | Azure | React,LinkedIn,Wipro,Telecom,Data Analyst,Full-time,Surat,2022-04-27,Shortlisted,Not Available,38,Not Available,1351,79,No,No,7,0
3990,Farhan Agarwal,Male,20,2021,NIT Trichy,B.E.,Computer Science,8.56,0,Yes,No,5,0,Azure | C++ | Python | GraphQL,Monster,Tiger Analytics,Manufacturing,Systems Engineer,Full-time,Surat,2022-10-19,Applied,Not Available,25,Not Available,2214,67,Not Available,No,5,1
3991,Gouri Dixit,Female,27,2020,NIT Warangal,M.Tech,VLSI,8.39,3,No,Yes,0,5,Selenium | Flutter | Docker | Data Analysis | PyTorch,Internshala,NIIT Technologies,FinTech,Business Analyst,Full-time,Surat,2022-09-30,Rejected,4.0,10,Not Available,801,57,Not Available,No,5,2
3993,Wasim Ahuja,Male,20,2020,Bangalore University,M.Tech,Software Engineering,9.53,1,No,No,4,2,Azure | Selenium,Naukri,Infosys,Automotive,iOS Developer,Full-time,Lucknow,2023-09-27,Applied,Not Available,20,Not Available,2059,79,Not Available,No,6,3
3995,Parth Mishra,Male,24,2021,NIT Calicut,M.Tech,AI/ML,5.8,2,No,Yes,0,1,PyTorch | Communication | REST APIs,Internshala,Texas Instruments India,AgriTech,Network Engineer,Contract,Indore,2022-01-26,Offer,3.0,17,889035.0,652,72,Not Available,No,1,1
3996,Usha Kulkarni,Female,22,2023,Symbiosis Pune,MCA,Computer Applications,5.8,0,Yes,Yes,1,2,Deep Learning | Communication | Spark | Kubernetes,Naukri,Freshworks,Consulting,Data Scientist,Internship,Gurugram,2023-05-04,Online Assessment,Not Available,27,Not Available,2287,70,Not Available,No,3,0
3997,Swati Yadav,Female,21,2020,Chandigarh University,BBA,Business Administration,6.62,0,No,Yes,4,4,Flutter | Leadership,Indeed,Tech Mahindra,Telecom,Business Analyst,Full-time,Surat,2023-01-25,Shortlisted,Not Available,17,Not Available,293,99,Not Available,No,8,3
3998,Uma Chauhan,Female,24,2024,IIIT Hyderabad,M.Tech,Software Engineering,5.81,1,No,Yes,6,5,React | TensorFlow | Azure | Selenium,Cutshort,Ola,E-commerce,Finance Analyst,Full-time,Patna,2024-04-02,Technical Interview,4.0,7,Not Available,2665,80,Not Available,No,11,0
4000,Aditya Khanna,Male,23,2023,IIT Madras,B.Tech,Data Science,6.29,2,No,No,1,4,Django | JavaScript | Spark,LinkedIn,Groww,E-commerce,Business Analyst,Part-time,Surat,2023-05-16,Applied,Not Available,22,Not Available,467,58,No,No,5,0
4001,Gargi Reddy,Female,25,2022,DTU Delhi,B.Sc (CS),Computer Science,9.05,0,No,No,6,3,Problem Solving | Docker,AngelList,Upstox,FinTech,Backend Developer,Full-time,Kolkata,2023-08-21,Applied,Not Available,38,Not Available,160,93,Not Available,No,9,1
4002,Kamya Sharma,Female,27,2020,SP Jain Mumbai,B.Tech,Electronics & Communication,9.22,2,No,Yes,0,4,TypeScript | Kotlin | JavaScript | Bash Scripting,Campus Placement,BigBasket,E-commerce,Full Stack Developer,Internship,Patna,2022-07-13,Applied,Not Available,9,Not Available,2548,77,Not Available,No,4,2
4003,Payal Patel,Female,26,2022,BITS Pilani,BBA,Marketing,9.46,3,No,Yes,0,2,JavaScript | Scala | Machine Learning | Selenium,Shine,Swiggy,EdTech,Finance Analyst,Contract,Remote,2024-10-04,Online Assessment,Not Available,37,Not Available,2121,72,Not Available,No,2,2
4004,Bharat Mishra,Male,23,2020,IIIT Hyderabad,B.Sc (CS),Computer Science,7.32,1,No,No,4,5,R | Power BI | Python | Communication | Linux,Naukri,Persistent Systems,Manufacturing,Android Developer,Full-time,Nagpur,2021-04-29,Applied,Not Available,32,Not Available,214,65,Not Available,No,9,1
4005,Varun Thakur,Male,22,2024,Nirma University Ahmedabad,BBA,HR,7.41,2,No,No,3,0,Selenium | Docker | Python,Naukri,MakeMyTrip,AgriTech,Recruiter,Full-time,Mumbai,2024-06-01,Applied,Not Available,8,Not Available,750,67,Not Available,Yes,3,0
4006,Eklavya Sengupta,Male,25,2020,BITS Pilani,BCA,Computer Applications,9.09,3,No,No,0,1,Azure | AWS,Indeed,Citi India,E-commerce,HR Executive,Full-time,Gurugram,2021-10-29,Shortlisted,Not Available,16,Not Available,2378,56,Not Available,No,1,1
4007,Madhuri Grewal,Female,21,2021,BITS Goa,B.Sc (IT),Information Technology,5.93,2,No,No,5,5,Kotlin | Node.js | PyTorch | Python | Excel,Cutshort,Absolutdata,Automotive,Operations Analyst,Full-time,Patna,2022-11-22,Shortlisted,Not Available,9,Not Available,725,88,Not Available,No,10,1
4008,Aarti Goyal,Female,21,2021,IIEST Shibpur,BCA,Computer Applications,9.14,2,No,Yes,6,0,Laravel | REST APIs | R | GraphQL,LinkedIn,Nykaa,EdTech,Android Developer,Full-time,Mumbai,2023-04-01,Online Assessment,Not Available,45,Not Available,1677,72,No,No,6,2
4009,Lokesh Lal,Male,21,2021,Kalinga University,MBA,Operations,7.49,3,No,No,2,1,Hadoop | Swift | Power BI | JavaScript | Kotlin,LinkedIn,1mg,HealthTech,Backend Developer,Full-time,Mysuru,2023-03-08,Technical Interview,1.0,17,Not Available,1281,77,No,No,3,2
4010,Siddharth Saxena,Prefer not to say,21,2021,PES University Bangalore,B.E.,Computer Science,5.96,2,No,No,3,1,React | Hive | Docker | Kubernetes,Naukri,Paytm,EdTech,Systems Engineer,Full-time,Chennai,2024-03-23,Offer,1.0,18,691831.0,719,89,Not Available,No,4,3
4012,Aditya Patel,Male,23,2020,Anna University Chennai,BCA,Computer Applications,9.64,3,No,No,0,1,Git | Hadoop,Naukri,NIIT Technologies,AgriTech,Data Analyst,Internship,Bhubaneswar,2024-01-09,Shortlisted,Not Available,23,Not Available,2057,97,Not Available,Yes,1,4
4014,Charmi Dixit,Female,22,2022,IIT Bombay,B.Tech,Computer Science,9.39,2,No,Yes,3,0,Docker | Scala | Swift | Flutter,Unstop,Coforge,EdTech,Frontend Developer,Part-time,Kochi,2023-07-26,Online Assessment,Not Available,24,Not Available,133,72,Not Available,No,3,1
4015,Harsh Bajaj,Male,22,2021,NIT Trichy,MBA,HR,6.35,1,No,No,2,0,Kotlin | Hive,Indeed,LTIMindtree,EdTech,Full Stack Developer,Full-time,Noida,2022-01-10,Shortlisted,Not Available,34,Not Available,1481,84,Not Available,No,2,1
4016,Ritesh Natarajan,Male,24,2023,IIEST Shibpur,MCA,Computer Applications,7.11,1,Yes,No,0,1,Python | Git | Scala | MATLAB,LinkedIn,Zoho,Logistics,Product Manager,Part-time,Pune,2023-08-04,HR Interview,5.0,39,Not Available,1568,93,Yes,No,1,0
4018,Keshav Sethi,Male,23,2020,SRMIST Chennai,BCA,Computer Applications,7.02,2,No,No,6,4,React | GraphQL,Indeed,1mg,FinTech,HR Executive,Full-time,Bhubaneswar,2022-10-16,Online Assessment,Not Available,2,Not Available,2127,78,Not Available,No,10,2
4020,Jignesh Ramachandran,Male,20,2022,Mumbai University,BCA,Computer Applications,8.42,2,No,No,6,4,GraphQL | Swift | Git | REST APIs | PyTorch,WorkIndia,TCS,Banking & Finance,Business Analyst,Internship,Surat,2023-01-20,Applied,Not Available,35,Not Available,331,91,Not Available,No,10,1
4021,Chethan Saxena,Male,24,2020,BITS Hyderabad,B.E.,Civil,9.29,2,No,No,5,3,TypeScript | SQL,IIMJobs,Persistent Systems,Consulting,Sales Executive,Internship,Pune,2022-10-06,Technical Interview,1.0,14,Not Available,2815,60,Not Available,No,8,2
4023,Indira Dhillon,Female,26,2020,Delhi University,M.Tech,VLSI,7.93,0,No,No,6,5,Azure | Tableau,Naukri,Bajaj Finserv,E-commerce,Business Analyst,Full-time,Bhubaneswar,2023-01-17,Technical Interview,4.0,14,Not Available,2995,64,Not Available,Yes,11,3
4026,Rahul Anand,Male,21,2023,VIT Vellore,B.Sc (CS),Computer Science,6.03,1,No,No,2,5,Power BI | Figma | Ruby on Rails,Internshala,Nykaa,Banking & Finance,Backend Developer,Full-time,Chennai,2024-09-28,HR Interview,1.0,38,Not Available,2203,70,Not Available,No,7,1
4027,Karan Balakrishnan,Male,23,2022,Delhi University,M.Tech,AI/ML,6.65,3,No,No,4,1,TypeScript | Azure | Spring Boot,AngelList,Cure.fit,Banking & Finance,Data Scientist,Full-time,Patna,2022-06-19,Offer,3.0,20,664656.0,2186,100,Not Available,No,5,0
4028,Sachin More,Male,22,2021,IIM Bangalore,B.Sc (CS),Computer Science,7.36,3,Yes,Yes,3,4,Communication | Bash Scripting,LinkedIn,Capgemini,Manufacturing,Data Analyst,Full-time,Chennai,2022-11-07,Applied,Not Available,27,Not Available,2104,72,No,No,7,1
4032,Dinesh Venkatesh,Male,20,2021,BITS Hyderabad,BBA,Finance,5.9,0,No,No,3,5,Kubernetes | TypeScript | Django | Swift | REST APIs,LinkedIn,Upstox,Logistics,ML Engineer,Contract,Hyderabad,2023-01-15,Technical Interview,5.0,13,Not Available,620,100,No,No,8,2
4035,Priya Ramachandran,Female,23,2020,XLRI Jamshedpur,B.Tech,Chemical Engineering,5.86,1,No,No,5,3,SQL | REST APIs | Java | Networking | Communication,Naukri,Fractal Analytics,Manufacturing,UX Designer,Internship,Chennai,2022-06-12,Technical Interview,5.0,25,Not Available,271,64,Not Available,No,8,2
4040,Kunal Krishnan,Male,23,2020,IIIT Hyderabad,B.Sc (CS),Computer Science,8.98,1,No,Yes,4,0,Cybersecurity | GraphQL | Leadership,Internshala,Microsoft India,Logistics,Business Analyst,Full-time,Visakhapatnam,2023-09-13,Offer,3.0,1,515341.0,1955,63,Not Available,No,4,3
4041,Jatin Murthy,Male,25,2021,NIT Calicut,B.E.,Mechanical,6.79,0,No,No,3,4,Data Analysis | C++,LinkedIn,Cognizant,AgriTech,Network Engineer,Full-time,Surat,2023-05-10,Online Assessment,Not Available,43,Not Available,2363,58,No,No,7,2
4043,Eshan Saxena,Male,26,2024,Pune University,M.Tech,Software Engineering,9.94,0,No,Yes,5,4,Deep Learning | MATLAB,Campus Placement,BYJU's,HealthTech,Business Analyst,Internship,Surat,2024-11-22,Shortlisted,Not Available,25,Not Available,640,64,Not Available,No,9,0
4044,Chirag Desai,Male,24,2021,IIT Kanpur,B.Sc (IT),Information Technology,9.37,3,No,No,5,3,React | R,LinkedIn,Practo,Telecom,ML Engineer,Full-time,Surat,2024-08-06,Rejected,3.0,24,Not Available,2295,65,No,No,8,3
4045,Gopal Verma,Male,26,2021,COEP Pune,BCA,Computer Applications,6.77,3,No,No,3,2,Python | Kotlin,Naukri,PhonePe,Consulting,UX Designer,Full-time,Indore,2024-02-20,Offer,1.0,2,411914.0,2484,64,Not Available,No,5,3
4047,Farida Choudhury,Female,27,2024,Thapar University,M.Tech,Software Engineering,6.27,1,No,No,4,2,Python | Node.js | Swift | Kotlin | Kubernetes,Cutshort,Hexaware,Consulting,Backend Developer,Full-time,Hyderabad,2024-12-06,Shortlisted,Not Available,19,Not Available,1788,86,Not Available,No,6,0
4048,Kamya Swamy,Female,20,2022,IIT Delhi,MBA,Business Analytics,6.39,0,No,Yes,5,4,SQL | Kotlin | TypeScript | Kubernetes,Internshala,Upstox,Banking & Finance,Android Developer,Full-time,Indore,2022-03-31,Shortlisted,Not Available,39,Not Available,2751,56,Not Available,No,9,0
4053,Zaid Menon,Male,22,2020,XLRI Jamshedpur,MCA,Computer Applications,9.08,0,No,No,5,4,Git | Swift | Laravel | Deep Learning | Spark,Glassdoor,Bosch India,Telecom,Cybersecurity Analyst,Part-time,Nagpur,2023-09-09,Shortlisted,Not Available,1,Not Available,1919,61,Not Available,No,9,3
4056,Naman Chauhan,Male,22,2022,BITS Pilani,B.Tech,Mechanical Engineering,8.92,3,No,Yes,2,4,Scala | Communication,Glassdoor,Cognizant,Media & Entertainment,Backend Developer,Full-time,Hyderabad,2024-03-08,Applied,Not Available,19,Not Available,1190,60,Not Available,No,6,2
4057,Aditya Majumdar,Male,27,2021,MDI Gurgaon,MCA,Computer Applications,7.62,1,No,No,3,5,Hive | AWS | Leadership,Monster,Meesho,Manufacturing,Operations Analyst,Internship,Hyderabad,2023-03-07,HR Interview,5.0,41,Not Available,548,83,Not Available,No,8,2
4059,Bhumi Ghosh,Female,27,2021,BITS Goa,M.Tech,AI/ML,6.31,1,No,No,0,4,Teamwork | GraphQL | Spark | Linux | Python,Naukri,Cognizant,Automotive,Cybersecurity Analyst,Internship,Mumbai,2024-07-26,Online Assessment,Not Available,39,Not Available,332,93,Not Available,No,4,3
4060,Hema Sundaram,Female,23,2022,Amity University Noida,BCA,Computer Applications,9.26,2,No,No,2,1,Python | PHP,LinkedIn,Flipkart,Automotive,Full Stack Developer,Contract,Gurugram,2022-03-16,Offer,4.0,42,973248.0,129,66,Yes,No,3,0
4062,Pallavi Choudhury,Female,27,2023,IIM Calcutta,BBA,Finance,9.6,2,No,Yes,4,4,Linux | Leadership | Hive | PHP | MongoDB,Campus Placement,Zomato,Logistics,Technical Support Engineer,Full-time,Nagpur,2023-10-17,Withdrawn,Not Available,6,Not Available,1084,80,Not Available,No,8,0
4063,Usha Dey,Female,23,2023,Amity University Noida,B.Tech,Chemical Engineering,5.59,0,No,No,4,0,Docker | Hadoop | GraphQL | AWS | Hive,LinkedIn,TCS,HealthTech,Operations Analyst,Full-time,Patna,2023-12-27,Online Assessment,Not Available,14,Not Available,2409,70,Yes,No,4,0
4065,Harish Mishra,Male,20,2023,Symbiosis Pune,B.Tech,Computer Science,7.48,2,No,Yes,5,0,Selenium | MATLAB,Monster,Flipkart,Consulting,SEO Analyst,Full-time,Mysuru,2024-01-29,Applied,Not Available,9,Not Available,1605,94,Not Available,No,5,1
4067,Mukesh Sodhi,Male,27,2022,Thapar University,BBA,HR,5.94,0,No,No,0,1,Swift | PyTorch | Kotlin,Indeed,PolicyBazaar,Media & Entertainment,Data Analyst,Full-time,Surat,2023-06-14,Shortlisted,Not Available,45,Not Available,680,55,Not Available,No,1,1
4068,Madhuri Dey,Female,24,2023,IIEST Shibpur,B.Tech,Electrical Engineering,8.9,3,No,Yes,2,4,Hive | Linux,Naukri,TCS,Media & Entertainment,Cybersecurity Analyst,Internship,Kolkata,2023-03-10,Online Assessment,Not Available,10,Not Available,355,76,Not Available,No,6,0
4070,Pallavi Bhatnagar,Female,24,2022,Amity University Noida,B.Sc (IT),Information Technology,6.07,3,Yes,No,2,3,GraphQL | Laravel,LinkedIn,Paytm,Automotive,Software Engineer,Full-time,Chennai,2024-04-19,Applied,Not Available,8,Not Available,2299,89,Yes,No,5,2
4071,Kamya Bhatia,Female,21,2020,GLA University Mathura,B.Sc (CS),Computer Science,9.38,0,No,Yes,5,2,Machine Learning | Flutter | Figma | Cybersecurity,Naukri,Morgan Stanley India,HealthTech,SEO Analyst,Part-time,Gurugram,2023-09-16,Offer,5.0,42,701049.0,417,73,Not Available,No,7,3
4073,Diya Garg,Female,27,2020,Lovely Professional University,BCA,Computer Applications,9.66,3,No,Yes,6,4,Java | GraphQL | Ruby on Rails | Python | Leadership,Naukri,MakeMyTrip,FinTech,UX Designer,Contract,Nagpur,2022-01-05,Offer,2.0,27,735518.0,2405,78,Not Available,No,10,2
4074,Namrata Swamy,Female,22,2021,NIT Trichy,B.Com,Finance,8.59,3,No,No,6,3,C++ | Power BI | TensorFlow | REST APIs | Kubernetes,Unstop,Upstox,Banking & Finance,DevOps Engineer,Contract,Chennai,2024-01-31,Technical Interview,4.0,23,Not Available,2586,56,Not Available,No,9,3
4075,Mohit Saxena,Male,20,2020,Jadavpur University Kolkata,MBA,Marketing,8.1,2,No,No,0,2,JavaScript | Bash Scripting | Power BI | Networking | Leadership,LinkedIn,PhonePe,Logistics,Sales Executive,Internship,Delhi NCR,2024-04-05,Applied,Not Available,19,Not Available,1416,89,No,No,2,4
4077,Lokesh Mathur,Male,27,2021,Bangalore University,BCA,Computer Applications,8.04,0,No,Yes,2,4,Django | Leadership | Flutter | Problem Solving | Node.js,LinkedIn,Samsung India,AgriTech,Systems Engineer,Full-time,Kochi,2022-04-16,HR Interview,2.0,16,Not Available,2159,83,No,No,6,1
4080,Mohini Swamy,Female,21,2021,IIEST Shibpur,B.Com,Accounting,7.24,1,Yes,Yes,2,3,JavaScript | AWS | PyTorch | Swift,Internshala,IBM India,Telecom,Sales Executive,Full-time,Indore,2022-06-22,Withdrawn,Not Available,26,Not Available,2514,73,Not Available,No,5,1
4083,Tarun Lodha,Male,26,2022,Amity University Noida,MBA,Finance,9.4,3,Yes,Yes,4,4,MATLAB | Problem Solving | GraphQL | Teamwork,LinkedIn,Infosys,AgriTech,Frontend Developer,Full-time,Coimbatore,2022-02-22,Online Assessment,Not Available,9,Not Available,1788,61,Yes,No,8,0
4084,Chitra Pandey,Female,27,2022,NIT Calicut,BCA,Computer Applications,8.68,3,No,No,1,0,Figma | GraphQL | JavaScript | Networking,AngelList,Coforge,HealthTech,QA Engineer,Full-time,Mysuru,2023-07-13,Applied,Not Available,41,Not Available,695,74,Not Available,No,1,1
4085,Ritesh Sengupta,Male,23,2020,PES University Bangalore,B.Sc (IT),Information Technology,5.68,0,No,Yes,1,5,Tableau | Communication | Docker,Cutshort,Goldman Sachs,Media & Entertainment,Embedded Engineer,Internship,Chandigarh,2021-01-28,Applied,Not Available,7,Not Available,2600,55,Not Available,No,6,1
4086,Zaid Reddy,Male,23,2021,BITS Hyderabad,BCA,Computer Applications,8.89,2,No,No,1,1,GraphQL | Tableau | Kotlin | Python | Laravel,Naukri,Zerodha,Media & Entertainment,Backend Developer,Internship,Lucknow,2024-01-23,Rejected,4.0,9,Not Available,1202,96,Not Available,No,2,3
4087,Harini Mishra,Female,21,2020,NIT Surathkal,BCA,Computer Applications,7.98,2,No,Yes,6,2,Python | React,Campus Placement,Tiger Analytics,Retail,Product Manager,Part-time,Lucknow,2023-09-06,Applied,Not Available,22,Not Available,1808,60,Not Available,No,8,3
4089,Vishal Mathur,Male,20,2023,DTU Delhi,MCA,Computer Applications,5.62,1,No,Yes,5,2,Laravel | Networking | Tableau,LinkedIn,Delhivery,Manufacturing,Data Scientist,Full-time,Bhopal,2024-08-24,Applied,Not Available,27,Not Available,117,73,No,No,7,1
4090,Aarav Menon,Male,24,2023,IIT Hyderabad,B.E.,Civil,9.05,3,No,No,2,5,Data Analysis | SQL | Kubernetes | Git | Hive,Unstop,Uber India,IT/Software,Product Manager,Full-time,Surat,2023-02-26,Applied,Not Available,2,Not Available,2023,96,Not Available,No,7,0
4091,Kirti Biswas,Female,22,2024,IIT Kharagpur,BBA,Finance,5.72,2,No,No,4,1,React | MATLAB | Azure | GraphQL | C++,AngelList,Mindtree,EdTech,Full Stack Developer,Full-time,Bhopal,2024-03-05,Applied,Not Available,15,Not Available,2421,71,Not Available,Yes,5,0
4092,Chandni Venkatesh,Female,25,2020,NIT Calicut,B.Com,Finance,8.73,2,No,No,4,1,Git | Communication | PyTorch | Machine Learning,Freshersworld,Fractal Analytics,Logistics,Systems Engineer,Contract,Kochi,2023-01-31,Rejected,4.0,31,Not Available,1346,73,Not Available,Yes,5,3
4093,Pooja Khatri,Female,24,2022,IIT Bombay,B.Sc (CS),Computer Science,6.17,0,No,No,4,2,MongoDB | Teamwork | SQL,LinkedIn,1mg,Logistics,Database Administrator,Internship,Ahmedabad,2022-01-28,Applied,Not Available,15,Not Available,550,95,Yes,Yes,6,0
4094,Amrita Bhatnagar,Female,22,2021,BITS Hyderabad,B.E.,Computer Science,6.53,1,No,Yes,1,2,Networking | React | Problem Solving | TypeScript,LinkedIn,Swiggy,Telecom,Sales Executive,Full-time,Kolkata,2022-05-09,Technical Interview,2.0,15,Not Available,2569,92,Yes,No,3,1
4095,Mukesh Bose,Male,26,2020,IIM Calcutta,BBA,Marketing,9.29,1,No,No,2,0,REST APIs | Kubernetes,LinkedIn,Amazon India,Media & Entertainment,iOS Developer,Internship,Remote,2023-06-01,Offer,2.0,10,33024.0,1704,62,No,No,2,3
4097,Wasim Trivedi,Male,25,2023,Mumbai University,B.Sc (CS),Computer Science,8.66,1,No,No,1,5,Problem Solving | Java | TypeScript | Selenium,Naukri,Axis Bank,HealthTech,Product Manager,Full-time,Lucknow,2023-11-03,HR Interview,1.0,42,Not Available,109,58,Not Available,No,6,0
4098,Twinkle Dubey,Female,21,2020,SP Jain Mumbai,M.Tech,Computer Science,6.64,0,No,No,4,1,Laravel | PyTorch | R,LinkedIn,Morgan Stanley India,E-commerce,iOS Developer,Full-time,Delhi NCR,2024-03-15,Applied,Not Available,2,Not Available,1752,93,No,No,5,4
4099,Vishal Dixit,Male,24,2020,KIIT Bhubaneswar,B.E.,Civil,6.85,0,No,No,4,5,Problem Solving | Power BI | SQL | Git | Kotlin,Indeed,Zoho,EdTech,Cybersecurity Analyst,Full-time,Pune,2021-06-19,Applied,Not Available,39,Not Available,335,57,Not Available,No,9,1
4102,Madhuri Natarajan,Female,25,2021,BITS Pilani,BBA,Marketing,6.86,3,No,Yes,5,3,Networking | Spark | TensorFlow | MATLAB | Tableau,Campus Placement,Citi India,Media & Entertainment,Full Stack Developer,Full-time,Hyderabad,2024-05-18,Applied,Not Available,35,Not Available,1860,99,Not Available,No,8,3
4104,Shivam Bhatia,Male,21,2021,Nirma University Ahmedabad,B.E.,Mechanical,8.5,0,Yes,No,0,5,Spark | Selenium,Shine,Absolutdata,Logistics,Operations Analyst,Contract,Noida,2024-06-07,Shortlisted,Not Available,8,Not Available,388,91,Not Available,No,5,3
4106,Aarav Kumar,Male,21,2022,IIT Hyderabad,M.Tech,VLSI,6.29,3,No,Yes,0,0,React | GraphQL,LinkedIn,Citi India,Manufacturing,Digital Marketing Executive,Internship,Nagpur,2023-03-07,Shortlisted,Not Available,10,Not Available,2565,80,No,Yes,0,1
4108,Darshan Mehta,Male,20,2021,Nirma University Ahmedabad,MCA,Computer Applications,9.52,0,No,No,5,4,Git | R,Naukri,Siemens India,Automotive,iOS Developer,Full-time,Ahmedabad,2024-08-29,Shortlisted,Not Available,23,Not Available,821,88,Not Available,No,9,3
4109,Dhruv Dey,Male,27,2020,IIT Delhi,B.Com,Commerce,7.82,3,No,No,0,0,PyTorch | R | Figma,Naukri,Barclays India,Consulting,Network Engineer,Full-time,Pune,2021-10-27,Online Assessment,Not Available,42,Not Available,2464,99,Not Available,No,0,1
4112,Wasim Sethi,Male,25,2020,Lovely Professional University,M.Tech,Computer Science,8.42,1,No,Yes,6,1,Azure | Hive | Docker,Naukri,Tata Steel,EdTech,Network Engineer,Internship,Bengaluru,2023-02-19,Technical Interview,1.0,27,Not Available,1605,80,Not Available,No,7,3
4113,Kartik Dhillon,Male,27,2020,SVNIT Surat,B.Com,Finance,7.4,1,No,Yes,4,4,Node.js | Swift | Cybersecurity | Machine Learning,Campus Placement,Siemens India,E-commerce,iOS Developer,Full-time,Kolkata,2023-03-01,Shortlisted,Not Available,38,Not Available,461,98,Not Available,No,8,3
4115,Esha Naik,Female,25,2021,SP Jain Mumbai,B.Sc (CS),Computer Science,8.4,1,No,No,2,4,Bash Scripting | Data Analysis | Laravel | Kotlin,Indeed,Capgemini,AgriTech,ML Engineer,Full-time,Coimbatore,2024-04-07,Applied,Not Available,17,Not Available,2120,93,Not Available,Yes,6,3
4117,Yash Verma,Male,27,2024,Kalinga University,B.Sc (IT),Information Technology,8.89,1,No,Yes,4,2,MATLAB | Power BI,LinkedIn,Cognizant,EdTech,Network Engineer,Part-time,Coimbatore,2024-05-14,Shortlisted,Not Available,23,Not Available,2509,92,No,No,6,0
4118,Sonali Malhotra,Female,20,2023,NIT Warangal,B.Tech,Civil Engineering,9.39,2,No,No,0,4,Kotlin | REST APIs | Tableau | MATLAB | Kubernetes,Indeed,Barclays India,HealthTech,Cybersecurity Analyst,Full-time,Lucknow,2023-07-08,Technical Interview,5.0,35,Not Available,2565,92,Not Available,No,4,0
4121,Mukesh Mathur,Male,21,2020,IIT Madras,MBA,Operations,8.23,2,No,No,5,2,MongoDB | Problem Solving,Referral,ICICI Bank,EdTech,Embedded Engineer,Full-time,Kochi,2024-03-04,HR Interview,4.0,38,Not Available,404,82,Not Available,No,7,4
4123,Karan Bansal,Male,24,2020,IIM Ahmedabad,B.E.,Computer Science,6.26,2,Yes,No,5,3,Problem Solving | Selenium,Indeed,Samsung India,FinTech,Recruiter,Internship,Chennai,2024-09-21,Online Assessment,Not Available,19,Not Available,1593,59,Not Available,No,8,4
4124,Deepika Goyal,Female,21,2021,IIM Bangalore,B.Sc (CS),Computer Science,9.46,0,Yes,Yes,2,2,JavaScript | GraphQL | R | Docker,Naukri,Tata Steel,HealthTech,Sales Executive,Internship,Pune,2024-09-05,Withdrawn,Not Available,38,Not Available,2233,79,Not Available,No,4,3
4125,Itisha Arora,Prefer not to say,22,2022,Manipal Institute of Technology,BBA,Marketing,8.58,1,No,Yes,6,4,Kotlin | Communication | TensorFlow,Referral,Morgan Stanley India,Retail,Database Administrator,Contract,Bhopal,2022-10-10,Offer,3.0,13,290158.0,2969,66,Not Available,No,10,0
4127,Chirag Negi,Male,27,2022,XLRI Jamshedpur,B.E.,Electrical,9.17,2,No,Yes,2,0,React | Flutter | Azure | Bash Scripting,HackerEarth,PhonePe,Media & Entertainment,Sales Executive,Full-time,Jaipur,2023-10-12,Shortlisted,Not Available,11,Not Available,713,83,Not Available,No,2,1
4129,Chirag Pandey,Male,27,2020,NIT Warangal,M.Tech,Software Engineering,9.59,2,No,Yes,1,0,React | Cybersecurity | Leadership | Kubernetes | Data Analysis,AngelList,Lenskart,HealthTech,Embedded Engineer,Contract,Hyderabad,2022-10-18,Shortlisted,Not Available,40,Not Available,2428,66,Not Available,No,1,2
4131,Raghav Mathur,Male,24,2024,COEP Pune,B.Com,Accounting,5.98,0,No,Yes,0,0,Problem Solving | Git,LinkedIn,Amazon India,Consulting,Technical Support Engineer,Internship,Vadodara,2024-08-31,Applied,Not Available,3,Not Available,2090,66,No,No,0,0
4132,Payal Rao,Female,26,2020,Anna University Chennai,B.Sc (IT),Information Technology,8.65,1,No,Yes,3,3,Communication | Problem Solving | Networking | SQL,Campus Placement,Axis Bank,Manufacturing,Network Engineer,Full-time,Pune,2023-07-13,Shortlisted,Not Available,8,Not Available,1706,71,Not Available,No,6,3
4133,Onkar Dixit,Male,22,2020,BITS Goa,B.Com,Commerce,8.35,2,No,No,3,1,C++ | Power BI,LinkedIn,Cognizant,AgriTech,Systems Engineer,Full-time,Remote,2024-02-28,Withdrawn,Not Available,42,Not Available,2470,86,Yes,No,4,4
4135,Alpana Khatri,Female,21,2023,RV College Bangalore,B.Sc (CS),Computer Science,6.88,2,No,No,5,5,Excel | PyTorch,WorkIndia,BigBasket,Logistics,Backend Developer,Full-time,Mumbai,2023-08-16,Technical Interview,1.0,22,Not Available,1079,79,Not Available,No,10,0
4136,Aarav Reddy,Male,25,2022,GLA University Mathura,B.Com,Commerce,7.52,1,No,Yes,5,4,Linux | Flutter | Swift | Leadership | Laravel,Referral,Accenture,FinTech,Data Analyst,Internship,Lucknow,2023-04-03,Offer,4.0,31,22061.0,1511,66,Not Available,No,9,1
4138,Chethan More,Male,20,2020,SVNIT Surat,B.Com,Finance,8.48,0,No,Yes,5,5,GraphQL | Swift | AWS,LinkedIn,Amazon India,Banking & Finance,Recruiter,Full-time,Jaipur,2023-07-20,Offer,3.0,32,767272.0,2473,75,Yes,No,10,3
4139,Chandni Ahuja,Female,24,2021,NIT Calicut,BBA,Marketing,5.96,0,No,No,0,4,Machine Learning | Problem Solving | Networking,Naukri,Coforge,HealthTech,Cloud Engineer,Full-time,Remote,2022-09-25,Applied,Not Available,36,Not Available,1904,57,Not Available,No,4,1
4141,Amit Mehta,Male,22,2020,Osmania University Hyderabad,MBA,Business Analytics,5.96,3,No,Yes,0,5,Spring Boot | JavaScript | Scala,LinkedIn,Flipkart,FinTech,Content Writer,Internship,Coimbatore,2023-05-17,Applied,Not Available,7,Not Available,2212,75,No,No,5,3
4143,Omkar Mathur,Male,23,2022,IIT Delhi,B.Tech,Computer Science,6.39,0,No,Yes,4,2,Networking | Laravel | GraphQL | Scala,HackerEarth,Lenskart,EdTech,Business Analyst,Internship,Surat,2023-11-10,Offer,4.0,21,26143.0,907,67,Not Available,No,6,1
4144,Isha Naik,Female,27,2020,IIT Roorkee,M.Tech,AI/ML,9.39,3,No,No,2,1,Networking | Node.js | SQL,Naukri,Google India,EdTech,Data Analyst,Internship,Nagpur,2022-09-16,HR Interview,5.0,26,Not Available,1289,93,Not Available,No,3,2
4145,Harish Saxena,Male,26,2021,COEP Pune,M.Tech,AI/ML,5.79,1,No,No,3,5,React | Spark | Azure | Linux | Cybersecurity,LinkedIn,Unacademy,FinTech,UX Designer,Internship,Bhubaneswar,2022-10-05,Online Assessment,Not Available,10,Not Available,2559,67,No,No,8,1
4148,Lavanya Porwal,Female,27,2022,IIIT Hyderabad,BBA,Finance,8.19,1,No,No,2,4,Machine Learning | C++ | Problem Solving,LinkedIn,Axis Bank,Consulting,Cloud Engineer,Internship,Bengaluru,2024-09-08,Applied,Not Available,16,Not Available,2544,57,No,No,6,2
4149,Darshan Shah,Male,27,2021,Manipal Institute of Technology,M.Tech,Software Engineering,9.1,0,No,Yes,5,4,TypeScript | Power BI | Swift | Java,Indeed,PolicyBazaar,HealthTech,Cloud Engineer,Full-time,Bengaluru,2024-01-24,Applied,Not Available,19,Not Available,1151,57,Not Available,No,9,3
4150,Lakshay Rao,Prefer not to say,23,2023,Symbiosis Pune,MBA,Strategy,9.58,0,No,Yes,1,0,Excel | Django | Data Analysis | Communication | Cybersecurity,Referral,Upstox,AgriTech,Business Analyst,Full-time,Indore,2023-04-30,HR Interview,4.0,22,Not Available,1910,94,Not Available,No,1,0
4151,Deepak Gupta,Male,26,2022,VIT Vellore,BBA,Finance,8.26,2,Yes,No,3,3,Power BI | Swift | Problem Solving,LinkedIn,Tech Mahindra,Media & Entertainment,Finance Analyst,Internship,Gurugram,2022-10-26,Online Assessment,Not Available,41,Not Available,1912,59,No,No,6,0
4155,Om Chauhan,Male,27,2021,NIT Surathkal,B.E.,Mechanical,7.75,0,No,No,0,2,TypeScript | SQL,HackerEarth,Mu Sigma,Banking & Finance,Full Stack Developer,Internship,Kolkata,2023-09-29,Applied,Not Available,40,Not Available,637,55,Not Available,Yes,2,2
4156,Zaid Singh,Male,24,2021,IIT Kharagpur,B.Sc (IT),Information Technology,7.07,3,No,No,1,1,Excel | Machine Learning | Spring Boot,AngelList,HCL Technologies,Automotive,Business Analyst,Full-time,Hyderabad,2021-04-28,Withdrawn,Not Available,34,Not Available,243,92,Not Available,No,2,0
4159,Jay Shukla,Male,25,2020,NIT Warangal,MBA,Business Analytics,5.92,3,No,Yes,2,2,Node.js | Problem Solving | Hadoop | Tableau,TimesJobs,Groww,Manufacturing,Operations Analyst,Full-time,Patna,2024-05-16,Withdrawn,Not Available,31,Not Available,451,98,Not Available,No,4,4
4160,Abhinav Agarwal,Male,23,2021,Christ University Bangalore,BCA,Computer Applications,6.77,1,No,Yes,0,2,MATLAB | Hadoop | PyTorch,LinkedIn,Google India,Retail,Marketing Analyst,Full-time,Hyderabad,2023-08-12,Offer,3.0,45,311983.0,976,58,No,No,2,2
4161,Yukti Singh,Female,26,2022,Lovely Professional University,B.E.,Electronics,6.97,0,No,Yes,2,1,JavaScript | Tableau | Leadership,Referral,Qualcomm India,IT/Software,Full Stack Developer,Full-time,Kolkata,2022-09-27,Technical Interview,3.0,32,Not Available,1660,65,Not Available,No,3,0
4164,Ojaswini Ramachandran,Female,25,2020,SRM University Chennai,B.Sc (IT),Information Technology,7.73,2,No,No,5,2,PyTorch | R | Communication | MATLAB,LinkedIn,Barclays India,HealthTech,SEO Analyst,Internship,Vadodara,2024-05-20,Offer,1.0,34,23524.0,188,73,No,Yes,7,4
4167,Keshav Goyal,Male,26,2021,Nirma University Ahmedabad,M.Tech,Computer Science,9.65,0,No,Yes,3,2,GraphQL | Laravel,Referral,TCS,Retail,Business Analyst,Part-time,Indore,2022-09-30,Applied,Not Available,38,Not Available,2974,65,Not Available,Yes,5,1
4168,Tanvi Pillai,Female,23,2020,Presidency University Kolkata,B.E.,Electrical,8.62,3,No,Yes,3,4,Data Analysis | Hadoop,LinkedIn,Bajaj Finserv,Consulting,Recruiter,Internship,Delhi NCR,2022-03-26,Online Assessment,Not Available,45,Not Available,2620,91,Yes,No,7,2
4169,Siddharth Choudhury,Male,22,2023,NSUT Delhi,B.Sc (IT),Information Technology,7.49,2,No,Yes,0,2,Selenium | TensorFlow | Spark | PyTorch,Referral,Zoho,Manufacturing,Network Engineer,Full-time,Mysuru,2023-02-14,Applied,Not Available,3,Not Available,1081,92,Not Available,No,2,0
4170,Lata Reddy,Female,20,2021,IIM Bangalore,BCA,Computer Applications,9.17,1,No,Yes,2,4,Flutter | Docker,Internshala,Delhivery,Automotive,Cloud Engineer,Part-time,Bhubaneswar,2022-09-03,Online Assessment,Not Available,2,Not Available,2163,68,Not Available,Yes,6,1
4175,Brijesh Rastogi,Male,24,2022,IIT Kharagpur,MBA,Business Analytics,5.7,0,Yes,Yes,2,2,Communication | Spark,LinkedIn,MakeMyTrip,HealthTech,Embedded Engineer,Contract,Visakhapatnam,2022-08-17,Online Assessment,Not Available,25,Not Available,1187,80,No,No,4,0
4177,Bhavna Oberoi,Female,25,2022,IIM Ahmedabad,B.E.,Mechanical,6.51,0,No,Yes,6,5,Swift | Tableau | SQL | Ruby on Rails | Python,Referral,MakeMyTrip,Logistics,DevOps Engineer,Contract,Pune,2024-01-02,Applied,Not Available,41,Not Available,965,87,Not Available,No,11,2
4178,Deepika Menon,Female,23,2023,Delhi University,BCA,Computer Applications,8.47,0,No,No,4,0,Git | Swift | REST APIs | Hive | Teamwork,Naukri,BYJU's,Logistics,Software Engineer,Full-time,Remote,2024-04-19,Applied,Not Available,6,Not Available,65,58,Not Available,No,4,1
4179,Hema Swamy,Female,25,2020,Symbiosis Pune,B.E.,Computer Science,6.97,1,No,Yes,3,5,Excel | Teamwork,Internshala,Urban Company,Media & Entertainment,Network Engineer,Internship,Surat,2021-04-08,Offer,3.0,17,8386.0,1933,66,Not Available,No,8,1
4180,Jhanvi Krishnan,Female,21,2021,BIT Mesra Ranchi,MCA,Computer Applications,7.6,0,No,No,1,0,Hadoop | JavaScript,LinkedIn,Citi India,Consulting,Finance Analyst,Internship,Lucknow,2021-03-16,Online Assessment,Not Available,39,Not Available,1907,89,No,No,1,0
4181,Raghav Dhillon,Male,26,2020,IIT Kanpur,MCA,Computer Applications,9.29,3,No,No,2,0,Kotlin | Deep Learning | Leadership | Hive,Naukri,PolicyBazaar,HealthTech,Database Administrator,Internship,Hyderabad,2024-05-07,Shortlisted,Not Available,18,Not Available,1413,67,Not Available,No,2,4
4182,Umesh Patil,Male,22,2023,KIIT Bhubaneswar,B.E.,Computer Science,9.85,2,No,No,5,1,Django | MATLAB,Naukri,Google India,Logistics,Data Scientist,Internship,Kolkata,2023-07-13,Offer,2.0,23,23700.0,2601,100,Not Available,No,6,0
4183,Dipali Nair,Female,21,2022,IIIT Allahabad,BBA,Marketing,6.8,1,No,Yes,5,3,Bash Scripting | Cybersecurity | R | GraphQL,Naukri,HDFC Bank,AgriTech,Backend Developer,Full-time,Delhi NCR,2024-08-26,Technical Interview,1.0,33,Not Available,2581,79,Not Available,No,8,2
4185,Elina Anand,Female,21,2022,IIEST Shibpur,BBA,Business Administration,6.23,0,No,No,4,4,MATLAB | Flutter,Internshala,Capgemini,Consulting,Data Scientist,Full-time,Remote,2023-06-10,Offer,1.0,32,823958.0,218,81,Not Available,No,8,1
4187,Gopal Garg,Male,21,2022,NIT Surathkal,B.E.,Civil,6.73,3,No,No,6,4,Flutter | Linux,Naukri,Mu Sigma,HealthTech,Business Analyst,Full-time,Bengaluru,2022-08-11,Offer,3.0,35,634612.0,1170,84,Not Available,No,10,0
4188,Bhavna Patel,Female,22,2020,IIM Bangalore,BCA,Computer Applications,9.09,2,No,Yes,1,3,Linux | REST APIs | Kotlin | React,LinkedIn,BYJU's,Automotive,Data Analyst,Part-time,Patna,2023-08-19,Rejected,3.0,2,Not Available,289,66,No,No,4,3
4189,Yamini Ramachandran,Female,22,2021,NIT Trichy,B.Sc (CS),Computer Science,9.69,3,Yes,Yes,0,1,AWS | Linux | Kotlin,LinkedIn,Lenskart,AgriTech,Finance Analyst,Internship,Kochi,2023-02-19,Applied,Not Available,6,Not Available,1805,68,No,No,1,2
4190,Tushar Ghosh,Male,21,2020,Jadavpur University Kolkata,B.Sc (IT),Information Technology,6.67,2,No,Yes,6,5,Power BI | Cybersecurity | Spring Boot | React | Deep Learning,IIMJobs,Fractal Analytics,AgriTech,Full Stack Developer,Full-time,Indore,2022-01-31,Online Assessment,Not Available,13,Not Available,858,78,Not Available,Yes,11,2
4192,Gargi Sundaram,Female,24,2021,Bangalore University,B.Tech,Chemical Engineering,7.38,3,No,No,4,5,C++ | Tableau,Campus Placement,Groww,Automotive,Frontend Developer,Full-time,Bengaluru,2023-10-19,Technical Interview,1.0,33,Not Available,1191,62,Not Available,No,9,2
4194,Nisha Ramachandran,Female,22,2022,GLA University Mathura,BBA,Business Administration,7.24,3,No,Yes,6,3,Networking | Tableau | Java,LinkedIn,Absolutdata,Manufacturing,QA Engineer,Full-time,Bhubaneswar,2023-05-10,HR Interview,5.0,30,Not Available,1195,97,No,No,9,1
4196,Sarika Jadhav,Female,25,2022,IIT Delhi,B.Tech,Electrical Engineering,5.94,0,No,No,6,5,Git | Problem Solving | Java,Naukri,Delhivery,FinTech,SEO Analyst,Full-time,Mysuru,2024-06-25,Applied,Not Available,21,Not Available,1376,74,Not Available,No,11,2
4197,Suresh Saxena,Male,25,2024,IIM Bangalore,B.Com,Finance,8.46,1,No,No,2,4,Communication | Tableau | Power BI | Data Analysis | Django,Cutshort,Bosch India,Logistics,Recruiter,Full-time,Gurugram,2024-08-14,Online Assessment,Not Available,18,Not Available,2039,77,Not Available,No,6,0
4199,Aarav Shah,Male,26,2022,IIT Delhi,M.Tech,VLSI,9.33,2,No,No,1,4,Linux | Flutter | Selenium | Machine Learning,Unstop,Capgemini,IT/Software,Software Engineer,Part-time,Kolkata,2022-08-10,Applied,Not Available,14,Not Available,653,67,Not Available,No,5,0
4200,Shreya Rawat,Prefer not to say,27,2022,Amity University Noida,B.E.,Mechanical,8.84,0,No,Yes,1,1,Hadoop | Python | Flutter | Problem Solving | Spring Boot,LinkedIn,Axis Bank,Media & Entertainment,Operations Analyst,Internship,Bhopal,2022-10-06,Rejected,4.0,33,Not Available,2831,73,No,No,2,0
4201,Simran Porwal,Female,24,2020,XLRI Jamshedpur,MBA,Business Analytics,7.36,3,No,No,0,0,Hive | Swift,LinkedIn,Amazon India,E-commerce,Systems Engineer,Internship,Nagpur,2021-05-21,Shortlisted,Not Available,18,Not Available,1524,76,No,No,0,1
4202,Chitra Sandhu,Female,24,2022,SRM University Chennai,BCA,Computer Applications,6.24,0,No,No,4,3,R | Kubernetes | Leadership | TensorFlow | Linux,LinkedIn,Mindtree,Automotive,Technical Support Engineer,Full-time,Gurugram,2023-07-10,Applied,Not Available,22,Not Available,169,88,No,Yes,7,1
4204,Harsha Chopra,Female,26,2020,PES University Bangalore,M.Tech,AI/ML,9.7,0,No,No,4,5,Leadership | Swift | Teamwork | Spring Boot,Internshala,Cure.fit,EdTech,Technical Support Engineer,Contract,Bhubaneswar,2022-05-23,Online Assessment,Not Available,23,Not Available,167,94,Not Available,No,9,2
4205,Devika Grewal,Female,21,2020,Delhi University,BCA,Computer Applications,6.08,1,No,No,3,5,Bash Scripting | Azure | JavaScript | Cybersecurity | Power BI,Naukri,Groww,Media & Entertainment,Frontend Developer,Full-time,Coimbatore,2024-06-25,Applied,Not Available,45,Not Available,2805,89,Not Available,No,8,4
4206,Akhil Biswas,Male,22,2021,XLRI Jamshedpur,B.Sc (IT),Information Technology,9.57,0,No,No,6,0,Communication | MATLAB | REST APIs | Linux,LinkedIn,Qualcomm India,Manufacturing,Backend Developer,Internship,Jaipur,2022-04-23,Offer,5.0,8,34789.0,2782,100,No,No,6,1
4207,Keshav Menon,Male,23,2020,Nirma University Ahmedabad,B.E.,Mechanical,6.83,1,No,Yes,1,2,Communication | Docker | R,LinkedIn,BYJU's,Telecom,Cybersecurity Analyst,Full-time,Ahmedabad,2021-11-07,Applied,Not Available,33,Not Available,1421,59,No,No,3,1
4209,Akhil Goyal,Male,20,2021,RV College Bangalore,M.Tech,Data Science,5.77,3,No,Yes,0,1,Spark | PHP | Hadoop | Communication | Django,LinkedIn,Mindtree,Telecom,Marketing Analyst,Part-time,Jaipur,2024-12-08,Applied,Not Available,30,Not Available,1803,89,No,No,1,3
4212,Varun Anand,Male,21,2024,Pune University,MCA,Computer Applications,9.24,3,Yes,No,5,0,Ruby on Rails | Flutter | TypeScript | PyTorch | C++,Internshala,Zoho,E-commerce,ML Engineer,Full-time,Kochi,2024-08-28,Applied,Not Available,15,Not Available,1128,95,Not Available,No,5,0
4213,Akhil Chatterjee,Male,20,2022,Thapar University,BCA,Computer Applications,7.92,2,No,Yes,6,0,Tableau | React | Java | Spring Boot,Campus Placement,Tech Mahindra,HealthTech,Cybersecurity Analyst,Full-time,Kolkata,2022-12-10,Online Assessment,Not Available,16,Not Available,1311,84,Not Available,No,6,0
4214,Yukti Anand,Female,20,2020,IIM Ahmedabad,BBA,Finance,7.75,2,No,No,0,1,GraphQL | Figma | TensorFlow | AWS | PyTorch,Cutshort,MakeMyTrip,Logistics,DevOps Engineer,Full-time,Bhopal,2022-01-24,Shortlisted,Not Available,12,Not Available,918,86,Not Available,No,1,2
4215,Utsav Verma,Male,27,2021,SVNIT Surat,BCA,Computer Applications,9.97,3,No,No,2,1,PHP | Networking | Deep Learning,LinkedIn,Tata Steel,Consulting,Embedded Engineer,Internship,Jaipur,2022-08-06,Applied,Not Available,2,Not Available,1342,98,Yes,No,3,1
4216,Sarika Bisht,Female,21,2021,GLA University Mathura,BBA,HR,7.52,2,No,Yes,3,2,Git | Kubernetes | Excel | Hive | Problem Solving,LinkedIn,Google India,EdTech,Frontend Developer,Internship,Coimbatore,2021-06-13,Applied,Not Available,3,Not Available,920,83,Yes,No,5,0
4217,Mansi Biswas,Female,21,2022,IIIT Hyderabad,MBA,Business Analytics,7.25,2,No,No,2,3,Scala | Azure | PHP,Campus Placement,Upstox,FinTech,Frontend Developer,Full-time,Ahmedabad,2023-03-07,Online Assessment,Not Available,15,Not Available,2813,79,Not Available,No,5,1
4218,Hitesh Sharma,Male,24,2023,MDI Gurgaon,MBA,HR,9.69,0,Yes,No,3,1,Java | Linux | Machine Learning | REST APIs | Networking,WorkIndia,Goldman Sachs,AgriTech,Database Administrator,Full-time,Patna,2024-11-19,Applied,Not Available,29,Not Available,1307,91,Not Available,No,4,1
4219,Irfan Das,Male,24,2021,BITS Hyderabad,B.Sc (IT),Information Technology,8.7,2,No,No,3,3,MongoDB | MATLAB | Figma | Node.js | Django,LinkedIn,Swiggy,Logistics,Digital Marketing Executive,Full-time,Chennai,2021-07-30,Offer,1.0,10,765357.0,1086,78,No,No,6,0
4220,Kirti Arora,Female,21,2022,IIT Kharagpur,B.Com,Finance,6.13,0,No,No,0,3,Scala | GraphQL,Cutshort,Microsoft India,Consulting,Data Analyst,Full-time,Remote,2022-07-21,Rejected,1.0,20,Not Available,2043,71,Not Available,No,3,0
4222,Irfan Kulkarni,Male,22,2020,Delhi University,M.Tech,Computer Science,6.4,1,No,Yes,1,5,Tableau | PyTorch | Teamwork | Kotlin | Figma,Campus Placement,Razorpay,Telecom,Software Engineer,Contract,Indore,2021-04-13,Offer,1.0,9,1127598.0,2683,77,Not Available,No,6,1
4223,Bharat Venkatesh,Male,21,2023,IIIT Hyderabad,BBA,HR,9.13,0,No,No,4,2,Docker | Teamwork | C++ | Machine Learning,Referral,Practo,E-commerce,iOS Developer,Full-time,Visakhapatnam,2023-07-21,Applied,Not Available,45,Not Available,2243,63,Not Available,Yes,6,0
4224,Komal Khatri,Female,24,2021,Christ University Bangalore,BBA,HR,9.22,1,No,Yes,0,5,Azure | AWS | Bash Scripting | PHP,Campus Placement,Zoho,AgriTech,Software Engineer,Full-time,Coimbatore,2023-08-20,Online Assessment,Not Available,14,Not Available,2098,58,Not Available,Yes,5,2
4225,Inder Patil,Male,26,2022,HBTU Kanpur,B.Com,Finance,8.68,0,Yes,No,1,3,Communication | Node.js | TypeScript | Cybersecurity | SQL,Internshala,Capgemini,Retail,QA Engineer,Full-time,Mysuru,2022-04-02,Shortlisted,Not Available,44,Not Available,492,80,Not Available,Yes,4,0
4226,Uday Mehta,Male,25,2020,IIT Roorkee,B.Sc (IT),Information Technology,9.6,3,No,Yes,0,4,GraphQL | Git | TypeScript | Selenium,AngelList,Groww,FinTech,Frontend Developer,Full-time,Hyderabad,2021-10-30,Online Assessment,Not Available,39,Not Available,667,77,Not Available,No,4,1
4227,Bharat Murthy,Male,23,2020,Bangalore University,B.Tech,Information Technology,9.32,2,No,No,3,3,Tableau | Spark | Teamwork | Scala | Node.js,Referral,Practo,Telecom,Software Engineer,Full-time,Pune,2023-09-10,Applied,Not Available,6,Not Available,258,81,Not Available,No,6,3
4229,Urvashi Pandey,Female,21,2020,IIT Hyderabad,B.E.,Electrical,7.43,0,No,Yes,0,4,SQL | Azure | R | Flutter | Networking,HackerEarth,Coforge,HealthTech,Data Analyst,Full-time,Kolkata,2021-09-11,Shortlisted,Not Available,1,Not Available,1639,87,Not Available,No,4,1
4232,Riddhi Patil,Female,27,2021,Osmania University Hyderabad,B.Tech,Mechanical Engineering,5.55,2,No,Yes,0,2,Excel | Deep Learning | Hadoop | MongoDB | Linux,Referral,Coforge,Manufacturing,Backend Developer,Full-time,Patna,2024-05-12,Applied,Not Available,39,Not Available,303,84,Not Available,No,2,3
4233,Simran Sengupta,Female,27,2020,Manipal Institute of Technology,BCA,Computer Applications,6.73,3,No,Yes,4,0,TensorFlow | Problem Solving | Hive | Java | C++,LinkedIn,Microsoft India,Media & Entertainment,Digital Marketing Executive,Internship,Mysuru,2024-02-22,Shortlisted,Not Available,19,Not Available,769,68,No,No,4,4
4234,Jay Rawat,Male,24,2021,NIT Trichy,MCA,Computer Applications,9.98,0,No,Yes,2,2,TensorFlow | REST APIs,Glassdoor,Unacademy,Retail,Product Manager,Internship,Gurugram,2022-11-30,Applied,Not Available,24,Not Available,2681,63,Not Available,No,4,1
4235,Gaurang Reddy,Male,20,2021,KIIT Bhubaneswar,BBA,Business Administration,9.82,3,No,Yes,6,4,Kubernetes | C++ | R | PHP | Figma,Referral,Cognizant,Consulting,Frontend Developer,Contract,Surat,2022-10-23,Technical Interview,5.0,38,Not Available,622,68,Not Available,No,10,1
4240,Ishaan Venkatesh,Male,22,2021,Osmania University Hyderabad,B.Sc (IT),Information Technology,8.6,0,No,Yes,4,2,AWS | Leadership,Indeed,JPMorgan India,Banking & Finance,iOS Developer,Full-time,Jaipur,2024-12-10,Applied,Not Available,26,Not Available,1582,95,Not Available,No,6,3
4242,Jatin More,Male,24,2021,Bangalore University,BBA,Marketing,9.42,3,No,No,5,3,Azure | AWS | R | Power BI,Referral,Flipkart,Logistics,Technical Support Engineer,Full-time,Bhubaneswar,2022-01-28,Online Assessment,Not Available,8,Not Available,531,82,Not Available,No,8,1
4244,Priya Bhatnagar,Female,26,2024,IIT Delhi,B.Sc (CS),Computer Science,5.8,0,No,Yes,1,4,SQL | AWS | Linux | Data Analysis,Indeed,Amazon India,Banking & Finance,Content Writer,Full-time,Coimbatore,2024-08-18,Online Assessment,Not Available,14,Not Available,2347,56,Not Available,No,5,0
4247,Utsav Hegde,Male,23,2020,IIT Kharagpur,M.Tech,Computer Science,8.51,3,No,No,5,4,TypeScript | Python,LinkedIn,Mphasis,HealthTech,Product Manager,Part-time,Patna,2024-01-28,Applied,Not Available,25,Not Available,784,100,No,Yes,9,4
4248,Umesh Tiwari,Male,22,2021,IIT Madras,MCA,Computer Applications,5.8,3,No,Yes,6,0,Swift | JavaScript,Campus Placement,HDFC Bank,Retail,Systems Engineer,Internship,Lucknow,2023-05-15,Technical Interview,4.0,5,Not Available,2036,71,Not Available,No,6,2
4250,Alpana Khatri,Female,24,2022,IIT Kharagpur,MBA,Business Analytics,8.38,0,No,No,6,4,Excel | Django | Scala | Git | Machine Learning,LinkedIn,ICICI Bank,E-commerce,Recruiter,Full-time,Pune,2023-01-16,Applied,Not Available,11,Not Available,1214,64,No,No,10,1
4252,Sarika Kapoor,Female,21,2020,Christ University Bangalore,B.Com,Accounting,6.12,1,No,No,3,1,Problem Solving | TypeScript | Leadership | JavaScript | PHP,AngelList,Uber India,Consulting,Sales Executive,Full-time,Ahmedabad,2022-04-05,Online Assessment,Not Available,8,Not Available,1183,74,Not Available,Yes,4,2
4254,Dipali Sengupta,Female,24,2022,IIT Madras,M.Tech,Software Engineering,7.4,0,No,No,3,3,Swift | MongoDB | MATLAB | Cybersecurity,Naukri,Unacademy,E-commerce,Embedded Engineer,Internship,Noida,2022-06-15,Rejected,4.0,8,Not Available,370,94,Not Available,No,6,0
4255,Ravi Singh,Male,21,2021,Thapar University,MBA,Business Analytics,6.85,3,No,Yes,1,4,MATLAB | Leadership | JavaScript | TypeScript,Unstop,PhonePe,Telecom,SEO Analyst,Contract,Mumbai,2022-11-29,Applied,Not Available,7,Not Available,1888,59,Not Available,No,5,1
4257,Ishita Thakur,Female,23,2021,SRMIST Chennai,B.Sc (CS),Computer Science,9.45,0,No,No,3,2,Figma | Kotlin | Networking | Swift,Naukri,Zerodha,E-commerce,UX Designer,Contract,Noida,2021-03-23,Shortlisted,Not Available,42,Not Available,1226,65,Not Available,Yes,5,0
4258,Nikhil Pandey,Prefer not to say,25,2021,NIT Calicut,B.Sc (CS),Computer Science,6.4,1,No,Yes,1,2,Scala | PyTorch | TensorFlow | Azure,HackerEarth,Practo,Retail,Cybersecurity Analyst,Full-time,Indore,2023-04-16,Rejected,5.0,41,Not Available,700,66,Not Available,No,3,2
4259,Itisha Sharma,Female,24,2024,RV College Bangalore,MBA,Strategy,7.71,2,No,No,5,5,Power BI | Docker | MongoDB | Node.js,Campus Placement,Unacademy,FinTech,Sales Executive,Full-time,Surat,2024-07-01,Offer,4.0,32,675714.0,2442,64,Not Available,No,10,0
4262,Mayank Garg,Male,21,2022,IIT Hyderabad,B.E.,Civil,7.47,0,No,No,5,1,MongoDB | Laravel | Git | Spring Boot | Linux,Apna,TCS,Banking & Finance,Cybersecurity Analyst,Full-time,Hyderabad,2022-09-01,Technical Interview,4.0,8,Not Available,1629,85,Not Available,Yes,6,0
4263,Payal Rawat,Female,26,2020,IIIT Hyderabad,B.Sc (CS),Computer Science,5.73,1,No,Yes,1,1,Kubernetes | Teamwork | Laravel,LinkedIn,IBM India,HealthTech,UX Designer,Full-time,Visakhapatnam,2021-07-23,Technical Interview,3.0,17,Not Available,1960,88,No,No,2,1
4265,Jay Bhatia,Male,25,2023,JNTUH Hyderabad,B.Tech,Civil Engineering,8.83,2,No,Yes,5,4,Problem Solving | Leadership | Spring Boot,Naukri,Nykaa,Banking & Finance,Database Administrator,Internship,Pune,2024-07-12,Applied,Not Available,6,Not Available,2767,68,Not Available,No,9,1
4267,Falak Lal,Female,23,2020,IIT Madras,B.Tech,Mechanical Engineering,6.32,1,No,No,3,0,Docker | Cybersecurity | MongoDB | Laravel | Node.js,Naukri,Angel One,E-commerce,Content Writer,Internship,Chennai,2024-07-07,Applied,Not Available,39,Not Available,570,100,Not Available,No,3,4
4270,Pranav Bajaj,Male,24,2022,Chandigarh University,B.Tech,Electronics & Communication,5.86,1,No,Yes,6,0,Node.js | Excel | Kubernetes,LinkedIn,Qualcomm India,Retail,iOS Developer,Contract,Chandigarh,2024-06-09,Offer,4.0,12,304680.0,1920,95,No,No,6,2
4271,Deepika Murthy,Female,26,2024,MNNIT Allahabad,B.Sc (IT),Information Technology,5.65,0,No,No,4,3,Java | Git,Naukri,Nykaa,Media & Entertainment,Business Analyst,Full-time,Ahmedabad,2024-06-24,Applied,Not Available,16,Not Available,375,66,Not Available,Yes,7,0
4272,Divya Menon,Female,25,2021,NIT Warangal,B.Tech,Information Technology,9.99,3,No,Yes,0,3,Python | Kubernetes | Spring Boot | Ruby on Rails | TensorFlow,AngelList,Unacademy,Telecom,ML Engineer,Full-time,Mysuru,2024-11-03,Applied,Not Available,38,Not Available,256,81,Not Available,No,3,3
4274,Darshan Kulkarni,Male,24,2021,IIT Hyderabad,B.Com,Commerce,6.3,1,Yes,No,1,2,Figma | Hive | Spring Boot | Bash Scripting | Tableau,LinkedIn,Citi India,HealthTech,ML Engineer,Internship,Kochi,2021-04-04,Online Assessment,Not Available,14,Not Available,221,67,Yes,No,3,0
4275,Onkar Bisht,Male,21,2020,COEP Pune,BBA,HR,5.89,2,No,Yes,3,4,C++ | Swift | Laravel,LinkedIn,Accenture,Consulting,Finance Analyst,Full-time,Kolkata,2022-03-27,Shortlisted,Not Available,43,Not Available,1995,64,Yes,No,7,2
4276,Lavanya Walia,Female,22,2022,IIT Kharagpur,BBA,Business Administration,6.05,3,Yes,Yes,2,2,Python | Spark | GraphQL,Indeed,Morgan Stanley India,EdTech,Full Stack Developer,Internship,Jaipur,2022-04-24,HR Interview,4.0,3,Not Available,1426,95,Not Available,No,4,0
4278,Yash Khanna,Male,26,2020,NSUT Delhi,B.E.,Electrical,7.52,2,No,Yes,4,0,Excel | Figma | Bash Scripting | Selenium,Internshala,PhonePe,IT/Software,Finance Analyst,Full-time,Jaipur,2023-04-05,Technical Interview,2.0,34,Not Available,1952,88,Not Available,No,4,3
4279,Rahul Dey,Male,22,2022,BITS Pilani,B.Sc (CS),Computer Science,6.86,2,No,Yes,3,3,Kotlin | Docker,Naukri,Absolutdata,E-commerce,Frontend Developer,Part-time,Chennai,2022-03-04,Online Assessment,Not Available,42,Not Available,751,83,Not Available,No,6,0
4280,Chetna Sundaram,Female,27,2020,IIIT Hyderabad,B.Sc (IT),Information Technology,8.21,1,No,No,5,1,Swift | Bash Scripting | Linux,Campus Placement,Persistent Systems,AgriTech,Network Engineer,Full-time,Bhubaneswar,2023-07-27,Shortlisted,Not Available,8,Not Available,1879,65,Not Available,No,6,3
4281,Usha Swamy,Female,22,2020,Symbiosis Pune,B.Com,Commerce,9.76,3,No,No,0,3,Bash Scripting | Swift | PyTorch | Flutter,AngelList,Zerodha,Retail,Database Administrator,Internship,Kolkata,2024-10-26,Technical Interview,4.0,15,Not Available,1882,77,Not Available,No,3,4
4283,Kartik Trivedi,Male,20,2022,Amity University Noida,M.Tech,Software Engineering,6.75,2,No,No,3,1,SQL | Selenium | Azure | GraphQL | Spring Boot,Campus Placement,Deloitte,Telecom,Content Writer,Full-time,Noida,2022-12-18,Rejected,3.0,18,Not Available,2515,68,Not Available,No,4,0
4284,Arnav Krishnan,Male,22,2022,SRM University Chennai,B.Sc (CS),Computer Science,6.73,2,No,No,1,4,Linux | AWS,Campus Placement,Cure.fit,Automotive,Network Engineer,Full-time,Kochi,2024-10-02,Online Assessment,Not Available,16,Not Available,1823,91,Not Available,No,5,2
4285,Chitra Oswal,Female,27,2020,SRM University Chennai,B.Sc (IT),Information Technology,6.49,1,No,No,5,4,R | Hadoop | Flutter,Naukri,Practo,Manufacturing,Marketing Analyst,Full-time,Surat,2022-06-21,Offer,5.0,10,644943.0,203,65,Not Available,No,9,2
4288,Keshav Sodhi,Male,23,2023,Osmania University Hyderabad,MBA,Business Analytics,9.58,0,No,Yes,2,5,Kotlin | React | REST APIs,Indeed,Accenture,Banking & Finance,Technical Support Engineer,Part-time,Visakhapatnam,2023-05-21,Applied,Not Available,32,Not Available,1972,63,Not Available,No,7,0
4289,Kamya Mukherjee,Female,25,2020,HBTU Kanpur,M.Tech,Data Science,7.41,3,Yes,No,0,3,Git | Azure | Communication,Campus Placement,HCL Technologies,Logistics,Cybersecurity Analyst,Internship,Noida,2021-07-02,Shortlisted,Not Available,39,Not Available,1365,61,Not Available,No,3,1
4290,Uday Hegde,Male,24,2022,DTU Delhi,B.Sc (IT),Information Technology,6.6,2,Yes,No,3,2,Node.js | Ruby on Rails,Referral,Ola,Logistics,Network Engineer,Internship,Bhubaneswar,2023-08-23,Rejected,4.0,35,Not Available,761,73,Not Available,No,5,1
4291,Lavanya Pandey,Female,20,2024,IIM Ahmedabad,B.Tech,Computer Science,7.49,3,No,No,2,3,R | Laravel,Unstop,Hexaware,IT/Software,Embedded Engineer,Full-time,Gurugram,2024-04-30,Applied,Not Available,44,Not Available,1361,58,Not Available,No,5,0
4292,Irfan Yadav,Male,27,2020,KIIT Bhubaneswar,B.Com,Accounting,6.79,2,No,Yes,2,5,Kubernetes | Django | Excel | Selenium,LinkedIn,Nykaa,EdTech,Android Developer,Full-time,Surat,2024-06-02,Applied,Not Available,11,Not Available,2575,89,No,No,7,4
4293,Omkar Oberoi,Male,23,2022,Delhi University,M.Tech,AI/ML,7.79,2,No,No,6,5,Node.js | MATLAB | Scala,Indeed,Fractal Analytics,E-commerce,Data Scientist,Full-time,Mysuru,2023-09-19,Technical Interview,1.0,6,Not Available,1530,87,Not Available,Yes,11,1
4294,Isha Krishnan,Female,27,2020,IIT Delhi,M.Tech,Computer Science,8.14,2,No,No,2,3,Flutter | SQL | R,Cutshort,Amazon India,Retail,QA Engineer,Internship,Visakhapatnam,2023-03-24,Offer,3.0,40,11436.0,582,55,Not Available,No,5,3
4298,Jyoti Balakrishnan,Female,26,2021,IIT Kanpur,B.E.,Computer Science,7.02,3,No,Yes,2,1,Communication | Problem Solving | REST APIs | Java,Cutshort,Axis Bank,AgriTech,DevOps Engineer,Internship,Kolkata,2021-01-28,Shortlisted,Not Available,11,Not Available,603,75,Not Available,Yes,3,0
4299,Akash Kulkarni,Male,25,2020,HBTU Kanpur,MBA,Operations,8.46,1,No,No,6,1,JavaScript | REST APIs | Python,Naukri,Ola,IT/Software,iOS Developer,Full-time,Bhopal,2024-02-02,Applied,Not Available,44,Not Available,530,60,Not Available,No,7,4
4302,Namrata Bhatt,Female,26,2023,NSUT Delhi,MCA,Computer Applications,6.81,2,No,Yes,4,2,Communication | SQL | Networking | Machine Learning | Teamwork,Indeed,Angel One,Telecom,Business Analyst,Internship,Kolkata,2024-06-02,Technical Interview,4.0,7,Not Available,1565,91,Not Available,Yes,6,1
4304,Pranav Dey,Male,24,2021,Jadavpur University Kolkata,BBA,Marketing,8.78,1,No,Yes,5,5,Python | PHP,Indeed,Lenskart,IT/Software,Product Manager,Full-time,Lucknow,2024-07-18,Shortlisted,Not Available,24,Not Available,2581,100,Not Available,No,10,3
4306,Tushar Srivastava,Male,24,2023,IIT Madras,B.E.,Mechanical,8.16,0,No,No,3,1,Scala | R | Teamwork | Selenium,Glassdoor,Texas Instruments India,Banking & Finance,Software Engineer,Part-time,Nagpur,2023-10-08,Offer,4.0,31,973481.0,387,69,Not Available,Yes,4,0
4308,Kartik Ahuja,Male,24,2024,Thapar University,MCA,Computer Applications,8.24,0,No,Yes,5,4,Spring Boot | Hadoop | Azure,Naukri,ICICI Bank,Manufacturing,Sales Executive,Full-time,Mumbai,2024-04-24,HR Interview,4.0,3,Not Available,2197,68,Not Available,No,9,0
4310,Eklavya Yadav,Male,23,2020,MNNIT Allahabad,B.Com,Commerce,7.72,2,No,Yes,1,3,Flutter | Networking | Hive | React | Linux,Naukri,Delhivery,Media & Entertainment,Marketing Analyst,Internship,Mumbai,2024-03-06,Offer,2.0,22,24811.0,2640,65,Not Available,No,4,4
4311,Arjun Srivastava,Male,23,2021,Symbiosis Pune,MCA,Computer Applications,6.14,0,Yes,Yes,3,0,MongoDB | Cybersecurity | PHP | Hadoop | JavaScript,Indeed,BigBasket,Telecom,Full Stack Developer,Internship,Remote,2024-01-11,Shortlisted,Not Available,35,Not Available,1798,96,Not Available,No,3,3
4312,Zaid Bisht,Male,25,2020,Mumbai University,BBA,Finance,6.91,0,Yes,No,2,3,Hive | Hadoop | Spring Boot | MATLAB,Unstop,Urban Company,Automotive,Digital Marketing Executive,Internship,Patna,2023-02-26,Online Assessment,Not Available,11,Not Available,2134,84,Not Available,No,5,3
4313,Farida Dey,Female,24,2023,Pune University,B.Sc (CS),Computer Science,9.34,3,Yes,No,2,0,Figma | Kotlin | PyTorch | Communication,Referral,Practo,Telecom,Content Writer,Full-time,Visakhapatnam,2023-04-28,Withdrawn,Not Available,21,Not Available,337,69,Not Available,No,2,0
4321,Jagdish Venkatesh,Male,26,2021,IIIT Bangalore,MBA,Operations,5.93,1,No,No,2,5,Tableau | Kotlin | PyTorch | Spring Boot | Laravel,Internshala,LTIMindtree,EdTech,UX Designer,Full-time,Chennai,2021-09-01,Applied,Not Available,42,Not Available,2692,73,Not Available,No,7,0
4323,Akash Srivastava,Male,24,2023,IIIT Allahabad,MCA,Computer Applications,9.76,2,No,Yes,4,4,Bash Scripting | Azure,Naukri,Citi India,FinTech,Recruiter,Full-time,Kolkata,2023-09-27,Online Assessment,Not Available,37,Not Available,1325,66,Not Available,Yes,8,0
4328,Dipali Negi,Female,24,2021,IIM Bangalore,B.Sc (IT),Information Technology,6.62,3,No,Yes,4,5,Laravel | Tableau | MATLAB | Selenium,IIMJobs,BYJU's,Consulting,Business Analyst,Part-time,Noida,2023-03-23,Online Assessment,Not Available,31,Not Available,2309,61,Not Available,No,9,2
4329,Kirti Desai,Female,27,2020,IIIT Bangalore,B.Sc (CS),Computer Science,7.16,3,No,No,1,0,Laravel | GraphQL,LinkedIn,Freshworks,Telecom,Content Writer,Full-time,Lucknow,2024-08-23,Applied,Not Available,30,Not Available,825,99,No,No,1,4
4330,Itisha Arora,Female,22,2021,PES University Bangalore,B.Sc (CS),Computer Science,9.13,0,No,Yes,6,0,Docker | Bash Scripting,Glassdoor,Capgemini,Manufacturing,DevOps Engineer,Internship,Patna,2023-06-09,Shortlisted,Not Available,12,Not Available,1863,100,Not Available,No,6,2
4332,Namrata Patil,Female,22,2022,Presidency University Kolkata,B.Com,Commerce,9.11,2,No,No,2,3,Linux | Kotlin | Docker,Naukri,Tiger Analytics,Retail,Backend Developer,Full-time,Ahmedabad,2022-06-09,Shortlisted,Not Available,21,Not Available,1741,75,Not Available,No,5,0
4333,Wasim Natarajan,Male,22,2024,COEP Pune,B.Com,Accounting,6.98,2,No,Yes,5,2,Networking | Scala | SQL | Deep Learning,Naukri,Delhivery,Automotive,Full Stack Developer,Full-time,Patna,2024-04-09,Offer,3.0,2,861876.0,2251,98,Not Available,No,7,0
4335,Nidhi Sodhi,Female,24,2022,IIM Bangalore,B.Sc (IT),Information Technology,5.92,3,No,Yes,0,5,Deep Learning | Spring Boot | Power BI | GraphQL | MATLAB,LinkedIn,PhonePe,Consulting,HR Executive,Full-time,Surat,2022-11-27,Applied,Not Available,13,Not Available,2681,62,Yes,No,5,0
4336,Deepak Venkatesh,Male,21,2022,XLRI Jamshedpur,B.Com,Accounting,6.15,1,No,No,0,4,Selenium | Kotlin | Git,Campus Placement,Groww,Retail,Finance Analyst,Full-time,Chennai,2022-05-12,Applied,Not Available,40,Not Available,2367,91,Not Available,No,4,0
4338,Neeraj Majumdar,Male,23,2020,XLRI Jamshedpur,B.Sc (CS),Computer Science,5.79,0,No,Yes,6,2,JavaScript | Hive | REST APIs,Cutshort,Freshworks,HealthTech,Data Analyst,Internship,Noida,2024-03-13,HR Interview,4.0,30,Not Available,1705,71,Not Available,No,8,4
4339,Deepak Malhotra,Male,27,2020,NIT Trichy,MBA,Finance,9.56,0,No,No,4,4,Cybersecurity | Figma | Laravel | Hadoop | Scala,Cutshort,Flipkart,Retail,Finance Analyst,Full-time,Gurugram,2022-04-27,Applied,Not Available,33,Not Available,2707,83,Not Available,No,8,2
4340,Kavya Rajan,Prefer not to say,27,2020,Mumbai University,B.Tech,Computer Science,9.06,1,No,Yes,0,4,R | Ruby on Rails | Excel,Unstop,JPMorgan India,E-commerce,Digital Marketing Executive,Full-time,Surat,2024-06-18,Shortlisted,Not Available,31,Not Available,484,71,Not Available,Yes,4,4
4341,Ekta Goyal,Female,27,2020,MNNIT Allahabad,BBA,HR,9.69,3,Yes,No,4,3,SQL | Hive,LinkedIn,Wipro,Telecom,ML Engineer,Full-time,Visakhapatnam,2024-06-11,Shortlisted,Not Available,38,Not Available,337,65,No,No,7,4
4345,Puja Bansal,Female,27,2024,Symbiosis Pune,B.Com,Commerce,9.73,3,No,No,6,2,Swift | Flutter | Bash Scripting | Kotlin,Campus Placement,Unacademy,FinTech,Android Developer,Part-time,Bhubaneswar,2024-04-15,HR Interview,5.0,2,Not Available,502,98,Not Available,No,8,0
4347,Pooja Bansal,Female,24,2024,NSUT Delhi,B.Sc (IT),Information Technology,8.97,3,No,No,0,4,Docker | Ruby on Rails | Cybersecurity,LinkedIn,Ola,E-commerce,Frontend Developer,Full-time,Mysuru,2024-02-12,Online Assessment,Not Available,34,Not Available,1125,89,No,No,4,0
4348,Neha Bajaj,Female,26,2022,Nirma University Ahmedabad,BCA,Computer Applications,6.89,1,No,Yes,5,2,TensorFlow | R | PyTorch | Leadership | Communication,LinkedIn,Samsung India,Banking & Finance,Network Engineer,Full-time,Jaipur,2024-01-26,Technical Interview,1.0,25,Not Available,2050,79,No,No,7,2
4350,Ruhi Khatri,Female,25,2022,NIT Warangal,B.Com,Commerce,8.17,1,No,No,5,2,Kubernetes | MATLAB | Django | Java,Unstop,Zoho,FinTech,DevOps Engineer,Full-time,Remote,2023-02-14,Applied,Not Available,3,Not Available,1285,61,Not Available,No,7,1
4352,Hitesh Shukla,Male,21,2021,Mumbai University,BCA,Computer Applications,7.39,0,No,No,0,0,MATLAB | Kubernetes,Naukri,NIIT Technologies,AgriTech,Full Stack Developer,Full-time,Kolkata,2022-09-22,Withdrawn,Not Available,17,Not Available,2732,99,Not Available,Yes,0,1
4353,Aditi Kulkarni,Female,27,2021,Presidency University Kolkata,B.Sc (CS),Computer Science,7.21,3,No,Yes,1,5,Node.js | Problem Solving | Linux | Bash Scripting | Scala,Apna,PolicyBazaar,Automotive,Data Scientist,Full-time,Kolkata,2022-06-18,Online Assessment,Not Available,10,Not Available,963,67,Not Available,No,6,1
4354,Furqan Mehta,Male,24,2020,IIIT Hyderabad,B.E.,Computer Science,8.63,1,No,No,3,5,Spark | Git | Figma | Problem Solving | Networking,Glassdoor,Practo,Logistics,UX Designer,Full-time,Visakhapatnam,2023-07-01,Applied,Not Available,25,Not Available,1004,78,Not Available,No,8,3
4355,Pooja Choudhury,Female,24,2020,Manipal Institute of Technology,B.E.,Mechanical,6.47,2,No,No,0,2,Kotlin | Spark,Cutshort,Hexaware,HealthTech,Frontend Developer,Full-time,Delhi NCR,2023-11-03,HR Interview,5.0,39,Not Available,1846,62,Not Available,No,2,3
4358,Tarun Sodhi,Male,23,2021,Christ University Bangalore,BBA,Business Administration,8.86,0,No,Yes,4,2,Tableau | AWS,Unstop,Citi India,Retail,iOS Developer,Internship,Mysuru,2021-01-08,Applied,Not Available,26,Not Available,816,97,Not Available,No,6,0
4359,Kunal Singh,Male,27,2021,IIM Bangalore,B.Sc (CS),Computer Science,9.11,0,No,No,0,3,Selenium | Docker | PyTorch | SQL,Apna,PolicyBazaar,EdTech,Digital Marketing Executive,Contract,Chennai,2023-07-28,Offer,1.0,45,352267.0,1382,74,Not Available,No,3,2
4360,Jyoti Dhillon,Female,20,2021,IIM Calcutta,B.Sc (CS),Computer Science,6.16,2,No,No,1,5,Ruby on Rails | MATLAB | Flutter | Bash Scripting | MongoDB,Unstop,Zomato,Manufacturing,HR Executive,Full-time,Coimbatore,2021-10-31,Rejected,4.0,4,Not Available,2464,93,Not Available,No,6,0
4361,Tejas Roy,Male,25,2020,IIIT Allahabad,B.Sc (CS),Computer Science,8.24,3,No,No,5,1,Java | JavaScript,Unstop,Siemens India,Media & Entertainment,Data Analyst,Full-time,Patna,2024-11-20,Shortlisted,Not Available,2,Not Available,698,87,Not Available,Yes,6,4
4362,Ojaswini Roy,Female,23,2023,BITS Hyderabad,MCA,Computer Applications,7.65,1,Yes,Yes,6,0,Hive | TensorFlow | Teamwork | Java | Spring Boot,Naukri,MakeMyTrip,EdTech,Operations Analyst,Contract,Coimbatore,2024-10-06,Technical Interview,2.0,12,Not Available,2801,86,Not Available,No,6,1
4364,Aditya Jadhav,Male,23,2024,IIT Bombay,B.Tech,Computer Science,8.68,3,No,Yes,3,2,MATLAB | Python | PHP | Communication | SQL,Cutshort,Mindtree,Banking & Finance,Data Analyst,Full-time,Remote,2024-07-21,Offer,1.0,34,450231.0,142,64,Not Available,No,5,0
4365,Kartik Malhotra,Male,25,2024,Presidency University Kolkata,B.E.,Electrical,6.75,3,No,Yes,2,0,Excel | Swift | Cybersecurity | Laravel | GraphQL,Naukri,Zoho,Manufacturing,Backend Developer,Internship,Indore,2024-05-12,Offer,3.0,5,13150.0,128,80,Not Available,No,2,0
4367,Dimple Bisht,Female,23,2022,Delhi University,MBA,Business Analytics,7.5,0,No,Yes,4,3,TypeScript | Scala | AWS | Deep Learning,Naukri,Persistent Systems,Manufacturing,DevOps Engineer,Full-time,Mumbai,2024-01-19,Technical Interview,1.0,45,Not Available,2718,79,Not Available,No,7,2
4370,Eshan Swamy,Male,23,2020,NSUT Delhi,B.Tech,Computer Science,9.22,0,No,No,4,0,Problem Solving | MongoDB | Azure,Unstop,Accenture,HealthTech,SEO Analyst,Internship,Patna,2024-04-23,Shortlisted,Not Available,30,Not Available,2192,70,Not Available,Yes,4,4
4371,Omna Chopra,Female,22,2021,SRM University Chennai,B.Tech,Chemical Engineering,7.02,3,No,No,5,1,Figma | Bash Scripting,Naukri,Zoho,IT/Software,Product Manager,Internship,Ahmedabad,2023-06-08,Rejected,3.0,9,Not Available,468,72,Not Available,No,6,2
4372,Sagar Jain,Male,23,2022,BITS Goa,B.Tech,Computer Science,8.58,3,No,Yes,3,1,Power BI | Machine Learning,Foundit,Microsoft India,HealthTech,Content Writer,Full-time,Chandigarh,2024-07-12,Shortlisted,Not Available,22,Not Available,364,94,Not Available,No,4,2
4373,Irfan Oberoi,Male,26,2023,IIM Ahmedabad,BCA,Computer Applications,9.51,1,No,Yes,1,1,Java | Swift | Deep Learning | React,Internshala,Upstox,HealthTech,Content Writer,Part-time,Remote,2024-05-11,Rejected,5.0,44,Not Available,2982,92,Not Available,No,2,1
4374,Keshav Shah,Male,20,2021,Bangalore University,MCA,Computer Applications,9.28,1,No,No,3,1,Git | PHP | Node.js | Swift | Leadership,AngelList,Freshworks,HealthTech,Database Administrator,Full-time,Indore,2023-01-20,Withdrawn,Not Available,25,Not Available,1060,74,Not Available,No,4,2
4378,Natasha Agarwal,Female,22,2022,Nirma University Ahmedabad,B.Com,Commerce,6.06,3,No,No,5,5,Python | MATLAB,WorkIndia,Urban Company,Banking & Finance,Product Manager,Full-time,Bhopal,2024-07-26,Applied,Not Available,33,Not Available,2717,61,Not Available,No,10,2
4379,Kamlesh Khatri,Male,24,2020,IIM Bangalore,B.Com,Commerce,7.81,3,No,Yes,4,0,Kubernetes | Data Analysis | JavaScript,Indeed,Unacademy,Manufacturing,Embedded Engineer,Full-time,Ahmedabad,2022-03-08,Withdrawn,Not Available,22,Not Available,2287,89,Not Available,No,4,2
4381,Zaid Shukla,Male,23,2020,Pune University,BBA,Business Administration,7.12,3,No,No,1,2,Django | Kubernetes | Java | Communication | Node.js,Unstop,Barclays India,AgriTech,Digital Marketing Executive,Full-time,Gurugram,2021-10-26,Shortlisted,Not Available,34,Not Available,1259,90,Not Available,Yes,3,1
4383,Falak Pillai,Female,22,2022,JNTUH Hyderabad,BCA,Computer Applications,9.08,2,No,Yes,0,5,Machine Learning | Git | REST APIs | Swift | Hive,HackerEarth,L&T Infotech,AgriTech,Frontend Developer,Full-time,Delhi NCR,2022-03-01,Technical Interview,4.0,6,Not Available,1553,92,Not Available,No,5,0
4385,Eshan Agarwal,Male,20,2020,Anna University Chennai,M.Tech,Data Science,8.4,1,No,No,6,4,Hive | Python | Teamwork,Glassdoor,Microsoft India,Retail,Recruiter,Full-time,Mumbai,2022-08-27,Technical Interview,2.0,38,Not Available,1998,97,Not Available,No,10,2
4387,Brijesh Sethi,Male,25,2021,PES University Bangalore,BBA,HR,7.65,2,No,Yes,3,2,SQL | Spring Boot | Problem Solving | Selenium | Scala,LinkedIn,Samsung India,AgriTech,Business Analyst,Full-time,Vadodara,2022-09-24,Shortlisted,Not Available,37,Not Available,2361,98,No,No,5,1
4389,Naveen Agarwal,Male,24,2021,Delhi University,M.Tech,Computer Science,8.52,3,No,No,0,3,Figma | Scala | Ruby on Rails | PyTorch,LinkedIn,PolicyBazaar,Telecom,Cybersecurity Analyst,Full-time,Nagpur,2023-10-15,Applied,Not Available,8,Not Available,1404,82,No,No,3,2
4392,Ishaan Desai,Male,27,2022,NIT Warangal,B.Sc (CS),Computer Science,8.23,1,No,Yes,5,1,Bash Scripting | C++,Indeed,Texas Instruments India,E-commerce,Recruiter,Internship,Jaipur,2023-10-24,Applied,Not Available,29,Not Available,534,96,Not Available,No,6,1
4395,Tejas Murthy,Male,22,2022,RV College Bangalore,B.Tech,Electronics & Communication,8.19,2,Yes,Yes,5,5,Selenium | Kotlin | Deep Learning | C++ | Django,Unstop,Uber India,AgriTech,Network Engineer,Full-time,Mumbai,2023-09-07,Shortlisted,Not Available,21,Not Available,1587,61,Not Available,Yes,10,1
4396,Kirti Thakur,Female,24,2023,NIT Calicut,B.Tech,Information Technology,6.84,1,No,Yes,6,0,SQL | MATLAB,HackerEarth,Tata Steel,HealthTech,Network Engineer,Internship,Remote,2024-07-08,Online Assessment,Not Available,41,Not Available,2321,61,Not Available,No,6,1
4397,Mukesh Rao,Male,20,2021,NIT Surathkal,B.Sc (IT),Information Technology,7.87,2,No,No,6,3,Bash Scripting | Java | Hadoop | Communication,LinkedIn,BYJU's,E-commerce,Technical Support Engineer,Part-time,Mysuru,2021-10-30,Shortlisted,Not Available,12,Not Available,2234,88,No,No,9,0
4398,Ritesh Rajan,Male,25,2021,IIM Bangalore,B.Sc (IT),Information Technology,9.25,3,Yes,Yes,3,2,Ruby on Rails | Selenium | JavaScript,LinkedIn,Google India,Retail,UX Designer,Internship,Bhopal,2021-08-11,Online Assessment,Not Available,29,Not Available,442,92,No,No,5,0
4399,Pooja Soni,Female,24,2021,KIIT Bhubaneswar,B.Sc (IT),Information Technology,6.94,3,No,No,4,5,Flutter | Selenium,Monster,Amazon India,Telecom,DevOps Engineer,Full-time,Bhopal,2022-09-01,Applied,Not Available,43,Not Available,2126,62,Not Available,No,9,1
4400,Amit Goyal,Male,20,2022,IIT Madras,BBA,HR,6.47,0,Yes,Yes,4,4,Machine Learning | Communication | Spring Boot | GraphQL,LinkedIn,MakeMyTrip,IT/Software,DevOps Engineer,Internship,Kolkata,2022-10-17,HR Interview,4.0,13,Not Available,1288,60,Yes,No,8,0
4407,Mukesh Hegde,Male,20,2022,Manipal Institute of Technology,B.Sc (CS),Computer Science,9.82,2,No,Yes,2,0,AWS | Docker | TensorFlow | SQL,Unstop,Goldman Sachs,HealthTech,Product Manager,Full-time,Patna,2023-03-07,Technical Interview,3.0,32,Not Available,1084,98,Not Available,No,2,1
4409,Manish Chauhan,Male,22,2021,XLRI Jamshedpur,MBA,HR,7.54,3,No,No,4,5,R | Python | Spark | Teamwork,Cutshort,Tata Steel,HealthTech,Embedded Engineer,Internship,Remote,2024-09-14,Shortlisted,Not Available,19,Not Available,2674,88,Not Available,No,9,3
4410,Ojaswi Joshi,Female,23,2021,Thapar University,B.E.,Electrical,6.28,0,No,Yes,2,3,MATLAB | Power BI | Hive | SQL,HackerEarth,Paytm,Automotive,Cloud Engineer,Part-time,Chennai,2022-03-03,Rejected,2.0,43,Not Available,682,73,Not Available,No,5,1
4411,Lalit Hegde,Male,26,2021,Presidency University Kolkata,BCA,Computer Applications,7.25,2,No,No,1,4,Teamwork | Hadoop | Machine Learning,Campus Placement,Groww,Telecom,Data Scientist,Internship,Mysuru,2021-02-08,Applied,Not Available,1,Not Available,1948,70,Not Available,No,5,0
4413,Mukesh Roy,Male,26,2023,HBTU Kanpur,B.Sc (IT),Information Technology,9.07,1,No,Yes,2,2,Deep Learning | Scala | Kubernetes,Indeed,Morgan Stanley India,HealthTech,Recruiter,Full-time,Pune,2023-11-22,Online Assessment,Not Available,23,Not Available,2710,87,Not Available,No,4,0
4414,Bharat Goyal,Male,27,2023,NIT Trichy,BCA,Computer Applications,7.91,1,No,Yes,0,4,Linux | PHP | JavaScript | Node.js,Unstop,Mphasis,Retail,Systems Engineer,Internship,Gurugram,2024-06-03,Withdrawn,Not Available,39,Not Available,2725,69,Not Available,No,4,1
4415,Diya Pandey,Female,25,2022,IIT Delhi,MCA,Computer Applications,7.95,1,No,No,1,5,Excel | Scala | Git | Deep Learning | Selenium,Naukri,Samsung India,EdTech,ML Engineer,Part-time,Nagpur,2024-07-07,HR Interview,1.0,24,Not Available,1570,80,Not Available,No,6,2
4416,Radha Patel,Female,22,2020,PES University Bangalore,B.Tech,Data Science,7.3,0,No,No,1,2,MongoDB | Selenium | Problem Solving | Teamwork | Leadership,Naukri,Deloitte,AgriTech,Frontend Developer,Internship,Surat,2023-01-07,Applied,Not Available,4,Not Available,1735,60,Not Available,No,3,3
4418,Riya Bisht,Female,20,2023,Nirma University Ahmedabad,M.Tech,AI/ML,9.85,1,No,No,6,3,Selenium | Excel | Leadership | GraphQL | Linux,LinkedIn,Accenture,IT/Software,Cloud Engineer,Internship,Nagpur,2024-04-21,Shortlisted,Not Available,43,Not Available,306,80,No,No,9,1
4420,Deepika Khatri,Female,21,2022,Osmania University Hyderabad,B.Sc (IT),Information Technology,7.18,3,Yes,No,2,0,Java | AWS,Indeed,Bosch India,HealthTech,Full Stack Developer,Internship,Mysuru,2024-01-17,Withdrawn,Not Available,14,Not Available,189,89,Not Available,No,2,2
4423,Radha Bansal,Prefer not to say,22,2020,Thapar University,M.Tech,Data Science,8.98,0,No,No,3,5,Deep Learning | Flutter,Indeed,Siemens India,Banking & Finance,Operations Analyst,Internship,Remote,2022-08-23,Technical Interview,2.0,23,Not Available,1493,81,Not Available,No,8,2
4424,Isha Balakrishnan,Female,23,2022,IIM Bangalore,MBA,HR,7.16,1,No,Yes,4,3,Swift | Machine Learning | Tableau | Linux | Spring Boot,Naukri,Deloitte,Retail,Systems Engineer,Full-time,Noida,2024-08-23,Shortlisted,Not Available,45,Not Available,206,56,Not Available,Yes,7,2
4425,Sagar Patil,Male,26,2024,GLA University Mathura,BBA,Finance,8.44,3,No,Yes,5,5,Data Analysis | Laravel | Selenium | Machine Learning,LinkedIn,Unacademy,Retail,Network Engineer,Contract,Remote,2024-11-26,Shortlisted,Not Available,31,Not Available,300,87,No,Yes,10,0
4426,Dinesh Grewal,Male,26,2020,Amity University Noida,B.Tech,Chemical Engineering,6.19,3,No,No,5,5,Leadership | Bash Scripting,LinkedIn,Absolutdata,FinTech,Cybersecurity Analyst,Full-time,Bhopal,2021-04-24,Applied,Not Available,6,Not Available,2208,61,No,Yes,10,1
4430,Omna Bhatia,Female,26,2021,IIT Madras,B.Com,Finance,6.97,3,Yes,Yes,5,2,Docker | Git,Campus Placement,TCS,Telecom,Data Analyst,Full-time,Bengaluru,2021-02-16,Technical Interview,2.0,41,Not Available,1481,72,Not Available,No,7,0
4433,Natasha Dixit,Female,24,2021,NIT Calicut,B.Com,Accounting,6.65,2,No,No,5,4,Git | Bash Scripting | REST APIs | Hadoop,Indeed,Deloitte,HealthTech,Sales Executive,Full-time,Vadodara,2023-06-13,HR Interview,4.0,3,Not Available,415,55,Not Available,No,9,2
4435,Jagdish Jadhav,Male,25,2022,NIT Calicut,B.E.,Computer Science,7.14,3,No,Yes,2,1,REST APIs | Communication | React,Campus Placement,Cure.fit,Consulting,Data Scientist,Full-time,Bhubaneswar,2024-01-17,Applied,Not Available,11,Not Available,143,98,Not Available,No,3,2
4436,Neeraj Goyal,Male,22,2021,BITS Goa,B.Sc (IT),Information Technology,7.1,0,No,No,2,4,PyTorch | Linux | Excel | Machine Learning | AWS,Internshala,Tata Steel,E-commerce,Data Analyst,Internship,Hyderabad,2022-05-12,Offer,4.0,42,33476.0,2263,86,Not Available,No,6,1
4438,Yogesh More,Male,27,2022,BITS Goa,B.Sc (IT),Information Technology,7.39,0,No,No,3,1,PyTorch | Hadoop,Indeed,ICICI Bank,Banking & Finance,ML Engineer,Part-time,Mysuru,2024-04-12,Online Assessment,Not Available,29,Not Available,2239,81,Not Available,No,4,2
4439,Harsha Dixit,Female,22,2021,IIM Bangalore,B.E.,Electronics,5.64,0,No,No,1,1,Scala | Tableau | Spark | Problem Solving | Power BI,Glassdoor,BYJU's,Banking & Finance,Database Administrator,Full-time,Kochi,2021-11-19,Offer,1.0,23,584202.0,768,87,Not Available,No,2,0
4441,Siddharth Menon,Male,23,2022,Presidency University Kolkata,BBA,HR,9.02,0,No,No,2,3,MATLAB | Deep Learning | Docker | Kubernetes | Figma,Glassdoor,Zerodha,IT/Software,Backend Developer,Full-time,Lucknow,2024-10-10,Offer,5.0,4,986970.0,1140,75,Not Available,No,5,2
4443,Bharat Sandhu,Male,23,2022,IIM Bangalore,MCA,Computer Applications,6.88,0,No,Yes,6,3,Networking | Deep Learning | SQL,LinkedIn,BYJU's,Consulting,Business Analyst,Full-time,Ahmedabad,2023-11-03,Applied,Not Available,30,Not Available,1765,94,No,No,9,1
4444,Gaurang Subramaniam,Male,24,2023,Jadavpur University Kolkata,B.Sc (CS),Computer Science,6.69,2,No,No,1,5,Cybersecurity | Laravel | TensorFlow | Deep Learning,Foundit,BigBasket,Telecom,DevOps Engineer,Contract,Noida,2023-07-09,Offer,4.0,34,796484.0,1537,55,Not Available,No,6,0
4447,Heena Dey,Female,22,2022,IIIT Bangalore,MBA,HR,7.88,1,No,Yes,6,1,Power BI | Azure | Leadership | JavaScript,Indeed,Nykaa,Consulting,Business Analyst,Contract,Surat,2022-08-16,Shortlisted,Not Available,28,Not Available,1310,82,Not Available,No,7,0
4448,Aditya Subramaniam,Male,22,2023,Kalinga University,M.Tech,Software Engineering,7.86,0,No,No,6,3,Swift | Python,Naukri,ICICI Bank,IT/Software,Operations Analyst,Internship,Pune,2024-12-14,Shortlisted,Not Available,41,Not Available,2076,81,Not Available,No,9,1
4450,Rohan Shah,Male,26,2021,Christ University Bangalore,B.Tech,Computer Science,6.05,0,No,Yes,0,3,TypeScript | Scala,Monster,Wipro,FinTech,Android Developer,Contract,Hyderabad,2022-08-27,Applied,Not Available,16,Not Available,429,81,Not Available,No,3,1
4453,Gouri Verma,Female,20,2022,Pune University,B.Sc (CS),Computer Science,8.23,3,No,No,0,4,Problem Solving | AWS | Docker | Flutter,Naukri,Razorpay,AgriTech,Digital Marketing Executive,Full-time,Jaipur,2023-11-13,Applied,Not Available,17,Not Available,2510,62,Not Available,Yes,4,1
4454,Sneha Saxena,Female,23,2024,RV College Bangalore,B.Com,Accounting,6.73,3,No,Yes,5,3,Excel | Ruby on Rails | Kubernetes,Naukri,Qualcomm India,IT/Software,Backend Developer,Full-time,Nagpur,2024-08-24,Applied,Not Available,28,Not Available,921,76,Not Available,Yes,8,0
4457,Harish Rao,Male,20,2024,Nirma University Ahmedabad,M.Tech,Data Science,5.84,1,No,No,6,3,Figma | Laravel,Campus Placement,Goldman Sachs,Manufacturing,Data Analyst,Contract,Coimbatore,2024-04-08,Online Assessment,Not Available,28,Not Available,2088,60,Not Available,No,9,0
4459,Onkar Mukherjee,Male,24,2023,IIIT Allahabad,B.Com,Finance,9.95,3,No,Yes,1,2,Kubernetes | Power BI | Communication,Internshala,Absolutdata,FinTech,Database Administrator,Internship,Bhopal,2024-02-02,Applied,Not Available,7,Not Available,2322,85,Not Available,No,3,1
4461,Omkar Iyer,Male,21,2023,GLA University Mathura,B.Tech,Chemical Engineering,8.98,3,No,Yes,1,1,Tableau | TensorFlow | Flutter,Naukri,L&T Infotech,Banking & Finance,Operations Analyst,Full-time,Coimbatore,2024-10-06,Applied,Not Available,8,Not Available,259,72,Not Available,No,2,1
4462,Swati Ahuja,Female,22,2020,IIT Kharagpur,B.Sc (IT),Information Technology,7.74,1,No,No,0,2,GraphQL | Bash Scripting,Naukri,Qualcomm India,E-commerce,Embedded Engineer,Full-time,Chandigarh,2021-04-08,Online Assessment,Not Available,35,Not Available,2532,83,Not Available,Yes,2,1
4464,Akash Rawat,Male,20,2021,Manipal Institute of Technology,B.Sc (CS),Computer Science,9.95,3,No,No,4,5,Ruby on Rails | Git,Naukri,Google India,Logistics,Business Analyst,Contract,Chandigarh,2021-02-26,Online Assessment,Not Available,12,Not Available,216,92,Not Available,Yes,9,0
4465,Naman Porwal,Male,26,2022,BITS Goa,B.Sc (CS),Computer Science,8.7,3,No,No,3,3,Hive | Tableau | Spark,Internshala,Axis Bank,Media & Entertainment,Cloud Engineer,Full-time,Jaipur,2023-02-20,HR Interview,2.0,8,Not Available,1006,98,Not Available,Yes,6,1
4466,Farhan Kulkarni,Male,22,2023,IIT Kharagpur,B.Tech,Civil Engineering,6.75,1,No,No,0,2,GraphQL | React | Scala,Glassdoor,Lenskart,Manufacturing,Frontend Developer,Internship,Lucknow,2024-03-30,Shortlisted,Not Available,26,Not Available,389,95,Not Available,No,2,1
4467,Indira Sandhu,Female,20,2021,RV College Bangalore,B.Com,Accounting,5.56,1,No,No,3,1,Git | Azure | Bash Scripting | Networking | Kubernetes,Monster,Samsung India,Consulting,UX Designer,Contract,Kochi,2021-04-05,Applied,Not Available,7,Not Available,1116,58,Not Available,No,4,0
4469,Jatin Swamy,Male,25,2020,MNNIT Allahabad,B.Sc (CS),Computer Science,7.19,3,No,No,2,2,Scala | Figma | Hive,Unstop,PhonePe,Logistics,Business Analyst,Full-time,Noida,2022-05-22,Rejected,5.0,22,Not Available,976,58,Not Available,No,4,2
4471,Ishita Mehta,Female,27,2022,Symbiosis Pune,B.Sc (CS),Computer Science,8.27,3,No,No,0,5,Ruby on Rails | TensorFlow | Laravel,Cutshort,Urban Company,Consulting,Software Engineer,Internship,Bhubaneswar,2024-06-12,Online Assessment,Not Available,1,Not Available,976,73,Not Available,No,5,2
4472,Gaurav Mehta,Male,25,2023,NIT Surathkal,MCA,Computer Applications,9.93,3,No,Yes,1,3,Machine Learning | Azure | Communication,Naukri,Samsung India,Manufacturing,Cybersecurity Analyst,Full-time,Bhubaneswar,2024-01-23,Withdrawn,Not Available,23,Not Available,2187,77,Not Available,No,4,1
4476,Radha Dixit,Female,20,2020,IIT Delhi,B.Com,Finance,5.88,0,No,No,3,3,C++ | Selenium | MongoDB | Bash Scripting,Unstop,BigBasket,HealthTech,Recruiter,Full-time,Remote,2021-11-27,Rejected,2.0,38,Not Available,1149,63,Not Available,No,6,1
4477,Chirag Saxena,Male,20,2021,SRMIST Chennai,BBA,Business Administration,6.06,2,No,Yes,4,5,Cybersecurity | Networking | Git | Excel,AngelList,BigBasket,EdTech,Android Developer,Full-time,Kolkata,2023-09-10,Offer,2.0,15,767561.0,1174,70,Not Available,Yes,9,2
4478,Zara Shukla,Female,24,2021,NSUT Delhi,M.Tech,AI/ML,8.73,2,No,Yes,0,3,Hive | Teamwork | Kubernetes | GraphQL,AngelList,Tiger Analytics,Media & Entertainment,Business Analyst,Full-time,Gurugram,2024-07-02,Rejected,4.0,42,Not Available,2498,78,Not Available,Yes,3,3
4479,Karan Tiwari,Male,22,2022,Christ University Bangalore,MBA,Operations,9.44,2,No,Yes,1,1,Swift | Python | Git | Linux | PyTorch,Unstop,Samsung India,Logistics,Marketing Analyst,Full-time,Vadodara,2023-02-08,Technical Interview,5.0,34,Not Available,666,73,Not Available,No,2,1
4482,Furqan Dey,Male,25,2023,Thapar University,B.Sc (CS),Computer Science,8.33,0,No,No,5,4,Azure | GraphQL,Shine,Mu Sigma,Banking & Finance,ML Engineer,Part-time,Jaipur,2023-08-14,HR Interview,1.0,39,Not Available,2949,94,Not Available,No,9,0
4483,Deepika Anand,Female,23,2021,Lovely Professional University,MBA,Operations,7.97,0,No,No,4,2,Cybersecurity | TypeScript | Linux | MongoDB,LinkedIn,Google India,IT/Software,Backend Developer,Full-time,Noida,2024-01-07,Technical Interview,1.0,24,Not Available,1957,75,Yes,Yes,6,3
4485,Varsha Thakur,Female,21,2021,Lovely Professional University,BBA,Marketing,8.45,2,No,No,0,1,GraphQL | Git,Shine,HCL Technologies,Manufacturing,Sales Executive,Internship,Patna,2021-07-04,Technical Interview,5.0,29,Not Available,2101,73,Not Available,No,1,0
4488,Yukti Dhillon,Female,24,2022,IIT Madras,MBA,Marketing,9.54,1,No,Yes,5,4,Kubernetes | PyTorch | Swift | Tableau,Unstop,HDFC Bank,Retail,QA Engineer,Full-time,Bhubaneswar,2024-10-08,Rejected,2.0,17,Not Available,1132,59,Not Available,No,9,2
4489,Jyoti Lal,Female,27,2021,IIIT Hyderabad,BBA,Business Administration,9.98,3,No,Yes,5,5,AWS | React | REST APIs | Power BI,Unstop,Infosys,Consulting,Network Engineer,Full-time,Mumbai,2022-05-18,Shortlisted,Not Available,45,Not Available,2797,68,Not Available,Yes,10,1
4491,Alpana Oswal,Female,21,2022,HBTU Kanpur,M.Tech,AI/ML,9.13,1,No,No,1,3,Deep Learning | Ruby on Rails | Python,Naukri,Freshworks,Manufacturing,Android Developer,Full-time,Chennai,2022-02-11,Online Assessment,Not Available,8,Not Available,1073,64,Not Available,No,4,0
4492,Bhumi Kulkarni,Female,23,2023,Symbiosis Pune,MCA,Computer Applications,7.76,3,No,Yes,5,3,MATLAB | Azure | Data Analysis | Networking | Deep Learning,LinkedIn,Mindtree,Media & Entertainment,Embedded Engineer,Full-time,Nagpur,2023-08-16,Shortlisted,Not Available,38,Not Available,2841,58,Yes,Yes,8,0
4493,Bharat Saxena,Male,24,2020,Pune University,B.Sc (CS),Computer Science,9.33,0,No,No,2,3,Linux | Kotlin | AWS,Unstop,BYJU's,Logistics,Data Scientist,Full-time,Delhi NCR,2023-04-09,Shortlisted,Not Available,12,Not Available,1612,59,Not Available,No,5,3
4494,Dimple Dhillon,Female,26,2023,BITS Hyderabad,B.Com,Commerce,5.62,1,No,No,3,5,PHP | Communication | Hive | MATLAB,LinkedIn,Amazon India,AgriTech,Cybersecurity Analyst,Full-time,Pune,2024-02-07,Rejected,2.0,44,Not Available,2806,63,No,No,8,1
4495,Balram Malhotra,Male,25,2020,IIM Ahmedabad,B.Com,Commerce,9.65,0,No,No,2,2,Tableau | Ruby on Rails | Kubernetes,Unstop,Flipkart,HealthTech,Network Engineer,Full-time,Nagpur,2022-11-14,Offer,4.0,3,874135.0,876,71,Not Available,No,4,2
4496,Gargi Nair,Female,22,2022,PES University Bangalore,BBA,HR,8.07,0,No,No,2,1,Hadoop | Swift | React | Kubernetes,WorkIndia,Mindtree,Automotive,Cybersecurity Analyst,Full-time,Remote,2022-08-17,Technical Interview,1.0,8,Not Available,631,56,Not Available,No,3,0
4498,Isha Bose,Female,20,2021,HBTU Kanpur,B.E.,Computer Science,8.82,1,No,No,4,2,AWS | Scala | PyTorch | Django,Campus Placement,Mphasis,Manufacturing,Data Analyst,Full-time,Mysuru,2021-10-27,Online Assessment,Not Available,39,Not Available,1247,59,Not Available,No,6,0
4499,Yogesh Pillai,Male,20,2021,IIT Kanpur,BCA,Computer Applications,8.12,1,No,Yes,3,2,Django | Hive | Azure | MongoDB,HackerEarth,Urban Company,Retail,Content Writer,Full-time,Chandigarh,2022-10-08,Shortlisted,Not Available,36,Not Available,1653,68,Not Available,No,5,1
4500,Akhil Khanna,Male,24,2020,IIT Kanpur,B.Sc (CS),Computer Science,9.15,1,No,No,4,0,Machine Learning | Python | REST APIs,Campus Placement,Barclays India,FinTech,Sales Executive,Contract,Kolkata,2021-11-04,HR Interview,3.0,3,Not Available,122,77,Not Available,No,4,1
4501,Tushar Swamy,Male,24,2021,BITS Hyderabad,B.Com,Finance,5.85,0,No,No,1,0,TypeScript | JavaScript | Kotlin | Flutter | Excel,Naukri,Practo,EdTech,Operations Analyst,Part-time,Noida,2023-04-21,Applied,Not Available,43,Not Available,2066,80,Not Available,No,1,2
4504,Payal Swamy,Female,21,2022,Nirma University Ahmedabad,MBA,HR,8.38,0,No,Yes,1,2,TypeScript | TensorFlow | React | Hive | Deep Learning,LinkedIn,Hexaware,Banking & Finance,ML Engineer,Internship,Noida,2022-10-13,Applied,Not Available,19,Not Available,2732,56,No,No,3,0
4507,Aarti Dhillon,Female,23,2020,Pune University,B.Sc (CS),Computer Science,8.71,1,No,No,0,5,Teamwork | Figma | Hive | Laravel,Glassdoor,Lenskart,AgriTech,SEO Analyst,Full-time,Hyderabad,2022-10-30,HR Interview,5.0,15,Not Available,1978,83,Not Available,No,5,2
4508,Aditya Bajaj,Male,24,2020,MNNIT Allahabad,M.Tech,AI/ML,6.85,3,No,No,3,0,Hive | Azure,Indeed,Tech Mahindra,Consulting,Full Stack Developer,Full-time,Indore,2024-07-09,Offer,1.0,23,1083720.0,214,85,Not Available,No,3,4
4511,Qasim Reddy,Male,21,2021,PES University Bangalore,BBA,Business Administration,8.47,3,No,No,4,0,Python | JavaScript | Data Analysis,LinkedIn,HDFC Bank,Logistics,Backend Developer,Full-time,Mumbai,2023-12-21,Offer,1.0,22,1182234.0,763,69,No,No,4,2
4513,Jatin Bose,Male,21,2021,Kalinga University,BCA,Computer Applications,5.96,2,No,No,2,4,Laravel | Tableau | Power BI | Kubernetes | Machine Learning,Internshala,Infosys,HealthTech,Recruiter,Full-time,Vadodara,2024-09-27,Online Assessment,Not Available,10,Not Available,519,94,Not Available,No,6,3
4515,Neha Sundaram,Female,21,2022,GLA University Mathura,MCA,Computer Applications,7.3,2,No,Yes,5,3,Teamwork | Spring Boot | PyTorch,LinkedIn,Angel One,Media & Entertainment,Sales Executive,Contract,Kochi,2022-05-27,Applied,Not Available,16,Not Available,1328,72,No,No,8,0
4518,Zara Anand,Female,22,2023,SP Jain Mumbai,BCA,Computer Applications,9.79,2,No,Yes,2,0,Deep Learning | Figma,Foundit,Flipkart,Logistics,Business Analyst,Internship,Bengaluru,2024-01-30,Rejected,4.0,28,Not Available,2183,56,Not Available,No,2,1
4520,Ruhi Soni,Female,25,2022,IIIT Bangalore,BBA,Finance,8.95,3,Yes,Yes,3,1,Spark | Azure | Teamwork,HackerEarth,PolicyBazaar,Retail,UX Designer,Internship,Chandigarh,2022-01-09,Shortlisted,Not Available,1,Not Available,268,62,Not Available,No,4,0
4521,Falak Malhotra,Female,20,2021,HBTU Kanpur,B.Sc (CS),Computer Science,7.25,0,No,Yes,3,3,SQL | Data Analysis,Cutshort,Freshworks,HealthTech,Embedded Engineer,Internship,Visakhapatnam,2023-07-23,Shortlisted,Not Available,35,Not Available,932,86,Not Available,No,6,2
4522,Raghav Subramaniam,Male,26,2020,SVNIT Surat,BCA,Computer Applications,8.83,2,Yes,No,2,4,Machine Learning | MongoDB | Git,LinkedIn,Groww,HealthTech,Technical Support Engineer,Internship,Patna,2022-10-25,Rejected,1.0,23,Not Available,1712,99,No,No,6,2
4523,Bhavna Patel,Female,21,2023,SRM University Chennai,B.Sc (CS),Computer Science,7.13,3,No,Yes,2,4,AWS | PyTorch,Cutshort,Zomato,Telecom,iOS Developer,Full-time,Bengaluru,2023-08-20,Shortlisted,Not Available,2,Not Available,199,76,Not Available,Yes,6,0
4525,Jignesh Yadav,Male,20,2020,Delhi University,MBA,Marketing,9.65,1,No,No,2,0,Deep Learning | Docker | Bash Scripting | Django,Glassdoor,Mphasis,EdTech,Network Engineer,Part-time,Chandigarh,2023-10-03,Offer,4.0,27,478211.0,1475,82,Not Available,No,2,3
4526,Utsav Choudhury,Male,20,2020,Lovely Professional University,BBA,Finance,7.25,1,Yes,Yes,4,0,Figma | Problem Solving | Cybersecurity | Leadership,Campus Placement,LTIMindtree,Banking & Finance,Embedded Engineer,Full-time,Indore,2021-10-19,Applied,Not Available,19,Not Available,366,66,Not Available,No,4,1
4530,Zaid Trivedi,Male,22,2023,Presidency University Kolkata,BCA,Computer Applications,5.73,1,No,Yes,6,1,Node.js | Problem Solving | Kubernetes | MATLAB,Naukri,Capgemini,AgriTech,HR Executive,Internship,Chennai,2024-05-15,Applied,Not Available,42,Not Available,1034,91,Not Available,Yes,7,1
4532,Piyush Sodhi,Male,21,2023,NIT Warangal,MCA,Computer Applications,9.45,1,No,No,5,5,JavaScript | Ruby on Rails | Bash Scripting | Communication,Campus Placement,Upstox,Media & Entertainment,Systems Engineer,Full-time,Hyderabad,2024-11-10,Withdrawn,Not Available,31,Not Available,2775,59,Not Available,No,10,1
4534,Arjun Tiwari,Male,27,2024,IIEST Shibpur,MCA,Computer Applications,8.38,2,No,No,1,2,Power BI | Flutter | MongoDB | Laravel | Data Analysis,Unstop,Nykaa,EdTech,Technical Support Engineer,Full-time,Kochi,2024-09-16,Applied,Not Available,24,Not Available,1227,71,Not Available,Yes,3,0
4536,Mayank Arora,Male,24,2022,Kalinga University,BBA,HR,9.17,1,No,No,1,0,Bash Scripting | Kotlin | Spring Boot | Azure | Swift,Naukri,Morgan Stanley India,Manufacturing,Cybersecurity Analyst,Full-time,Chennai,2022-05-30,Online Assessment,Not Available,27,Not Available,2162,74,Not Available,Yes,1,0
4537,Neha Pandey,Female,25,2023,NIT Trichy,B.E.,Electronics,7.32,1,No,No,2,4,Problem Solving | React,Naukri,Mu Sigma,Logistics,Systems Engineer,Full-time,Nagpur,2023-08-14,Withdrawn,Not Available,23,Not Available,837,68,Not Available,No,6,0
4538,Xander Sharma,Male,24,2020,NIT Calicut,B.Com,Commerce,5.79,2,No,Yes,4,2,React | MongoDB | Kubernetes,Internshala,Practo,FinTech,Data Analyst,Internship,Remote,2021-02-14,Technical Interview,2.0,29,Not Available,2904,95,Not Available,No,6,1
4540,Mohit Tiwari,Male,20,2020,Symbiosis Pune,B.Tech,Electronics & Communication,8.05,2,No,No,6,2,Spring Boot | Kotlin | Swift | Deep Learning | MATLAB,Campus Placement,BigBasket,EdTech,Android Developer,Internship,Vadodara,2022-06-11,Offer,1.0,19,9462.0,1099,90,Not Available,No,8,2
4541,Elina Desai,Female,26,2021,IIM Ahmedabad,BCA,Computer Applications,9.39,2,No,No,5,1,TypeScript | Laravel | Hive,Indeed,IBM India,E-commerce,Android Developer,Full-time,Patna,2022-05-15,Applied,Not Available,30,Not Available,138,57,Not Available,No,6,1
4542,Mansi Sandhu,Female,24,2021,XLRI Jamshedpur,B.Sc (CS),Computer Science,7.87,1,No,No,0,3,Spark | SQL | Scala,LinkedIn,IBM India,IT/Software,SEO Analyst,Full-time,Mysuru,2021-06-15,Applied,Not Available,23,Not Available,1761,100,No,Yes,3,0
4543,Ojaswi Sodhi,Female,20,2022,NIT Calicut,B.Com,Finance,6.13,0,No,Yes,4,4,Networking | MATLAB | Figma | Machine Learning,Unstop,Lenskart,EdTech,Recruiter,Full-time,Bhubaneswar,2022-05-09,Shortlisted,Not Available,37,Not Available,684,70,Not Available,No,8,0
4549,Bindiya Kulkarni,Female,23,2021,Amity University Noida,B.Sc (CS),Computer Science,5.61,3,No,No,5,2,MongoDB | Problem Solving | Figma | Spark,IIMJobs,Coforge,Automotive,Backend Developer,Full-time,Noida,2024-11-10,Applied,Not Available,41,Not Available,567,90,Not Available,No,7,3
4550,Sarika Hegde,Female,22,2020,VIT Vellore,BCA,Computer Applications,9.69,2,No,Yes,4,0,Git | Deep Learning | AWS | PHP | Hadoop,Naukri,Freshworks,Telecom,Frontend Developer,Full-time,Visakhapatnam,2023-03-15,Online Assessment,Not Available,9,Not Available,1099,71,Not Available,No,4,3
4551,Dhruv Mehta,Male,24,2022,COEP Pune,BBA,HR,6.91,0,No,Yes,6,3,Tableau | Selenium,Naukri,TCS,Banking & Finance,Data Scientist,Full-time,Mumbai,2024-09-22,Offer,4.0,45,1341176.0,618,60,Not Available,No,9,2
4552,Sneha Ghosh,Female,25,2020,IIM Ahmedabad,MCA,Computer Applications,6.51,0,No,Yes,1,1,Tableau | Figma | Communication | AWS,AngelList,Delhivery,EdTech,Operations Analyst,Part-time,Surat,2022-10-23,Shortlisted,Not Available,38,Not Available,2003,98,Not Available,No,2,2
4553,Lavanya Choudhury,Female,23,2020,IIT Madras,B.Tech,Data Science,8.16,3,No,Yes,4,5,Hadoop | TensorFlow | TypeScript | PyTorch | Azure,IIMJobs,Amazon India,Banking & Finance,QA Engineer,Internship,Mysuru,2024-11-11,Shortlisted,Not Available,7,Not Available,1352,85,Not Available,No,9,4
4555,Arjun Bhatia,Male,25,2024,BITS Pilani,B.Tech,Chemical Engineering,5.52,1,No,No,6,2,Data Analysis | Laravel | Selenium | Scala,Naukri,Zoho,Consulting,Full Stack Developer,Full-time,Mysuru,2024-09-10,Online Assessment,Not Available,44,Not Available,369,55,Not Available,No,8,0
4561,Eklavya Bansal,Male,21,2020,IIIT Hyderabad,B.E.,Electronics,6.85,3,No,Yes,0,3,Power BI | Selenium,Indeed,BYJU's,E-commerce,Full Stack Developer,Full-time,Patna,2024-12-12,Applied,Not Available,23,Not Available,1630,74,Not Available,No,3,4
4562,Charmi Yadav,Female,23,2021,BIT Mesra Ranchi,B.Com,Accounting,9.64,2,No,Yes,6,4,React | Java | Networking,Referral,Paytm,Media & Entertainment,Recruiter,Full-time,Vadodara,2022-09-09,Technical Interview,4.0,23,Not Available,466,89,Not Available,No,10,1
4564,Ishaan Arora,Male,26,2021,Kalinga University,B.Sc (CS),Computer Science,6.99,2,No,No,4,2,PHP | Kotlin,Cutshort,Mphasis,Consulting,iOS Developer,Internship,Hyderabad,2022-01-30,Online Assessment,Not Available,3,Not Available,157,83,Not Available,No,6,1
4565,Dhruv Ramachandran,Male,20,2021,Christ University Bangalore,B.E.,Electrical,9.35,1,No,Yes,0,4,Azure | Swift | Kubernetes,Campus Placement,Paytm,E-commerce,Systems Engineer,Part-time,Patna,2022-08-22,Applied,Not Available,42,Not Available,1142,81,Not Available,No,4,1
4566,Dinesh Saxena,Male,24,2021,Thapar University,M.Tech,Computer Science,8.46,0,No,Yes,1,0,JavaScript | TensorFlow | Spark | Python | PHP,Internshala,Zerodha,Telecom,Product Manager,Full-time,Jaipur,2023-12-31,Shortlisted,Not Available,33,Not Available,1520,71,Not Available,No,1,2
4567,Bindiya Ramachandran,Female,21,2023,Delhi University,M.Tech,Computer Science,9.51,3,Yes,Yes,2,5,REST APIs | Ruby on Rails,Naukri,Accenture,HealthTech,ML Engineer,Internship,Patna,2024-05-07,Applied,Not Available,12,Not Available,2378,62,Not Available,No,7,1
4568,Firoz Kulkarni,Male,22,2022,Delhi University,B.Sc (IT),Information Technology,7.89,2,No,No,4,3,Node.js | Figma | Spark | R | Java,Internshala,Absolutdata,Telecom,Business Analyst,Full-time,Noida,2022-06-30,Technical Interview,4.0,26,Not Available,405,55,Not Available,No,7,0
4569,Harsh Anand,Male,22,2020,Thapar University,BBA,Finance,5.99,1,No,No,3,4,Selenium | Excel | Java | R,Naukri,Flipkart,Telecom,DevOps Engineer,Full-time,Chennai,2022-05-19,Rejected,2.0,27,Not Available,2819,55,Not Available,No,7,2
4570,Suresh Lal,Male,20,2020,BITS Goa,B.Tech,Chemical Engineering,6.88,3,No,No,1,5,Deep Learning | React,Unstop,Zerodha,E-commerce,Data Analyst,Full-time,Kochi,2024-03-28,Applied,Not Available,37,Not Available,2773,95,Not Available,No,6,4
4571,Falguni Kumar,Female,23,2022,IIM Calcutta,MCA,Computer Applications,9.8,3,No,No,2,1,Ruby on Rails | Bash Scripting | Selenium | Swift | C++,LinkedIn,Uber India,Banking & Finance,Data Scientist,Internship,Noida,2023-06-15,HR Interview,3.0,10,Not Available,274,84,Yes,No,3,1
4573,Jatin Chaudhary,Male,24,2020,IIT Bombay,MCA,Computer Applications,9.6,0,No,No,6,4,GraphQL | TensorFlow | Spring Boot | Cybersecurity | Problem Solving,Internshala,Bajaj Finserv,E-commerce,SEO Analyst,Full-time,Nagpur,2022-01-20,Applied,Not Available,5,Not Available,491,93,Not Available,No,10,2
4577,Aarti Agarwal,Female,25,2022,Christ University Bangalore,B.E.,Electrical,7.95,2,No,No,2,0,TensorFlow | Spark | Laravel | Communication | Flutter,Naukri,Accenture,Retail,Recruiter,Full-time,Mumbai,2023-10-07,Shortlisted,Not Available,39,Not Available,633,86,Not Available,No,2,1
4583,Harish Porwal,Prefer not to say,27,2021,Chandigarh University,MCA,Computer Applications,8.54,2,No,Yes,3,0,Cybersecurity | MATLAB,Unstop,Zoho,Telecom,ML Engineer,Contract,Noida,2023-11-01,Technical Interview,3.0,4,Not Available,1245,65,Not Available,No,3,2
4588,Tejas Swamy,Male,22,2021,Presidency University Kolkata,B.Tech,Information Technology,7.2,2,No,No,3,4,Spark | Python,Internshala,Morgan Stanley India,Logistics,Marketing Analyst,Full-time,Patna,2021-05-24,Rejected,1.0,15,Not Available,1310,81,Not Available,Yes,7,0
4590,Vijay Natarajan,Male,25,2020,Jadavpur University Kolkata,B.E.,Electronics,5.83,1,Yes,Yes,4,3,Flutter | Python | Power BI | Networking | Machine Learning,Naukri,BYJU's,Consulting,UX Designer,Full-time,Coimbatore,2021-10-28,HR Interview,2.0,24,Not Available,2535,74,Not Available,No,7,1
4591,Pranav Tiwari,Male,26,2022,IIT Kanpur,B.Sc (CS),Computer Science,7.2,1,Yes,Yes,5,5,REST APIs | Power BI | SQL,Naukri,Mu Sigma,Media & Entertainment,Android Developer,Internship,Delhi NCR,2024-03-23,Applied,Not Available,21,Not Available,566,70,Not Available,No,10,2
4592,Jhanvi Bajaj,Female,27,2023,RV College Bangalore,B.E.,Electrical,9.27,3,No,Yes,1,1,TensorFlow | Power BI | Docker | Hive | REST APIs,Campus Placement,TCS,Automotive,Android Developer,Internship,Noida,2024-03-07,Applied,Not Available,37,Not Available,2682,73,Not Available,No,2,1
4593,Harsh Khanna,Male,21,2023,MNNIT Allahabad,B.E.,Computer Science,5.78,3,No,No,1,4,Data Analysis | Bash Scripting,Glassdoor,Tech Mahindra,AgriTech,HR Executive,Full-time,Bengaluru,2024-01-10,Technical Interview,4.0,12,Not Available,2168,67,Not Available,No,5,1
4596,Leena Bhatnagar,Female,25,2023,IIM Bangalore,B.E.,Mechanical,9.11,0,No,Yes,1,2,Ruby on Rails | TensorFlow,Referral,Meesho,Automotive,ML Engineer,Internship,Kolkata,2024-05-03,HR Interview,3.0,14,Not Available,1379,55,Not Available,No,3,1
4598,Eisha Hegde,Female,24,2021,IIT Hyderabad,B.Sc (IT),Information Technology,9.58,2,No,No,4,4,Data Analysis | Communication | Git | Azure | Figma,LinkedIn,Flipkart,IT/Software,Operations Analyst,Internship,Delhi NCR,2023-09-14,Offer,2.0,43,17074.0,1562,74,No,No,8,2
4600,Varun Goyal,Male,20,2021,SRMIST Chennai,B.Com,Finance,5.77,0,No,No,3,3,Leadership | Figma | Communication | Linux,Campus Placement,Amazon India,EdTech,QA Engineer,Full-time,Chandigarh,2023-03-20,Shortlisted,Not Available,28,Not Available,528,73,Not Available,No,6,2
4602,Geeta Thakur,Female,23,2021,IIM Ahmedabad,BBA,Marketing,7.87,0,No,No,1,2,PyTorch | Data Analysis | PHP,Naukri,Coforge,HealthTech,UX Designer,Full-time,Bhubaneswar,2021-07-15,Shortlisted,Not Available,14,Not Available,2079,57,Not Available,No,3,0
4605,Aditya Iyer,Male,27,2020,NIT Calicut,MBA,Business Analytics,6.76,3,No,No,3,0,Python | Spark | Spring Boot | Teamwork,Internshala,Hexaware,AgriTech,Android Developer,Contract,Mumbai,2023-01-16,Applied,Not Available,13,Not Available,2929,72,Not Available,No,3,3
4606,Kavya Bhatia,Female,23,2022,Lovely Professional University,B.Com,Accounting,6.07,2,No,Yes,1,3,Spring Boot | Communication,Unstop,Practo,Retail,iOS Developer,Full-time,Kochi,2024-08-15,Applied,Not Available,37,Not Available,254,79,Not Available,No,4,2
4607,Dinesh Kumar,Male,22,2021,Thapar University,B.Tech,Electrical Engineering,7.64,1,No,Yes,2,2,Azure | Tableau,Naukri,Paytm,AgriTech,Operations Analyst,Full-time,Mumbai,2024-02-14,Applied,Not Available,11,Not Available,2511,76,Not Available,No,4,3
4608,Jyoti Patel,Female,27,2022,IIT Bombay,B.Sc (IT),Information Technology,8.63,1,No,No,6,4,Excel | MongoDB | Networking | Communication | REST APIs,LinkedIn,PhonePe,Media & Entertainment,Technical Support Engineer,Full-time,Mumbai,2024-10-31,Online Assessment,Not Available,4,Not Available,172,66,No,No,10,2
4609,Alpana Murthy,Female,20,2021,GLA University Mathura,B.Com,Commerce,9.0,1,No,No,6,4,Deep Learning | Teamwork,Naukri,HDFC Bank,Automotive,Cybersecurity Analyst,Part-time,Surat,2024-01-05,Shortlisted,Not Available,32,Not Available,2808,68,Not Available,No,10,3
4611,Shivam Bhatnagar,Male,21,2020,Symbiosis Pune,B.E.,Civil,7.25,3,Yes,No,6,0,Figma | Teamwork | JavaScript,Campus Placement,Unacademy,HealthTech,QA Engineer,Part-time,Bengaluru,2021-12-17,Shortlisted,Not Available,27,Not Available,2164,62,Not Available,Yes,6,1
4614,Lata Mishra,Female,24,2020,IIM Ahmedabad,BCA,Computer Applications,7.92,2,No,No,1,4,Networking | Scala | Leadership,AngelList,Upstox,Retail,Data Scientist,Full-time,Chandigarh,2021-06-18,Offer,4.0,29,1109776.0,1783,85,Not Available,No,5,1
4617,Namrata Pillai,Female,20,2022,Mumbai University,MCA,Computer Applications,9.6,1,No,No,1,4,PyTorch | TensorFlow | SQL | Hive,Campus Placement,Cognizant,Manufacturing,Digital Marketing Executive,Full-time,Noida,2022-08-27,Shortlisted,Not Available,10,Not Available,2131,69,Not Available,No,5,0
4618,Piyush Patil,Male,25,2020,SVNIT Surat,BCA,Computer Applications,9.08,2,No,No,4,3,Spring Boot | Tableau,AngelList,Texas Instruments India,Consulting,Android Developer,Internship,Coimbatore,2024-03-25,Online Assessment,Not Available,41,Not Available,512,89,Not Available,No,7,4
4619,Gaurang Khatri,Male,20,2024,IIT Delhi,MBA,Business Analytics,6.29,0,No,No,1,0,Excel | TensorFlow | Git | Cybersecurity,Foundit,Axis Bank,Manufacturing,Software Engineer,Part-time,Vadodara,2024-03-09,HR Interview,3.0,25,Not Available,2705,93,Not Available,No,1,0
4620,Wasim Majumdar,Male,25,2022,RV College Bangalore,B.Tech,Chemical Engineering,6.46,2,No,Yes,5,0,Laravel | Power BI | Cybersecurity,LinkedIn,L&T Infotech,Consulting,Database Administrator,Part-time,Remote,2022-12-17,Applied,Not Available,6,Not Available,429,100,No,Yes,5,0
4621,Omkar Naik,Male,22,2020,Christ University Bangalore,B.E.,Electronics,5.9,0,No,No,4,3,SQL | Ruby on Rails | Laravel | GraphQL,Unstop,Infosys,AgriTech,Cloud Engineer,Full-time,Pune,2021-07-11,Offer,5.0,45,377431.0,1150,60,Not Available,No,7,1
4622,Kamlesh Sethi,Male,25,2022,Amity University Noida,B.Tech,Chemical Engineering,9.79,0,No,No,1,5,Spark | React | Machine Learning | Tableau | JavaScript,Referral,TCS,AgriTech,ML Engineer,Internship,Coimbatore,2024-10-15,HR Interview,1.0,16,Not Available,1733,95,Not Available,No,6,2
4623,Chethan Naik,Male,24,2020,KIIT Bhubaneswar,MCA,Computer Applications,6.99,2,No,No,1,5,Cybersecurity | Azure | Power BI,HackerEarth,Cure.fit,Banking & Finance,Cybersecurity Analyst,Full-time,Kochi,2021-11-27,Shortlisted,Not Available,43,Not Available,2067,57,Not Available,No,6,1
4626,Lalit Chopra,Male,23,2021,HBTU Kanpur,BBA,HR,8.77,3,No,No,3,1,Kubernetes | SQL | Linux,Unstop,LTIMindtree,AgriTech,QA Engineer,Internship,Gurugram,2023-04-05,Shortlisted,Not Available,34,Not Available,2525,81,Not Available,Yes,4,2
4627,Chandni Singh,Female,26,2021,IIT Kharagpur,BBA,Marketing,7.25,2,No,No,5,0,MATLAB | AWS,LinkedIn,Urban Company,Media & Entertainment,Product Manager,Full-time,Coimbatore,2024-08-05,Rejected,1.0,39,Not Available,1542,94,No,No,5,3
4628,Naveen Oberoi,Male,23,2020,VIT Vellore,B.Sc (CS),Computer Science,8.81,2,Yes,No,6,5,R | Git | Python | Tableau,LinkedIn,Groww,Manufacturing,iOS Developer,Full-time,Gurugram,2022-07-31,Online Assessment,Not Available,26,Not Available,1292,55,Yes,No,11,2
4629,Jatin Jain,Male,27,2020,Mumbai University,M.Tech,Computer Science,8.36,0,No,Yes,0,4,JavaScript | Laravel | Networking,Shine,Paytm,Telecom,Systems Engineer,Full-time,Pune,2021-10-25,Applied,Not Available,16,Not Available,2905,62,Not Available,No,4,1
4630,Radha Bhatnagar,Female,27,2021,IIM Ahmedabad,BCA,Computer Applications,9.79,3,No,Yes,2,5,Java | Teamwork | Flutter,LinkedIn,Accenture,HealthTech,Full Stack Developer,Internship,Remote,2022-07-31,Shortlisted,Not Available,31,Not Available,302,61,Yes,No,7,1
4631,Kirti Kumar,Female,23,2022,IIT Hyderabad,B.Com,Accounting,6.3,3,No,Yes,1,4,Teamwork | Ruby on Rails,Internshala,Morgan Stanley India,Consulting,Embedded Engineer,Part-time,Nagpur,2024-07-04,Technical Interview,5.0,4,Not Available,212,65,Not Available,Yes,5,2
4637,Eklavya Bhatia,Male,27,2022,NIT Warangal,BBA,Finance,5.56,3,No,No,0,3,Spring Boot | Spark | PHP | Ruby on Rails | SQL,Campus Placement,HCL Technologies,Retail,Cybersecurity Analyst,Full-time,Hyderabad,2023-01-06,Shortlisted,Not Available,29,Not Available,2860,72,Not Available,Yes,3,1
4640,Pranav Ahuja,Male,27,2020,Delhi University,BCA,Computer Applications,9.01,2,No,No,6,0,Excel | JavaScript | GraphQL | Python | Azure,Cutshort,HDFC Bank,Automotive,Sales Executive,Part-time,Chandigarh,2023-11-02,HR Interview,1.0,18,Not Available,386,63,Not Available,No,6,3
4641,Firoz Bose,Male,26,2024,MNNIT Allahabad,M.Tech,VLSI,9.33,2,No,No,1,4,Flutter | Leadership,Unstop,Bosch India,Consulting,Cybersecurity Analyst,Internship,Vadodara,2024-10-19,Online Assessment,Not Available,34,Not Available,2213,89,Not Available,No,5,0
4645,Riya Bansal,Female,24,2022,RV College Bangalore,M.Tech,Software Engineering,8.06,2,No,No,5,2,Node.js | Laravel | C++ | Hive | Kotlin,Internshala,PhonePe,HealthTech,Operations Analyst,Internship,Visakhapatnam,2023-12-09,Shortlisted,Not Available,5,Not Available,1299,86,Not Available,No,7,1
4647,Itisha Chatterjee,Female,27,2023,Jadavpur University Kolkata,B.E.,Electrical,9.46,2,Yes,No,3,0,REST APIs | Kubernetes | Excel | Figma | Deep Learning,LinkedIn,Angel One,Media & Entertainment,Network Engineer,Full-time,Chandigarh,2023-04-30,Applied,Not Available,4,Not Available,2729,84,No,No,3,0
4648,Girish Sethi,Male,27,2023,IIM Bangalore,BCA,Computer Applications,9.66,2,No,No,2,4,MATLAB | Networking | Ruby on Rails,Unstop,Capgemini,Manufacturing,Full Stack Developer,Internship,Indore,2024-01-13,Shortlisted,Not Available,14,Not Available,1279,98,Not Available,No,6,1
4650,Xander Rawat,Male,23,2023,IIEST Shibpur,M.Tech,Computer Science,7.04,1,No,No,6,5,Swift | REST APIs,LinkedIn,Bajaj Finserv,E-commerce,Frontend Developer,Full-time,Bhubaneswar,2024-01-29,Technical Interview,4.0,38,Not Available,2843,71,No,No,11,1
4651,Kartik Khanna,Male,23,2022,Anna University Chennai,MCA,Computer Applications,6.68,2,No,Yes,1,5,Spark | Machine Learning | Communication | MATLAB | Django,Indeed,Morgan Stanley India,Automotive,Backend Developer,Full-time,Mysuru,2024-12-07,Shortlisted,Not Available,19,Not Available,1120,98,Not Available,No,6,2
4652,Nikhil Sandhu,Male,20,2021,Osmania University Hyderabad,MCA,Computer Applications,6.66,1,No,No,3,5,C++ | R,Naukri,Fractal Analytics,Logistics,Frontend Developer,Contract,Noida,2024-07-30,Offer,4.0,12,891431.0,2852,92,Not Available,No,8,3
4655,Deepika Dixit,Female,23,2024,IIM Bangalore,BCA,Computer Applications,8.74,0,No,Yes,4,1,Tableau | Problem Solving | Kubernetes | Ruby on Rails,Unstop,JPMorgan India,Media & Entertainment,Embedded Engineer,Internship,Nagpur,2024-01-06,HR Interview,3.0,28,Not Available,78,87,Not Available,No,5,0
4657,Om Rajan,Male,20,2020,Anna University Chennai,B.Tech,Computer Science,6.78,3,No,Yes,1,1,Machine Learning | Selenium,Naukri,Nykaa,Telecom,Embedded Engineer,Full-time,Mumbai,2021-09-03,Applied,Not Available,30,Not Available,2102,92,Not Available,No,2,1
4658,Inder Rajan,Male,22,2020,BITS Goa,B.Tech,Data Science,8.37,3,No,Yes,4,5,Hadoop | C++,Naukri,Fractal Analytics,Banking & Finance,Technical Support Engineer,Part-time,Mumbai,2023-12-03,Technical Interview,3.0,38,Not Available,956,83,Not Available,Yes,9,3
4659,Ekansh Hegde,Male,27,2021,Chandigarh University,B.Sc (IT),Information Technology,6.85,0,No,Yes,3,2,Excel | PHP | Teamwork | Linux,Indeed,Meesho,Retail,Data Analyst,Internship,Jaipur,2024-10-10,Rejected,2.0,20,Not Available,57,58,Not Available,No,5,3
4664,Abhinav Rawat,Male,27,2020,Delhi University,B.Tech,Civil Engineering,9.05,2,No,No,3,1,Ruby on Rails | MongoDB | React,Indeed,JPMorgan India,Automotive,ML Engineer,Full-time,Bengaluru,2021-12-20,Applied,Not Available,6,Not Available,1106,84,Not Available,No,4,1
4666,Irfan Venkatesh,Male,25,2021,IIT Hyderabad,B.Com,Finance,9.95,3,No,No,6,3,Hive | Linux,Naukri,Deloitte,Automotive,Data Scientist,Contract,Kolkata,2022-10-10,Shortlisted,Not Available,11,Not Available,2307,55,Not Available,No,9,1
4669,Dimple Balakrishnan,Prefer not to say,23,2022,Thapar University,MCA,Computer Applications,8.8,0,No,No,0,3,Docker | Node.js | Deep Learning,Indeed,Siemens India,Logistics,Business Analyst,Full-time,Vadodara,2024-07-12,Applied,Not Available,44,Not Available,2963,85,Not Available,No,3,2
4670,Yukti Kumar,Female,23,2020,COEP Pune,B.E.,Computer Science,8.56,1,No,No,2,5,Scala | SQL,Unstop,Intel India,Automotive,Cloud Engineer,Internship,Coimbatore,2022-01-03,Technical Interview,3.0,29,Not Available,1411,76,Not Available,No,7,2
4673,Vandana More,Female,22,2021,NIT Warangal,B.E.,Computer Science,8.39,2,No,Yes,1,0,Data Analysis | Git | AWS | Ruby on Rails | Problem Solving,LinkedIn,IBM India,AgriTech,Marketing Analyst,Full-time,Mysuru,2023-09-09,Technical Interview,3.0,35,Not Available,859,58,No,No,1,2
4674,Manish Sharma,Male,23,2024,Chandigarh University,B.E.,Electrical,6.29,1,No,Yes,2,5,Data Analysis | Java,Glassdoor,Bajaj Finserv,Consulting,Business Analyst,Part-time,Bhopal,2024-11-15,Withdrawn,Not Available,9,Not Available,1013,94,Not Available,Yes,7,0
4675,Mukesh Bhatia,Male,20,2020,IIM Ahmedabad,MBA,Strategy,7.74,2,Yes,No,3,4,Node.js | PyTorch,Naukri,Samsung India,IT/Software,QA Engineer,Full-time,Delhi NCR,2022-12-03,Shortlisted,Not Available,39,Not Available,912,69,Not Available,No,7,2
4677,Suresh Pandey,Male,22,2022,IIT Delhi,B.Sc (IT),Information Technology,9.58,0,No,Yes,4,3,Django | PHP | JavaScript,Cutshort,L&T Infotech,Telecom,QA Engineer,Full-time,Kochi,2023-11-06,Online Assessment,Not Available,32,Not Available,581,61,Not Available,No,7,1
4678,Kamya Grewal,Female,20,2021,BITS Pilani,B.Sc (CS),Computer Science,8.04,0,Yes,No,6,3,Docker | Azure | Python | Data Analysis | Leadership,AngelList,Urban Company,Media & Entertainment,Marketing Analyst,Full-time,Delhi NCR,2024-09-27,Technical Interview,1.0,32,Not Available,2683,66,Not Available,No,9,3
4679,Deepika Malhotra,Female,20,2021,IIIT Bangalore,MCA,Computer Applications,9.45,3,No,No,4,2,PyTorch | Problem Solving | Spring Boot | R | Figma,Indeed,Zomato,FinTech,DevOps Engineer,Full-time,Bengaluru,2021-05-16,Applied,Not Available,34,Not Available,2722,62,Not Available,No,6,0
4682,Harsh Bhatnagar,Male,25,2023,Amity University Noida,B.Tech,Civil Engineering,7.29,1,No,No,2,0,Azure | Kubernetes,Unstop,IBM India,HealthTech,SEO Analyst,Internship,Ahmedabad,2023-10-30,Applied,Not Available,5,Not Available,415,57,Not Available,No,2,0
4683,Eklavya Malhotra,Male,20,2021,MDI Gurgaon,B.Tech,Computer Science,5.52,0,No,Yes,3,3,Hive | Azure | Docker | C++,HackerEarth,HCL Technologies,Manufacturing,SEO Analyst,Internship,Mysuru,2021-07-24,Applied,Not Available,35,Not Available,2297,62,Not Available,No,6,0
4684,Pallavi Roy,Prefer not to say,26,2020,NIT Warangal,B.Com,Accounting,5.61,2,No,Yes,6,4,GraphQL | Node.js,Cutshort,Groww,Consulting,Backend Developer,Full-time,Pune,2024-04-24,HR Interview,5.0,19,Not Available,1796,86,Not Available,No,10,4
4686,Jyoti Balakrishnan,Female,23,2020,NSUT Delhi,M.Tech,Computer Science,6.56,2,No,No,6,0,Linux | TensorFlow,Naukri,Zoho,E-commerce,iOS Developer,Contract,Surat,2022-06-29,Online Assessment,Not Available,1,Not Available,2346,92,Not Available,Yes,6,2
4687,Nikhil Choudhury,Male,20,2020,NIT Calicut,B.Tech,Information Technology,8.78,3,No,No,6,4,Flutter | Power BI,Indeed,Wipro,Consulting,QA Engineer,Internship,Pune,2023-01-18,Shortlisted,Not Available,17,Not Available,2816,90,Not Available,Yes,10,3
4688,Ananya Mehta,Female,21,2021,Jadavpur University Kolkata,B.Com,Commerce,7.11,0,No,No,0,2,Hadoop | Bash Scripting | Teamwork,Naukri,Zoho,Media & Entertainment,Android Developer,Internship,Patna,2023-12-15,HR Interview,2.0,36,Not Available,2860,66,Not Available,No,2,2
4689,Ojaswi Arora,Female,24,2020,Anna University Chennai,MBA,Business Analytics,8.88,2,No,No,5,0,Machine Learning | R,Referral,Groww,Automotive,HR Executive,Full-time,Chandigarh,2022-04-10,Online Assessment,Not Available,21,Not Available,2384,62,Not Available,No,5,2
4694,Deepak Singh,Male,27,2020,SP Jain Mumbai,MBA,HR,8.53,1,No,No,1,5,MATLAB | Problem Solving | Linux | Power BI | Deep Learning,Apna,Tata Steel,FinTech,ML Engineer,Part-time,Bhopal,2021-08-05,Online Assessment,Not Available,5,Not Available,1476,68,Not Available,No,6,1
4695,Inder Venkatesh,Male,24,2021,DTU Delhi,B.Tech,Electrical Engineering,7.02,0,No,No,3,5,Leadership | Swift | Cybersecurity | Node.js,Naukri,Axis Bank,Logistics,UX Designer,Internship,Bhubaneswar,2021-11-04,Shortlisted,Not Available,37,Not Available,1009,69,Not Available,Yes,8,0
4696,Eklavya Chopra,Male,24,2020,SP Jain Mumbai,B.Sc (IT),Information Technology,6.84,2,No,Yes,0,1,Hive | Tableau | Figma,Monster,Tiger Analytics,E-commerce,Data Analyst,Contract,Bhopal,2024-03-12,Applied,Not Available,34,Not Available,253,93,Not Available,Yes,1,4
4697,Madhuri Sodhi,Female,23,2022,IIM Calcutta,B.E.,Civil,7.75,3,No,No,2,4,Node.js | PHP | Flutter,Naukri,Intel India,EdTech,Recruiter,Part-time,Hyderabad,2023-08-13,Online Assessment,Not Available,10,Not Available,103,82,Not Available,No,6,1
4699,Mukesh Bansal,Male,25,2021,BITS Pilani,MCA,Computer Applications,5.98,1,No,No,4,5,Ruby on Rails | TensorFlow | MATLAB | AWS | Azure,Shine,Tiger Analytics,Banking & Finance,Product Manager,Full-time,Delhi NCR,2023-05-15,Shortlisted,Not Available,12,Not Available,723,57,Not Available,No,9,2
4700,Vibha Iyer,Female,27,2020,BITS Pilani,B.Tech,Electrical Engineering,6.42,2,No,No,0,3,Power BI | Flutter | Git | Ruby on Rails | Tableau,Internshala,Goldman Sachs,EdTech,Recruiter,Full-time,Hyderabad,2024-09-23,Online Assessment,Not Available,29,Not Available,1568,56,Not Available,No,3,4
4701,Chirag Chatterjee,Male,24,2020,BITS Pilani,M.Tech,Data Science,6.01,0,No,Yes,2,0,Figma | Hadoop | AWS | Linux,Glassdoor,Paytm,HealthTech,Product Manager,Internship,Bengaluru,2021-07-12,Shortlisted,Not Available,31,Not Available,1082,62,Not Available,No,2,1
4702,Bharat Jain,Male,26,2022,IIT Delhi,BBA,Marketing,8.16,1,No,No,1,1,Leadership | Kotlin,Indeed,Citi India,Manufacturing,Digital Marketing Executive,Full-time,Kolkata,2024-01-21,Shortlisted,Not Available,19,Not Available,582,98,Not Available,Yes,2,2
4704,Gaurav Verma,Male,22,2021,COEP Pune,BBA,HR,5.57,3,Yes,Yes,6,2,Kotlin | React | MongoDB,HackerEarth,LTIMindtree,AgriTech,UX Designer,Full-time,Gurugram,2021-06-25,Applied,Not Available,9,Not Available,1863,70,Not Available,Yes,8,0
4706,Vishal Malhotra,Male,22,2020,IIT Kanpur,MBA,Operations,9.33,3,No,No,6,2,Hadoop | Node.js,Naukri,Google India,Consulting,Software Engineer,Full-time,Kochi,2021-01-17,Rejected,3.0,30,Not Available,1973,69,Not Available,No,8,1
4708,Chetan Gupta,Male,27,2021,HBTU Kanpur,MBA,Operations,9.14,3,No,Yes,3,1,Hadoop | REST APIs | Power BI | Ruby on Rails,Indeed,Nykaa,HealthTech,Marketing Analyst,Internship,Noida,2023-12-17,Applied,Not Available,12,Not Available,316,65,Not Available,No,4,2
4709,Alpana Gupta,Female,20,2021,Nirma University Ahmedabad,BBA,Business Administration,5.69,3,No,No,2,5,Docker | Excel | C++,LinkedIn,Hexaware,HealthTech,Marketing Analyst,Internship,Visakhapatnam,2024-07-27,HR Interview,2.0,38,Not Available,1223,98,Yes,No,7,3
4710,Lalit Ramachandran,Male,27,2021,Nirma University Ahmedabad,BCA,Computer Applications,9.27,2,Yes,No,4,3,Laravel | Leadership,Internshala,Tata Steel,Banking & Finance,HR Executive,Full-time,Coimbatore,2024-02-07,Applied,Not Available,25,Not Available,659,67,Not Available,No,7,3
4711,Zara Swamy,Female,23,2020,NIT Surathkal,BCA,Computer Applications,7.36,0,No,No,5,3,Excel | Django,LinkedIn,HCL Technologies,Consulting,UX Designer,Full-time,Bhopal,2023-09-23,Online Assessment,Not Available,1,Not Available,1488,83,Yes,Yes,8,3
4713,Jay Pandey,Male,27,2021,Christ University Bangalore,BBA,HR,9.38,1,No,No,6,4,Kotlin | Problem Solving | REST APIs | Excel | Swift,Internshala,Texas Instruments India,Automotive,Backend Developer,Contract,Mysuru,2021-12-07,Offer,2.0,12,594899.0,822,99,Not Available,No,10,0
4715,Abhinav Pillai,Male,22,2022,NIT Warangal,BBA,Finance,7.92,3,No,No,6,2,Django | Tableau | PHP | Power BI,Referral,Infosys,Retail,Digital Marketing Executive,Part-time,Nagpur,2024-07-12,Online Assessment,Not Available,13,Not Available,518,73,Not Available,Yes,8,2
4716,Vandana Dixit,Female,20,2022,BITS Goa,B.Sc (IT),Information Technology,6.79,0,No,No,0,4,MongoDB | Django | Hadoop | Spark | Teamwork,Campus Placement,Meesho,Retail,HR Executive,Contract,Visakhapatnam,2024-09-25,Withdrawn,Not Available,4,Not Available,2319,81,Not Available,Yes,4,2
4717,Dimple Nair,Female,26,2022,Mumbai University,BCA,Computer Applications,7.79,2,No,No,4,3,R | MATLAB | JavaScript | Machine Learning,LinkedIn,Accenture,Automotive,Content Writer,Full-time,Visakhapatnam,2022-05-11,Technical Interview,1.0,9,Not Available,1310,80,No,Yes,7,0
4718,Kavya Chopra,Female,26,2020,Jadavpur University Kolkata,B.Sc (IT),Information Technology,9.58,1,No,No,6,5,Git | AWS | Ruby on Rails,LinkedIn,Barclays India,Logistics,Content Writer,Internship,Lucknow,2021-11-07,Applied,Not Available,13,Not Available,1224,97,Yes,No,11,1
4720,Sneha Naik,Female,24,2022,VIT Vellore,B.Com,Finance,7.75,0,No,No,6,5,Scala | Tableau | REST APIs,Indeed,Practo,HealthTech,Data Scientist,Contract,Kochi,2023-07-28,Rejected,4.0,30,Not Available,972,77,Not Available,Yes,11,1
4721,Nisha Ahuja,Female,24,2020,MNNIT Allahabad,BBA,Finance,6.24,3,No,Yes,6,1,Problem Solving | Flutter | TensorFlow | Bash Scripting,HackerEarth,Texas Instruments India,Media & Entertainment,Operations Analyst,Full-time,Chennai,2021-09-01,Applied,Not Available,5,Not Available,2110,62,Not Available,No,7,1
4722,Janhavi Rastogi,Female,27,2021,BITS Hyderabad,B.Sc (IT),Information Technology,9.15,3,No,Yes,3,1,Spring Boot | Git | Django,AngelList,BYJU's,Consulting,Content Writer,Internship,Vadodara,2022-04-08,Applied,Not Available,17,Not Available,1923,63,Not Available,Yes,4,1
4724,Parth Ramachandran,Male,25,2020,XLRI Jamshedpur,BCA,Computer Applications,6.79,2,Yes,Yes,2,2,Ruby on Rails | PHP | Figma,Glassdoor,Freshworks,IT/Software,Embedded Engineer,Internship,Kochi,2021-01-27,Applied,Not Available,37,Not Available,878,61,Not Available,No,4,1
4725,Hitesh Bisht,Prefer not to say,27,2021,IIT Hyderabad,MCA,Computer Applications,7.63,0,No,No,3,5,Flutter | Swift | Python | Git,Naukri,Bosch India,Consulting,Finance Analyst,Full-time,Kochi,2024-02-07,Applied,Not Available,1,Not Available,1292,55,Not Available,No,8,3
4726,Swati Agarwal,Prefer not to say,25,2021,PES University Bangalore,B.Com,Commerce,8.34,0,No,Yes,4,4,Kubernetes | Tableau | TensorFlow | AWS | Deep Learning,Internshala,BigBasket,Telecom,Content Writer,Full-time,Bhopal,2024-12-09,Online Assessment,Not Available,17,Not Available,2485,62,Not Available,No,8,3
4727,Utsav Joshi,Male,22,2021,Presidency University Kolkata,BBA,HR,5.85,3,No,Yes,0,5,Spring Boot | MATLAB,Naukri,Swiggy,Retail,Business Analyst,Full-time,Noida,2023-09-28,Applied,Not Available,33,Not Available,1259,89,Not Available,No,5,2
4729,Ishaan Singh,Male,21,2020,BITS Goa,M.Tech,Computer Science,8.53,2,No,No,0,0,Figma | Spark | Selenium | Communication | Linux,Campus Placement,Deloitte,Manufacturing,Finance Analyst,Full-time,Patna,2024-12-28,HR Interview,5.0,14,Not Available,1844,71,Not Available,No,0,4
4730,Umesh Lal,Male,25,2020,Symbiosis Pune,M.Tech,Data Science,9.3,3,No,Yes,6,3,Laravel | Django,AngelList,MakeMyTrip,Media & Entertainment,Recruiter,Full-time,Kolkata,2022-08-14,Offer,2.0,22,530272.0,1688,79,Not Available,Yes,9,2
4734,Darshan Lodha,Male,24,2022,BIT Mesra Ranchi,B.Tech,Electronics & Communication,5.73,0,No,No,2,0,Kotlin | C++ | Hadoop | Hive | Python,Glassdoor,Angel One,FinTech,Backend Developer,Full-time,Remote,2022-11-27,Rejected,5.0,35,Not Available,2078,94,Not Available,No,2,0
4735,Harsh Khatri,Male,27,2020,NIT Trichy,B.Tech,Civil Engineering,5.72,1,No,No,0,5,Selenium | Swift | Django | Flutter | Kotlin,Naukri,IBM India,E-commerce,DevOps Engineer,Full-time,Bhopal,2024-09-15,Shortlisted,Not Available,36,Not Available,1607,82,Not Available,No,5,4
4737,Nisha Patil,Female,23,2020,Thapar University,MCA,Computer Applications,9.08,1,No,Yes,0,2,React | Flutter | JavaScript | Scala,Cutshort,Persistent Systems,Consulting,Operations Analyst,Contract,Pune,2023-12-17,Applied,Not Available,17,Not Available,191,58,Not Available,No,2,3
4738,Arnav Sandhu,Male,20,2023,Chandigarh University,B.Com,Commerce,9.54,2,No,Yes,0,1,SQL | Figma | Networking | REST APIs | GraphQL,Indeed,Accenture,IT/Software,Full Stack Developer,Full-time,Bengaluru,2023-05-19,Online Assessment,Not Available,20,Not Available,2836,89,Not Available,No,1,0
4739,Naveen Sethi,Male,26,2023,Symbiosis Pune,BCA,Computer Applications,8.36,2,No,No,0,3,Tableau | Leadership | Selenium,Referral,IBM India,IT/Software,Full Stack Developer,Full-time,Mysuru,2023-12-22,Applied,Not Available,24,Not Available,663,73,Not Available,No,3,0
4740,Gouri Majumdar,Female,22,2021,IIM Calcutta,BBA,HR,9.34,0,No,Yes,0,1,PHP | Swift | Git | Hive | Spring Boot,LinkedIn,Mphasis,Banking & Finance,Sales Executive,Full-time,Lucknow,2022-01-09,Applied,Not Available,38,Not Available,2143,74,No,No,1,1
4742,Farida Shah,Female,21,2021,Symbiosis Pune,B.Tech,Electrical Engineering,6.56,3,No,Yes,0,5,Spring Boot | TypeScript | Azure | Machine Learning,Unstop,Axis Bank,Banking & Finance,Data Scientist,Part-time,Mumbai,2022-01-31,Shortlisted,Not Available,19,Not Available,1477,76,Not Available,Yes,5,1
4743,Karan Singh,Male,26,2022,BITS Pilani,B.E.,Electrical,5.9,0,No,No,6,4,Laravel | Machine Learning | Deep Learning,Campus Placement,Lenskart,Manufacturing,Systems Engineer,Internship,Kolkata,2022-09-01,Applied,Not Available,13,Not Available,2816,65,Not Available,Yes,10,0
4744,Vishal Bajaj,Male,22,2022,Mumbai University,BBA,Business Administration,8.38,0,No,No,6,2,Figma | Communication,Indeed,Mphasis,Banking & Finance,Finance Analyst,Full-time,Chennai,2023-07-04,Technical Interview,2.0,36,Not Available,2617,75,Not Available,No,8,1
4748,Natasha Mathur,Female,23,2023,Christ University Bangalore,B.Sc (IT),Information Technology,7.06,0,No,Yes,6,2,Ruby on Rails | Bash Scripting | Excel | Linux | Swift,Naukri,ICICI Bank,HealthTech,Product Manager,Full-time,Kolkata,2023-02-20,Rejected,3.0,39,Not Available,383,87,Not Available,No,8,0
4749,Bharat Walia,Male,27,2021,RV College Bangalore,BBA,HR,7.76,0,No,Yes,1,3,Scala | Node.js | MongoDB,Foundit,HDFC Bank,Consulting,Product Manager,Full-time,Bhopal,2024-03-12,Applied,Not Available,27,Not Available,1871,70,Not Available,No,4,3
4751,Jagdish Hegde,Male,23,2023,Thapar University,B.E.,Electronics,7.21,0,No,No,5,2,AWS | JavaScript | Deep Learning,LinkedIn,Goldman Sachs,HealthTech,HR Executive,Full-time,Noida,2023-11-24,Shortlisted,Not Available,29,Not Available,583,70,No,No,7,0
4752,Diya Dhillon,Female,25,2022,Amity University Noida,BCA,Computer Applications,9.62,3,Yes,No,4,5,Git | Bash Scripting | Laravel | Ruby on Rails,HackerEarth,Coforge,Banking & Finance,Systems Engineer,Internship,Pune,2024-11-15,Shortlisted,Not Available,12,Not Available,879,69,Not Available,No,9,2
4753,Geetanjali Joshi,Female,22,2021,Mumbai University,BCA,Computer Applications,9.05,0,No,Yes,4,1,Hive | TypeScript | Leadership | Cybersecurity | Networking,Naukri,Unacademy,Retail,Recruiter,Part-time,Vadodara,2022-10-16,Online Assessment,Not Available,15,Not Available,1237,57,Not Available,Yes,5,1
4754,Vinay Kumar,Male,27,2023,SVNIT Surat,BCA,Computer Applications,6.62,3,No,No,2,5,MATLAB | Data Analysis | Swift,Unstop,Bosch India,AgriTech,Product Manager,Full-time,Mumbai,2023-08-02,Rejected,3.0,10,Not Available,1243,65,Not Available,No,7,0
4755,Keshav Chaudhary,Male,21,2021,BITS Hyderabad,B.Sc (IT),Information Technology,6.37,2,No,Yes,6,2,Node.js | Communication,LinkedIn,ICICI Bank,IT/Software,Software Engineer,Full-time,Hyderabad,2023-09-23,Offer,2.0,41,590854.0,1339,64,Yes,No,8,2
4760,Amit Anand,Male,21,2020,Delhi University,M.Tech,Data Science,7.38,2,No,Yes,6,1,Swift | Kotlin | JavaScript,Cutshort,NIIT Technologies,Consulting,iOS Developer,Full-time,Bhopal,2023-09-09,Offer,3.0,17,374330.0,2201,85,Not Available,No,7,3
4764,Eshan Gupta,Male,24,2023,Lovely Professional University,B.Com,Commerce,7.43,1,No,No,0,5,Tableau | Deep Learning,Naukri,Intel India,Logistics,ML Engineer,Full-time,Remote,2023-07-17,Technical Interview,2.0,5,Not Available,1381,96,Not Available,No,5,0
4768,Chethan Desai,Male,24,2020,PES University Bangalore,B.Com,Accounting,7.44,1,No,Yes,0,0,Linux | Flutter | Tableau | PHP | Java,Unstop,Deloitte,HealthTech,Digital Marketing Executive,Internship,Kolkata,2023-08-22,Technical Interview,1.0,13,Not Available,597,65,Not Available,No,0,3
4769,Elina Trivedi,Female,24,2023,NIT Trichy,B.E.,Mechanical,9.91,0,No,No,0,3,Kotlin | TypeScript | Spring Boot | Git,LinkedIn,MakeMyTrip,Retail,Systems Engineer,Internship,Lucknow,2023-12-07,Technical Interview,4.0,12,Not Available,2140,68,Yes,No,3,0
4771,Vandana Sengupta,Female,20,2020,HBTU Kanpur,M.Tech,VLSI,6.09,3,No,No,0,5,Problem Solving | Power BI | Python,IIMJobs,Freshworks,Automotive,Backend Developer,Full-time,Hyderabad,2022-09-27,Shortlisted,Not Available,13,Not Available,2111,78,Not Available,No,5,2
4772,Usha Lal,Female,23,2022,IIIT Allahabad,BCA,Computer Applications,7.55,1,No,No,6,3,Networking | Bash Scripting | Cybersecurity | C++ | Linux,Referral,Capgemini,HealthTech,Frontend Developer,Full-time,Bengaluru,2023-08-29,HR Interview,3.0,13,Not Available,1545,94,Not Available,No,9,1
4774,Varun Negi,Male,21,2022,NSUT Delhi,B.Sc (CS),Computer Science,7.04,2,No,No,4,0,GraphQL | Excel,Campus Placement,LTIMindtree,Automotive,Android Developer,Full-time,Indore,2023-07-01,Rejected,3.0,25,Not Available,1535,59,Not Available,No,4,1
4776,Arjun Tiwari,Male,21,2023,Delhi University,B.Com,Finance,9.38,0,Yes,Yes,0,2,SQL | REST APIs | Docker | PHP | JavaScript,Referral,IBM India,Banking & Finance,Marketing Analyst,Full-time,Mysuru,2023-10-25,Shortlisted,Not Available,33,Not Available,1304,79,Not Available,No,2,0
4777,Uday Soni,Male,21,2020,IIM Ahmedabad,B.Tech,Computer Science,7.17,2,No,No,0,3,Spring Boot | Bash Scripting | Linux | Figma,Indeed,Bajaj Finserv,FinTech,UX Designer,Full-time,Nagpur,2024-09-29,Offer,2.0,23,863095.0,2187,88,Not Available,No,3,4
4779,Simran Yadav,Female,21,2021,Amity University Noida,B.Com,Finance,7.28,1,No,Yes,6,3,Tableau | Kubernetes | Bash Scripting | Spark | Java,Glassdoor,1mg,E-commerce,Technical Support Engineer,Contract,Chandigarh,2024-03-12,Applied,Not Available,45,Not Available,1220,71,Not Available,No,9,3
4781,Ravi Balakrishnan,Male,23,2023,NIT Surathkal,MCA,Computer Applications,5.65,2,No,No,5,4,AWS | Laravel | Figma,LinkedIn,Urban Company,Retail,Product Manager,Full-time,Gurugram,2023-11-10,Shortlisted,Not Available,10,Not Available,1691,67,No,No,9,0
4784,Brijesh Dhillon,Male,24,2020,IIT Hyderabad,B.Sc (IT),Information Technology,7.52,2,No,Yes,1,1,Docker | Django | JavaScript | Teamwork | Scala,LinkedIn,Delhivery,Automotive,SEO Analyst,Contract,Coimbatore,2024-04-18,Shortlisted,Not Available,33,Not Available,2452,73,No,No,2,4
4787,Mohit Desai,Male,23,2020,Amity University Noida,B.Sc (IT),Information Technology,8.3,1,No,Yes,0,1,Selenium | Figma | Data Analysis,Monster,Paytm,Automotive,Database Administrator,Full-time,Indore,2022-11-21,Shortlisted,Not Available,28,Not Available,2454,77,Not Available,No,1,2
4788,Isha Goyal,Female,26,2021,IIT Madras,BBA,HR,6.53,3,No,No,6,4,Docker | MongoDB | Problem Solving,Monster,Axis Bank,HealthTech,Systems Engineer,Internship,Indore,2022-02-19,Applied,Not Available,21,Not Available,133,60,Not Available,No,10,1
4790,Eshan Pillai,Male,22,2022,Mumbai University,B.Com,Finance,6.87,0,No,Yes,0,5,Leadership | Problem Solving | PHP,LinkedIn,PolicyBazaar,FinTech,Recruiter,Full-time,Nagpur,2023-05-19,Applied,Not Available,32,Not Available,2556,97,No,No,5,1
4791,Vinay Jadhav,Male,21,2021,IIT Kanpur,M.Tech,Computer Science,9.37,0,No,No,5,2,Leadership | R,Indeed,Zoho,Automotive,Full Stack Developer,Full-time,Indore,2022-03-15,Technical Interview,3.0,9,Not Available,431,70,Not Available,Yes,7,1
4792,Charmi Krishnan,Female,22,2023,NIT Warangal,BBA,HR,9.75,3,No,Yes,1,0,PyTorch | Deep Learning | SQL | Communication,Monster,Practo,Manufacturing,Technical Support Engineer,Full-time,Visakhapatnam,2024-06-11,Applied,Not Available,25,Not Available,209,95,Not Available,No,1,1
4793,Deepak Shukla,Male,22,2020,PES University Bangalore,MBA,Strategy,8.04,3,No,No,4,2,Spring Boot | PyTorch | Leadership,LinkedIn,Google India,Media & Entertainment,Cloud Engineer,Full-time,Surat,2021-03-31,Applied,Not Available,24,Not Available,2334,71,No,No,6,1
4794,Naman Swamy,Male,25,2024,COEP Pune,B.Tech,Chemical Engineering,9.93,1,No,Yes,4,4,Flutter | Node.js | Tableau | Cybersecurity,IIMJobs,Axis Bank,Media & Entertainment,Data Scientist,Internship,Visakhapatnam,2024-11-16,Offer,5.0,9,13805.0,2570,57,Not Available,No,8,0
4795,Aditya Dixit,Male,26,2022,Symbiosis Pune,MBA,Strategy,6.71,1,No,Yes,0,5,PyTorch | Node.js | React,Internshala,Tech Mahindra,IT/Software,Android Developer,Contract,Hyderabad,2022-09-05,Offer,4.0,40,851587.0,303,85,Not Available,No,5,0
4797,Urvashi Shukla,Female,27,2022,Bangalore University,B.Com,Accounting,7.82,2,No,No,5,1,Scala | Selenium | AWS,LinkedIn,Wipro,E-commerce,Data Analyst,Internship,Kolkata,2024-01-26,Withdrawn,Not Available,35,Not Available,2170,93,No,Yes,6,2
4799,Sachin Grewal,Male,21,2021,BITS Pilani,B.Tech,Computer Science,5.61,1,Yes,No,5,5,C++ | Selenium | Kotlin | Networking,Naukri,Paytm,Banking & Finance,Content Writer,Full-time,Indore,2023-02-03,Applied,Not Available,19,Not Available,1957,87,Not Available,No,10,2
4800,Omkar Mishra,Male,27,2023,SRM University Chennai,MBA,Marketing,8.43,1,No,No,4,0,Docker | React | Data Analysis,LinkedIn,Capgemini,IT/Software,Marketing Analyst,Contract,Delhi NCR,2023-03-13,Rejected,3.0,8,Not Available,622,83,No,No,4,0
4802,Usha Bajaj,Female,24,2020,BIT Mesra Ranchi,MBA,Marketing,9.77,2,Yes,Yes,5,2,Hadoop | Kubernetes | JavaScript,Cutshort,IBM India,IT/Software,Sales Executive,Full-time,Delhi NCR,2024-11-26,Online Assessment,Not Available,21,Not Available,2836,84,Not Available,Yes,7,4
4805,Ojaswi Shukla,Female,27,2021,IIT Delhi,BBA,Business Administration,5.67,1,No,Yes,0,2,PyTorch | Problem Solving,WorkIndia,Delhivery,Logistics,Systems Engineer,Internship,Gurugram,2021-12-21,Technical Interview,2.0,4,Not Available,1053,85,Not Available,No,2,0
4807,Vikram Rastogi,Male,21,2021,XLRI Jamshedpur,B.E.,Mechanical,6.51,3,No,Yes,5,2,PHP | Data Analysis | Excel | Power BI,Indeed,BigBasket,HealthTech,Embedded Engineer,Contract,Mysuru,2023-01-10,Shortlisted,Not Available,17,Not Available,2230,59,Not Available,No,7,2
4808,Dipali Chatterjee,Female,21,2021,Anna University Chennai,MBA,HR,6.72,0,No,Yes,0,0,PHP | Selenium | TensorFlow | Kubernetes,Referral,Practo,IT/Software,HR Executive,Part-time,Ahmedabad,2022-12-23,HR Interview,2.0,16,Not Available,2928,63,Not Available,No,0,1
4809,Varun Iyer,Male,27,2020,Thapar University,MBA,Finance,9.48,1,No,Yes,0,0,Problem Solving | Tableau | Power BI | MongoDB | Excel,Freshersworld,MakeMyTrip,Consulting,SEO Analyst,Internship,Surat,2024-06-20,Offer,5.0,8,35023.0,1476,94,Not Available,No,0,4
4812,Lokesh Krishnan,Male,25,2020,Symbiosis Pune,MCA,Computer Applications,8.71,2,No,Yes,1,3,Cybersecurity | Docker | Spring Boot | Spark | Networking,LinkedIn,Coforge,FinTech,Database Administrator,Full-time,Kochi,2021-12-07,HR Interview,2.0,30,Not Available,944,81,Yes,No,4,1
4814,Esha Trivedi,Female,26,2021,Bangalore University,M.Tech,VLSI,9.99,1,No,Yes,0,0,Kubernetes | Bash Scripting | Spark | REST APIs | Docker,LinkedIn,HDFC Bank,FinTech,Product Manager,Full-time,Lucknow,2021-07-12,Technical Interview,3.0,6,Not Available,1488,70,Yes,No,0,0
4815,Lata Singh,Female,22,2024,Amity University Noida,BBA,Finance,7.44,3,No,Yes,6,1,MATLAB | Scala | Docker,LinkedIn,Siemens India,Manufacturing,Database Administrator,Contract,Bhubaneswar,2024-07-04,Shortlisted,Not Available,24,Not Available,87,81,Yes,No,7,0
4816,Inder Tiwari,Male,20,2020,Anna University Chennai,MBA,Business Analytics,7.98,1,No,No,3,3,Figma | Machine Learning | Communication,LinkedIn,Hexaware,Telecom,Embedded Engineer,Full-time,Chennai,2022-07-05,Shortlisted,Not Available,18,Not Available,2073,100,Yes,No,6,2
4818,Lalit Bhatnagar,Male,20,2020,IIM Bangalore,BBA,HR,8.31,3,No,Yes,5,0,PHP | Laravel | Leadership | Kotlin | Kubernetes,LinkedIn,ICICI Bank,EdTech,Android Developer,Full-time,Remote,2023-09-05,Shortlisted,Not Available,7,Not Available,1483,84,Yes,No,5,3
4819,Tejas Mukherjee,Male,24,2022,Kalinga University,M.Tech,VLSI,8.94,1,No,Yes,5,4,Scala | TensorFlow | R | Linux,Cutshort,Ola,Logistics,QA Engineer,Full-time,Vadodara,2022-06-13,Shortlisted,Not Available,43,Not Available,2416,67,Not Available,No,9,0
4820,Karan Sundaram,Male,24,2022,Mumbai University,MBA,Strategy,9.07,2,No,Yes,0,5,Leadership | R | Spring Boot | Kotlin,LinkedIn,Urban Company,IT/Software,Recruiter,Full-time,Lucknow,2023-11-21,Offer,4.0,40,415155.0,2160,77,No,No,5,1
4821,Uma Dhillon,Female,24,2020,NIT Surathkal,B.E.,Mechanical,7.37,3,No,Yes,4,1,Excel | MongoDB | Bash Scripting | Kotlin | Hive,TimesJobs,BYJU's,Manufacturing,Data Analyst,Internship,Bhopal,2021-07-13,Applied,Not Available,39,Not Available,2646,68,Not Available,No,5,1
4822,Wasim Sodhi,Male,27,2021,BITS Goa,M.Tech,Computer Science,9.7,2,No,No,6,0,Problem Solving | Hadoop,Referral,Barclays India,Telecom,Recruiter,Full-time,Ahmedabad,2021-01-31,Online Assessment,Not Available,40,Not Available,165,57,Not Available,No,6,0
4823,Itisha Srivastava,Female,27,2024,HBTU Kanpur,BCA,Computer Applications,8.92,0,Yes,No,0,3,TensorFlow | React | Spark,Naukri,Absolutdata,Automotive,Systems Engineer,Internship,Remote,2024-12-20,Rejected,5.0,23,Not Available,2917,64,Not Available,No,3,0
4824,Zaid Saxena,Male,24,2021,DTU Delhi,B.Sc (IT),Information Technology,7.26,3,No,Yes,6,0,PHP | TypeScript | Kotlin | Figma,Referral,PolicyBazaar,Manufacturing,Cloud Engineer,Full-time,Ahmedabad,2024-06-05,Technical Interview,3.0,13,Not Available,1914,90,Not Available,No,6,3
4825,Tanvi Majumdar,Female,21,2020,SRM University Chennai,B.Tech,Electrical Engineering,7.66,0,No,No,4,2,Ruby on Rails | Scala | Communication,Unstop,Wipro,E-commerce,Cloud Engineer,Internship,Indore,2021-03-11,Applied,Not Available,14,Not Available,1569,69,Not Available,No,6,1
4827,Uma Mathur,Female,25,2023,SRMIST Chennai,MBA,Marketing,9.32,0,Yes,No,6,5,Teamwork | Leadership | Tableau,Shine,L&T Infotech,Media & Entertainment,Network Engineer,Internship,Chandigarh,2023-07-02,Applied,Not Available,40,Not Available,1176,75,Not Available,Yes,11,0
4829,Jignesh Dhillon,Male,21,2020,BITS Pilani,B.Tech,Electronics & Communication,9.32,3,No,Yes,1,3,TypeScript | REST APIs | Python,LinkedIn,Hexaware,Retail,QA Engineer,Full-time,Surat,2023-01-31,Online Assessment,Not Available,41,Not Available,2686,92,No,No,4,3
4830,Mukesh Chaudhary,Male,24,2022,IIT Kharagpur,B.Tech,Electronics & Communication,8.05,3,No,No,0,3,Ruby on Rails | Communication | Node.js | Problem Solving,LinkedIn,Practo,Banking & Finance,Database Administrator,Internship,Nagpur,2022-01-25,Online Assessment,Not Available,12,Not Available,2578,66,No,No,3,0
4831,Kartik Choudhury,Male,21,2020,Jadavpur University Kolkata,M.Tech,AI/ML,9.2,1,No,No,6,1,Figma | Problem Solving | Git,Monster,LTIMindtree,Banking & Finance,Frontend Developer,Full-time,Remote,2024-01-13,Online Assessment,Not Available,3,Not Available,1644,82,Not Available,No,7,4
4832,Nisha Dey,Female,20,2020,IIIT Hyderabad,BCA,Computer Applications,8.9,0,No,No,6,5,REST APIs | Machine Learning | TypeScript | Teamwork | Cybersecurity,Naukri,Angel One,Logistics,Data Scientist,Internship,Kolkata,2023-05-12,Technical Interview,2.0,35,Not Available,2535,87,Not Available,No,11,3
4833,Lakshay Lodha,Male,22,2023,SRM University Chennai,B.E.,Electronics,8.93,2,No,No,6,4,Data Analysis | Teamwork | AWS | Linux | Ruby on Rails,Naukri,Google India,IT/Software,Full Stack Developer,Internship,Noida,2023-09-13,Online Assessment,Not Available,27,Not Available,768,89,Not Available,No,10,0
4834,Leena Rao,Female,24,2021,IIT Madras,B.Com,Commerce,6.07,3,No,Yes,5,4,Networking | PyTorch | Hive,Naukri,L&T Infotech,Banking & Finance,Digital Marketing Executive,Contract,Jaipur,2024-11-16,Shortlisted,Not Available,41,Not Available,138,64,Not Available,Yes,9,3
4835,Sagar More,Male,27,2020,SP Jain Mumbai,M.Tech,Data Science,7.91,1,No,Yes,2,0,Node.js | C++ | Linux | Laravel,Campus Placement,Mu Sigma,E-commerce,Network Engineer,Contract,Coimbatore,2024-01-18,HR Interview,1.0,6,Not Available,501,79,Not Available,No,2,4
4836,Trisha Khatri,Prefer not to say,26,2024,SP Jain Mumbai,B.Sc (IT),Information Technology,7.06,3,No,No,2,2,Java | REST APIs | JavaScript | React,Naukri,Tiger Analytics,Banking & Finance,SEO Analyst,Full-time,Pune,2024-10-18,Shortlisted,Not Available,45,Not Available,394,73,Not Available,No,4,0
4837,Ojaswi Ramachandran,Female,20,2020,JNTUH Hyderabad,MCA,Computer Applications,7.99,2,No,Yes,1,2,Swift | Git | Java | Selenium | GraphQL,Naukri,Coforge,Retail,Product Manager,Full-time,Ahmedabad,2024-11-17,Shortlisted,Not Available,22,Not Available,2538,86,Not Available,Yes,3,4
4838,Chitra Desai,Female,24,2021,Presidency University Kolkata,BBA,Marketing,8.34,2,No,No,0,3,C++ | Flutter | Data Analysis | SQL,LinkedIn,Tiger Analytics,E-commerce,DevOps Engineer,Full-time,Bhopal,2023-03-02,Applied,Not Available,37,Not Available,645,71,Yes,No,3,2
4839,Puja Kapoor,Female,25,2020,Lovely Professional University,MBA,Strategy,9.46,1,No,No,0,2,Kubernetes | Kotlin | AWS | Python,Referral,Ola,Retail,Database Administrator,Internship,Mumbai,2023-09-03,Offer,3.0,15,39195.0,2130,79,Not Available,Yes,2,3
4840,Furqan Arora,Male,22,2024,Lovely Professional University,B.E.,Electronics,8.08,2,Yes,No,5,2,Selenium | Node.js | Leadership | Teamwork | MATLAB,Naukri,Unacademy,Manufacturing,Technical Support Engineer,Full-time,Delhi NCR,2024-08-05,Offer,5.0,37,381231.0,1594,92,Not Available,No,7,0
4841,Firoz Desai,Male,23,2021,BIT Mesra Ranchi,M.Tech,Data Science,8.35,0,Yes,No,4,2,SQL | Laravel,Naukri,Upstox,Retail,Systems Engineer,Full-time,Chandigarh,2022-03-28,Shortlisted,Not Available,33,Not Available,2329,89,Not Available,No,6,1
4843,Lakshay Murthy,Male,22,2021,IIT Bombay,B.Sc (IT),Information Technology,6.93,0,No,No,5,2,JavaScript | Spark | SQL | PHP | Hadoop,Naukri,Absolutdata,Consulting,ML Engineer,Full-time,Lucknow,2023-01-27,Applied,Not Available,26,Not Available,689,71,Not Available,No,7,2
4845,Bhavna Rao,Female,24,2020,IIT Roorkee,M.Tech,VLSI,9.4,1,No,No,0,4,Laravel | C++ | Swift | Git | Flutter,Internshala,IBM India,Manufacturing,Recruiter,Contract,Nagpur,2024-09-06,Offer,1.0,40,890155.0,1991,82,Not Available,No,4,4
4846,Chitra Kumar,Female,20,2022,Thapar University,B.E.,Civil,8.51,3,No,No,4,2,R | Kubernetes | Django,HackerEarth,Uber India,Banking & Finance,ML Engineer,Full-time,Mysuru,2022-07-05,Rejected,4.0,30,Not Available,2276,99,Not Available,No,6,0
4847,Shivam Majumdar,Male,21,2020,Bangalore University,B.Sc (IT),Information Technology,6.09,0,No,No,0,2,Teamwork | Kotlin | Python | Spark,Cutshort,Zoho,Retail,Systems Engineer,Full-time,Lucknow,2023-06-20,Online Assessment,Not Available,30,Not Available,1422,88,Not Available,No,2,3
4849,Balram Majumdar,Male,22,2021,Bangalore University,BCA,Computer Applications,7.36,2,No,Yes,1,5,TypeScript | Bash Scripting | REST APIs,Internshala,Zoho,Media & Entertainment,UX Designer,Full-time,Kochi,2021-02-21,Rejected,4.0,4,Not Available,2539,66,Not Available,No,6,0
4851,Gopal Sandhu,Male,24,2020,PES University Bangalore,B.E.,Civil,9.97,1,No,No,6,2,Tableau | Hive | TypeScript,Naukri,Intel India,Manufacturing,DevOps Engineer,Full-time,Noida,2021-12-27,Rejected,1.0,31,Not Available,352,94,Not Available,No,8,1
4852,Lalit Sundaram,Male,22,2022,SP Jain Mumbai,B.E.,Electrical,9.5,0,Yes,Yes,6,3,Networking | MATLAB,Cutshort,BigBasket,IT/Software,Android Developer,Contract,Indore,2022-12-11,Offer,3.0,1,560639.0,2917,64,Not Available,No,9,0
4854,Shivam Bisht,Male,20,2021,DTU Delhi,MCA,Computer Applications,7.51,3,No,No,1,1,PyTorch | React | Tableau | Machine Learning,Unstop,Bajaj Finserv,IT/Software,Full Stack Developer,Full-time,Mumbai,2023-12-18,Technical Interview,1.0,7,Not Available,1593,100,Not Available,No,2,2
4860,Dimple Roy,Female,20,2020,IIT Kanpur,B.E.,Computer Science,9.4,2,No,No,6,5,Hive | REST APIs,Naukri,LTIMindtree,EdTech,Content Writer,Contract,Vadodara,2023-11-03,Offer,2.0,13,703188.0,2032,98,Not Available,No,11,3
4861,Hemant Thakur,Prefer not to say,26,2023,IIT Roorkee,BBA,Finance,9.54,0,No,No,0,3,TensorFlow | Docker | Ruby on Rails | Spark | Teamwork,Naukri,Zoho,AgriTech,Full Stack Developer,Full-time,Mysuru,2023-12-08,Withdrawn,Not Available,40,Not Available,1590,93,Not Available,Yes,3,0
4862,Lokesh Sodhi,Male,26,2023,IIIT Hyderabad,BBA,HR,9.29,0,No,Yes,3,4,R | Bash Scripting | MongoDB | Spark,Shine,Lenskart,Media & Entertainment,Embedded Engineer,Contract,Bhopal,2024-07-01,Withdrawn,Not Available,27,Not Available,85,83,Not Available,No,7,1
4863,Pranav Rawat,Male,27,2021,MNNIT Allahabad,B.Sc (CS),Computer Science,9.81,1,No,No,4,5,JavaScript | Hive | Swift | Azure | Communication,Indeed,Urban Company,Automotive,DevOps Engineer,Full-time,Surat,2021-08-21,Applied,Not Available,30,Not Available,1871,68,Not Available,No,9,0
4864,Akash Shukla,Male,26,2020,KIIT Bhubaneswar,MCA,Computer Applications,8.24,2,No,Yes,0,5,Leadership | Selenium,Internshala,Urban Company,EdTech,DevOps Engineer,Full-time,Remote,2023-10-08,Shortlisted,Not Available,13,Not Available,951,96,Not Available,Yes,5,3
4868,Kartik Chopra,Male,25,2022,Manipal Institute of Technology,MBA,Finance,6.15,0,No,Yes,0,3,R | GraphQL | Tableau | Python,Unstop,Amazon India,Retail,Product Manager,Full-time,Gurugram,2022-06-22,Offer,1.0,18,1866579.0,2614,99,Not Available,No,3,0
4870,Geetanjali Garg,Female,27,2024,IIM Calcutta,B.Com,Commerce,9.19,2,No,Yes,3,2,Docker | Swift | Kotlin | PyTorch | Git,HackerEarth,Urban Company,E-commerce,Technical Support Engineer,Internship,Noida,2024-04-30,Offer,5.0,23,28370.0,1775,86,Not Available,No,5,0
4871,Farhan Iyer,Male,20,2021,IIM Bangalore,B.Com,Accounting,7.6,0,No,Yes,6,2,Machine Learning | Excel | Leadership | PHP | Spring Boot,WorkIndia,Deloitte,HealthTech,Product Manager,Full-time,Patna,2023-11-06,Applied,Not Available,31,Not Available,480,83,Not Available,No,8,2
4872,Bhumi Lal,Female,24,2021,BITS Hyderabad,B.Sc (CS),Computer Science,9.73,2,No,No,6,2,Bash Scripting | Problem Solving | Flutter | Azure | Deep Learning,LinkedIn,Mindtree,Logistics,Android Developer,Contract,Vadodara,2021-11-03,Applied,Not Available,14,Not Available,516,64,No,No,8,0
4874,Gouri Goyal,Female,20,2022,SRMIST Chennai,B.E.,Computer Science,9.53,3,No,No,3,4,Java | PyTorch,Cutshort,Freshworks,Banking & Finance,Backend Developer,Full-time,Pune,2022-05-28,HR Interview,1.0,3,Not Available,1553,77,Not Available,Yes,7,0
4876,Mukesh Jadhav,Male,20,2022,IIT Delhi,B.Sc (IT),Information Technology,8.17,2,No,Yes,5,5,Excel | MATLAB | Hive | Git | Spring Boot,Referral,Flipkart,Consulting,Cybersecurity Analyst,Internship,Indore,2023-05-11,Online Assessment,Not Available,34,Not Available,606,89,Not Available,No,10,1
4877,Arjun Saxena,Male,20,2022,IIIT Hyderabad,B.Sc (CS),Computer Science,8.79,0,No,No,4,3,Figma | Azure | Swift | Spring Boot,Indeed,TCS,Retail,Full Stack Developer,Full-time,Vadodara,2024-09-29,Applied,Not Available,21,Not Available,104,86,Not Available,No,7,2
4878,Eshan Grewal,Male,27,2022,Bangalore University,B.Tech,Information Technology,7.12,1,No,No,2,4,Deep Learning | GraphQL,LinkedIn,Meesho,FinTech,iOS Developer,Full-time,Indore,2023-12-28,Technical Interview,1.0,30,Not Available,1580,90,No,No,6,1
4879,Bharat Sharma,Male,23,2022,Nirma University Ahmedabad,BCA,Computer Applications,7.96,3,No,Yes,5,2,Java | Ruby on Rails | Django | Excel | Data Analysis,Glassdoor,Zomato,Retail,Frontend Developer,Internship,Chandigarh,2024-08-16,Technical Interview,5.0,37,Not Available,1352,89,Not Available,No,7,2
4881,Pranav Bhatia,Male,21,2021,DTU Delhi,B.E.,Mechanical,6.8,3,No,Yes,3,4,Ruby on Rails | Node.js | Azure | Spring Boot | Communication,Internshala,Coforge,Consulting,Software Engineer,Full-time,Delhi NCR,2024-11-30,Online Assessment,Not Available,9,Not Available,1004,97,Not Available,No,7,3
4882,Dinesh Dey,Male,23,2021,DTU Delhi,BBA,Marketing,6.16,1,No,Yes,1,4,Communication | Django | Hadoop | R,AngelList,BYJU's,Banking & Finance,Network Engineer,Internship,Visakhapatnam,2021-10-16,Offer,4.0,30,35958.0,777,61,Not Available,No,5,0
4883,Varun Lal,Male,25,2024,Pune University,BBA,HR,8.11,0,No,Yes,0,5,Deep Learning | Linux | Bash Scripting,AngelList,Accenture,Media & Entertainment,Android Developer,Internship,Vadodara,2024-03-01,Rejected,1.0,39,Not Available,1131,91,Not Available,No,5,0
4885,Namrata Chauhan,Female,24,2021,HBTU Kanpur,B.Com,Accounting,5.91,3,No,Yes,6,3,Tableau | Deep Learning | REST APIs | Figma | TypeScript,Indeed,HDFC Bank,EdTech,Content Writer,Part-time,Coimbatore,2022-11-30,HR Interview,5.0,19,Not Available,214,79,Not Available,No,9,1
4886,Zaid Soni,Male,24,2024,BITS Pilani,M.Tech,Data Science,5.79,2,No,Yes,1,0,MATLAB | Django | Linux | Hadoop | Data Analysis,Cutshort,Microsoft India,IT/Software,Digital Marketing Executive,Full-time,Remote,2024-06-05,Withdrawn,Not Available,9,Not Available,455,67,Not Available,No,1,0
4890,Charmi Das,Female,20,2020,XLRI Jamshedpur,M.Tech,Software Engineering,7.32,2,Yes,Yes,2,2,TensorFlow | Django | Kubernetes,HackerEarth,Mu Sigma,Consulting,HR Executive,Full-time,Pune,2022-11-17,Applied,Not Available,23,Not Available,1488,97,Not Available,No,4,2
4891,Utsav Pandey,Male,26,2024,Amity University Noida,B.Sc (IT),Information Technology,7.0,2,No,No,5,4,Problem Solving | Machine Learning,Unstop,Intel India,Consulting,Data Scientist,Full-time,Hyderabad,2024-02-12,Applied,Not Available,32,Not Available,1947,63,Not Available,No,9,0
4892,Yamini Ahuja,Female,24,2022,XLRI Jamshedpur,BBA,HR,8.38,1,No,No,0,2,Python | Java | JavaScript | Data Analysis | Spring Boot,LinkedIn,Zomato,EdTech,Software Engineer,Full-time,Vadodara,2022-03-29,Rejected,4.0,31,Not Available,1186,99,Yes,No,2,0
4893,Harini Nair,Female,21,2021,IIIT Hyderabad,MBA,Finance,8.24,2,No,No,0,3,Hadoop | Node.js,Indeed,Urban Company,Telecom,Full Stack Developer,Internship,Nagpur,2021-11-16,Shortlisted,Not Available,36,Not Available,395,92,Not Available,No,3,0
4896,Gargi Ghosh,Female,27,2021,Pune University,M.Tech,AI/ML,7.92,0,No,Yes,1,3,Node.js | Kotlin | Scala | C++ | TensorFlow,Naukri,Mindtree,Telecom,Digital Marketing Executive,Internship,Lucknow,2024-07-04,Applied,Not Available,2,Not Available,239,83,Not Available,Yes,4,3
4898,Girish Mishra,Male,20,2020,SRMIST Chennai,MBA,Marketing,9.13,0,No,Yes,5,2,TensorFlow | Kotlin,Freshersworld,JPMorgan India,Manufacturing,Cybersecurity Analyst,Internship,Pune,2023-08-01,Applied,Not Available,40,Not Available,1189,78,Not Available,No,7,3
4899,Tushar Dubey,Male,27,2022,XLRI Jamshedpur,B.Com,Finance,8.52,0,No,Yes,0,5,Tableau | Git | Scala | Machine Learning | Leadership,Naukri,Freshworks,Media & Entertainment,Technical Support Engineer,Internship,Nagpur,2022-04-15,Offer,2.0,1,12036.0,1520,100,Not Available,No,5,0
4902,Bharat Shah,Male,24,2020,Kalinga University,B.E.,Electronics,6.0,0,No,No,4,4,Spring Boot | Machine Learning | Docker,HackerEarth,Mu Sigma,Telecom,Operations Analyst,Full-time,Mumbai,2022-02-24,Rejected,5.0,16,Not Available,1202,81,Not Available,No,8,2
4903,Sarika Balakrishnan,Female,21,2024,NIT Calicut,MBA,Marketing,9.63,3,No,No,0,5,Azure | Java,Indeed,PhonePe,Automotive,Software Engineer,Internship,Jaipur,2024-01-06,Technical Interview,2.0,10,Not Available,2435,98,Not Available,No,5,0
4904,Elina Goyal,Female,24,2020,GLA University Mathura,B.Tech,Mechanical Engineering,5.92,2,No,Yes,6,3,Django | Azure | Kubernetes,Naukri,Intel India,Logistics,Operations Analyst,Full-time,Vadodara,2022-04-30,Online Assessment,Not Available,19,Not Available,1369,76,Not Available,No,9,2
4905,Gopal Tiwari,Male,22,2022,IIT Kanpur,M.Tech,VLSI,8.37,2,No,Yes,2,2,GraphQL | MongoDB | Python | Data Analysis,Naukri,Zerodha,Consulting,ML Engineer,Full-time,Mumbai,2023-03-05,Applied,Not Available,27,Not Available,1608,95,Not Available,No,4,1
4906,Esha Khanna,Female,21,2020,IIIT Bangalore,BCA,Computer Applications,5.79,3,No,No,1,0,Power BI | R,HackerEarth,IBM India,FinTech,Full Stack Developer,Contract,Kochi,2021-04-12,Applied,Not Available,12,Not Available,194,80,Not Available,No,1,1
4908,Karan Saxena,Male,21,2020,VIT Vellore,M.Tech,Data Science,5.8,3,No,Yes,3,3,Hive | Laravel | Networking,AngelList,Unacademy,Telecom,Backend Developer,Full-time,Patna,2022-09-22,Offer,4.0,11,952357.0,286,89,Not Available,No,6,2
4910,Puja Rao,Female,27,2024,IIM Calcutta,B.Sc (CS),Computer Science,8.34,2,No,Yes,5,3,React | Docker | PHP | Deep Learning,LinkedIn,Urban Company,E-commerce,QA Engineer,Full-time,Chennai,2024-07-29,Shortlisted,Not Available,6,Not Available,1096,83,No,No,8,0
4915,Eisha Biswas,Female,25,2022,Nirma University Ahmedabad,B.Sc (IT),Information Technology,5.73,2,No,Yes,2,5,Django | Excel | Deep Learning | Swift | AWS,Naukri,PolicyBazaar,FinTech,Sales Executive,Full-time,Coimbatore,2024-12-22,Applied,Not Available,18,Not Available,1526,65,Not Available,Yes,7,2
4917,Jay Walia,Male,24,2021,Chandigarh University,B.E.,Computer Science,9.6,1,No,No,5,4,Power BI | Networking | Laravel | Spring Boot | Azure,Naukri,Ola,Consulting,Full Stack Developer,Internship,Kochi,2024-01-16,Online Assessment,Not Available,41,Not Available,1145,88,Not Available,No,9,3
4918,Firoz Roy,Male,23,2020,BITS Goa,B.Sc (CS),Computer Science,8.0,1,No,No,4,2,Spring Boot | PHP,Cutshort,BYJU's,FinTech,Content Writer,Full-time,Bengaluru,2021-06-23,Technical Interview,2.0,40,Not Available,1997,81,Not Available,No,6,1
4919,Mayank Murthy,Male,25,2021,Lovely Professional University,M.Tech,VLSI,9.67,1,No,Yes,4,3,Django | REST APIs,Indeed,ICICI Bank,IT/Software,iOS Developer,Contract,Indore,2021-03-22,Technical Interview,4.0,37,Not Available,1371,94,Not Available,No,7,0
4921,Urvashi Oberoi,Female,20,2020,KIIT Bhubaneswar,BCA,Computer Applications,6.41,3,No,No,6,2,AWS | MATLAB,Naukri,Tiger Analytics,Automotive,Digital Marketing Executive,Full-time,Kochi,2023-03-20,Online Assessment,Not Available,31,Not Available,2504,72,Not Available,No,8,3
4922,Chetna Goyal,Female,23,2023,IIT Madras,B.Sc (IT),Information Technology,7.41,3,No,No,2,0,Deep Learning | Git,Cutshort,Uber India,Consulting,Business Analyst,Full-time,Hyderabad,2023-10-29,Applied,Not Available,45,Not Available,1027,82,Not Available,No,2,0
4926,Onkar Dhillon,Male,24,2023,Osmania University Hyderabad,B.Sc (CS),Computer Science,7.09,1,No,Yes,1,0,Figma | PHP | Problem Solving,Indeed,Capgemini,Telecom,Product Manager,Internship,Mysuru,2023-11-12,Offer,2.0,18,13226.0,2524,85,Not Available,No,1,0
4927,Ravi Dhillon,Male,27,2020,BITS Hyderabad,B.Sc (CS),Computer Science,7.19,1,No,Yes,4,2,TypeScript | AWS,Naukri,JPMorgan India,Manufacturing,Digital Marketing Executive,Full-time,Bhubaneswar,2021-08-01,Offer,1.0,9,481333.0,2314,77,Not Available,No,6,1
4929,Balram More,Male,26,2024,Nirma University Ahmedabad,B.E.,Electronics,5.91,0,No,Yes,1,2,MongoDB | Spark | React,Naukri,Intel India,E-commerce,Systems Engineer,Part-time,Patna,2024-12-27,Withdrawn,Not Available,8,Not Available,1074,84,Not Available,No,3,0
4930,Kunal Lal,Prefer not to say,26,2024,Anna University Chennai,MBA,Operations,5.66,2,No,No,6,5,Excel | Figma | Django | Data Analysis | C++,Naukri,Zoho,FinTech,ML Engineer,Part-time,Chennai,2024-10-19,HR Interview,1.0,42,Not Available,1699,81,Not Available,No,11,0
4931,Hema Kapoor,Female,20,2021,XLRI Jamshedpur,B.Sc (IT),Information Technology,5.95,2,No,No,4,2,Linux | Spring Boot | SQL | R | Teamwork,Unstop,Texas Instruments India,HealthTech,Product Manager,Contract,Vadodara,2022-02-06,Rejected,4.0,38,Not Available,2737,78,Not Available,No,6,1
4932,Namrata Saxena,Female,24,2020,Osmania University Hyderabad,B.Com,Finance,6.99,0,No,No,6,2,Django | Machine Learning | R | Python | C++,Internshala,Coforge,Retail,Database Administrator,Part-time,Surat,2023-12-01,Online Assessment,Not Available,32,Not Available,451,97,Not Available,No,8,3
4934,Om Rawat,Male,21,2022,IIIT Allahabad,M.Tech,Software Engineering,6.74,2,No,No,5,0,Git | MATLAB | Kotlin | Networking,HackerEarth,Swiggy,AgriTech,Database Administrator,Full-time,Delhi NCR,2022-12-08,Online Assessment,Not Available,44,Not Available,1648,64,Not Available,No,5,0
4937,Naveen Ahuja,Male,24,2020,IIT Bombay,B.E.,Electronics,9.59,2,No,Yes,3,2,Python | Swift | Kubernetes | C++,Unstop,Urban Company,HealthTech,DevOps Engineer,Internship,Kochi,2022-08-13,Technical Interview,2.0,39,Not Available,2609,72,Not Available,No,5,2
4940,Inder Nair,Male,27,2020,IIT Delhi,M.Tech,AI/ML,9.36,0,No,Yes,1,2,React | TensorFlow | Linux | Spring Boot | Figma,LinkedIn,Tata Steel,IT/Software,Embedded Engineer,Full-time,Indore,2024-08-01,Applied,Not Available,33,Not Available,2908,68,Yes,No,3,4
4941,Pranav Biswas,Male,25,2020,NIT Warangal,B.E.,Civil,7.29,3,No,No,4,2,AWS | C++ | React | MongoDB,Naukri,Mu Sigma,IT/Software,Recruiter,Internship,Mumbai,2022-06-22,Applied,Not Available,21,Not Available,1532,85,Not Available,Yes,6,2
4942,Balram Malhotra,Male,20,2020,BITS Pilani,M.Tech,AI/ML,7.77,1,Yes,No,3,5,MongoDB | PHP | TypeScript | Docker | Leadership,Unstop,MakeMyTrip,Banking & Finance,Cybersecurity Analyst,Full-time,Delhi NCR,2021-03-24,Rejected,4.0,27,Not Available,1532,80,Not Available,No,8,1
4943,Nikhil Bisht,Male,23,2022,Mumbai University,BCA,Computer Applications,7.13,0,No,No,3,0,Hive | Bash Scripting | Tableau,Indeed,Amazon India,HealthTech,ML Engineer,Contract,Delhi NCR,2022-02-25,Online Assessment,Not Available,10,Not Available,2728,94,Not Available,No,3,0
4944,Arjun Jain,Male,24,2021,IIT Bombay,B.Sc (IT),Information Technology,8.97,3,No,No,5,2,Kubernetes | GraphQL | Ruby on Rails,Indeed,Samsung India,Banking & Finance,iOS Developer,Full-time,Jaipur,2023-03-25,Technical Interview,4.0,18,Not Available,2247,76,Not Available,No,7,2
4945,Ishaan Khatri,Male,21,2021,SP Jain Mumbai,B.Com,Accounting,8.26,1,No,Yes,1,4,Tableau | C++ | Spark | TensorFlow,LinkedIn,MakeMyTrip,E-commerce,Cybersecurity Analyst,Full-time,Coimbatore,2021-07-31,Online Assessment,Not Available,23,Not Available,879,66,No,No,5,0
4946,Radha Gupta,Female,23,2021,IIT Hyderabad,B.Tech,Electrical Engineering,8.36,0,Yes,No,4,0,Swift | R,LinkedIn,Accenture,AgriTech,DevOps Engineer,Full-time,Patna,2023-08-04,Shortlisted,Not Available,35,Not Available,2948,98,No,Yes,4,2
4950,Babita Natarajan,Female,24,2022,XLRI Jamshedpur,B.E.,Civil,7.54,2,Yes,No,3,3,PyTorch | React | Ruby on Rails | R | Python,Naukri,Coforge,EdTech,SEO Analyst,Full-time,Kochi,2024-03-19,Applied,Not Available,26,Not Available,635,96,Not Available,No,6,2
4951,Harish Lodha,Male,27,2022,MNNIT Allahabad,B.Sc (CS),Computer Science,6.74,1,No,Yes,3,3,Azure | Node.js | Django | Linux,LinkedIn,Coforge,Retail,ML Engineer,Internship,Indore,2023-08-21,Online Assessment,Not Available,8,Not Available,814,85,No,No,6,1
4952,Manish Choudhury,Male,25,2021,BITS Hyderabad,MCA,Computer Applications,8.93,0,No,No,3,3,TensorFlow | Python | Flutter | SQL,LinkedIn,PhonePe,FinTech,Digital Marketing Executive,Internship,Mumbai,2021-12-27,Online Assessment,Not Available,15,Not Available,2109,86,No,No,6,0
4954,Yash Rawat,Male,24,2024,Jadavpur University Kolkata,M.Tech,Data Science,8.18,0,No,Yes,4,1,Spring Boot | Spark | Laravel | Cybersecurity,LinkedIn,Paytm,IT/Software,Embedded Engineer,Internship,Delhi NCR,2024-01-18,Withdrawn,Not Available,12,Not Available,260,65,No,No,5,0
4955,Irfan Sundaram,Male,27,2021,Chandigarh University,MCA,Computer Applications,6.72,3,No,No,5,0,Figma | Spark,Monster,Amazon India,IT/Software,DevOps Engineer,Full-time,Coimbatore,2024-05-25,Shortlisted,Not Available,41,Not Available,2392,93,Not Available,No,5,3
4957,Dipali Chaudhary,Female,22,2020,IIM Bangalore,M.Tech,Computer Science,9.92,3,No,No,1,1,Problem Solving | Figma | PyTorch | Deep Learning | Ruby on Rails,Cutshort,Razorpay,AgriTech,Software Engineer,Full-time,Mumbai,2023-01-24,Applied,Not Available,39,Not Available,2239,94,Not Available,No,2,3
4958,Akhil Srivastava,Male,22,2020,BITS Hyderabad,MBA,Marketing,6.59,0,No,No,3,4,Git | Problem Solving | Kubernetes | PyTorch | Bash Scripting,HackerEarth,Siemens India,Media & Entertainment,Marketing Analyst,Internship,Indore,2024-06-16,Applied,Not Available,29,Not Available,1061,61,Not Available,No,7,4
4960,Rahul Jadhav,Male,26,2024,IIM Calcutta,BBA,HR,9.89,3,No,No,3,4,Tableau | Leadership | Problem Solving,Hirist,Tata Steel,Telecom,Backend Developer,Internship,Patna,2024-08-23,Applied,Not Available,1,Not Available,1657,77,Not Available,No,7,0
4962,Tushar Bisht,Male,26,2020,XLRI Jamshedpur,B.E.,Electronics,9.75,1,No,Yes,6,2,R | Scala | Teamwork | Machine Learning,AngelList,Capgemini,Banking & Finance,Frontend Developer,Full-time,Coimbatore,2023-01-15,Rejected,4.0,27,Not Available,1852,67,Not Available,No,8,3
4963,Yogesh Desai,Male,20,2021,NSUT Delhi,B.Com,Finance,9.22,1,No,No,3,4,Machine Learning | Ruby on Rails | Networking,Naukri,Razorpay,Banking & Finance,UX Designer,Full-time,Kochi,2023-06-10,Rejected,4.0,11,Not Available,2465,73,Not Available,Yes,7,2
4964,Gaurav Tiwari,Male,23,2020,BITS Hyderabad,B.Sc (IT),Information Technology,7.46,1,No,No,1,3,TensorFlow | Hadoop | SQL,Naukri,Persistent Systems,AgriTech,SEO Analyst,Contract,Noida,2021-01-28,Offer,3.0,30,848283.0,2028,91,Not Available,No,4,1
4967,Twinkle Shukla,Female,21,2022,IIT Delhi,BCA,Computer Applications,8.04,2,No,No,0,2,Java | R | Networking | React | Scala,Naukri,ICICI Bank,Manufacturing,Embedded Engineer,Full-time,Gurugram,2022-05-17,Online Assessment,Not Available,23,Not Available,1822,99,Not Available,Yes,2,0
4968,Simran Chatterjee,Female,27,2021,SRM University Chennai,B.Tech,Chemical Engineering,8.82,0,No,Yes,3,2,React | Azure | Bash Scripting | Deep Learning,Monster,TCS,EdTech,UX Designer,Full-time,Kochi,2021-04-15,Shortlisted,Not Available,13,Not Available,1128,95,Not Available,No,5,0
4969,Ekansh Jain,Prefer not to say,27,2021,IIT Bombay,B.E.,Computer Science,6.4,2,No,No,2,0,MATLAB | TensorFlow | Leadership | Figma | Ruby on Rails,Internshala,Mindtree,Media & Entertainment,Backend Developer,Full-time,Mumbai,2024-09-23,Applied,Not Available,21,Not Available,1422,80,Not Available,No,2,3
4970,Ekansh Venkatesh,Male,25,2022,XLRI Jamshedpur,B.Com,Accounting,6.99,1,No,No,4,1,PHP | Scala,Naukri,Tata Steel,IT/Software,Software Engineer,Contract,Ahmedabad,2023-02-10,Technical Interview,1.0,8,Not Available,2899,68,Not Available,Yes,5,1
4971,Riya Ahuja,Prefer not to say,21,2022,BITS Goa,B.Sc (CS),Computer Science,7.33,2,No,Yes,4,2,JavaScript | Scala | Hive | Azure,HackerEarth,Uber India,FinTech,Cloud Engineer,Full-time,Ahmedabad,2024-10-08,Applied,Not Available,10,Not Available,1087,66,Not Available,No,6,2
4973,Vibha Venkatesh,Female,25,2020,IIT Hyderabad,BCA,Computer Applications,5.96,0,No,No,6,3,SQL | Kubernetes | Scala,LinkedIn,Tech Mahindra,HealthTech,Cloud Engineer,Full-time,Chandigarh,2023-07-11,Offer,2.0,42,584467.0,513,78,No,No,9,3
4977,Brijesh Bhatt,Male,20,2020,Christ University Bangalore,BBA,Marketing,8.53,1,No,Yes,1,4,GraphQL | Machine Learning | TensorFlow,Referral,Persistent Systems,Automotive,Software Engineer,Full-time,Indore,2023-08-03,Offer,5.0,39,1040093.0,2744,71,Not Available,No,5,3
4978,Zaid Pillai,Male,23,2022,BIT Mesra Ranchi,MBA,Marketing,9.56,1,No,Yes,0,1,MongoDB | Hadoop | C++ | PyTorch | Docker,Indeed,Axis Bank,FinTech,ML Engineer,Full-time,Bengaluru,2022-05-07,Online Assessment,Not Available,22,Not Available,203,65,Not Available,No,1,0
4980,Lakshay Chaudhary,Male,23,2024,NIT Trichy,MBA,Business Analytics,8.94,2,No,Yes,4,1,JavaScript | Power BI,LinkedIn,Mphasis,FinTech,ML Engineer,Full-time,Noida,2024-03-08,Shortlisted,Not Available,24,Not Available,1334,69,No,No,5,0
4981,Girish Mathur,Male,20,2022,IIM Bangalore,BBA,HR,5.8,3,No,Yes,5,4,Hive | Kotlin | Leadership | Swift,Monster,Intel India,Manufacturing,Sales Executive,Contract,Coimbatore,2022-03-25,Shortlisted,Not Available,12,Not Available,1028,73,Not Available,No,9,0
4982,Irfan Oswal,Prefer not to say,23,2020,Anna University Chennai,B.E.,Electronics,8.39,3,No,Yes,3,3,Ruby on Rails | React,LinkedIn,PolicyBazaar,E-commerce,DevOps Engineer,Full-time,Indore,2021-02-01,Applied,Not Available,35,Not Available,2138,60,No,No,6,1
4984,Ravi Singh,Male,23,2023,IIIT Hyderabad,M.Tech,VLSI,7.49,1,Yes,Yes,0,1,Deep Learning | Ruby on Rails | GraphQL | Tableau,LinkedIn,NIIT Technologies,Manufacturing,Software Engineer,Full-time,Kolkata,2023-06-16,Shortlisted,Not Available,30,Not Available,186,88,No,Yes,1,0
4985,Vibha Mukherjee,Female,21,2021,IIT Roorkee,B.Sc (CS),Computer Science,6.32,2,No,Yes,2,1,Bash Scripting | Laravel | Cybersecurity | Ruby on Rails,LinkedIn,Mphasis,Logistics,SEO Analyst,Contract,Delhi NCR,2021-03-18,Shortlisted,Not Available,41,Not Available,2196,92,No,No,3,0
4989,Kunal Srivastava,Male,23,2020,VIT Vellore,BBA,Business Administration,8.73,0,Yes,No,5,5,Networking | Laravel | Hive,Naukri,PhonePe,Banking & Finance,DevOps Engineer,Full-time,Patna,2022-05-23,Applied,Not Available,13,Not Available,371,86,Not Available,No,10,2
4993,Varun Ghosh,Male,26,2020,Nirma University Ahmedabad,B.Com,Commerce,9.32,2,No,No,4,0,Spark | Networking | Flutter | Excel,Unstop,Hexaware,HealthTech,Marketing Analyst,Full-time,Delhi NCR,2023-03-16,Offer,4.0,14,387946.0,805,71,Not Available,No,4,3
4994,Darshan Khatri,Male,24,2022,Bangalore University,B.Com,Commerce,7.55,3,No,No,6,3,Tableau | Azure | PHP | Selenium | Kubernetes,LinkedIn,HCL Technologies,Banking & Finance,UX Designer,Internship,Jaipur,2023-05-14,HR Interview,1.0,5,Not Available,1498,78,No,Yes,9,1
4995,Meera Anand,Female,26,2021,JNTUH Hyderabad,MBA,Strategy,8.03,1,No,No,4,2,Spring Boot | PHP | Selenium | MATLAB,AngelList,Infosys,Media & Entertainment,QA Engineer,Full-time,Ahmedabad,2022-03-12,Applied,Not Available,5,Not Available,458,76,Not Available,No,6,1
4996,Bhumi Shukla,Female,20,2021,IIM Calcutta,B.Sc (CS),Computer Science,7.94,1,Yes,Yes,4,1,Node.js | Kubernetes | Spring Boot | PyTorch | Tableau,Referral,Microsoft India,Consulting,Software Engineer,Internship,Visakhapatnam,2023-10-15,Technical Interview,5.0,40,Not Available,1392,84,Not Available,Yes,5,2
4998,Ojaswi More,Female,21,2020,NIT Calicut,BBA,Marketing,9.71,1,No,No,4,0,Linux | TypeScript | Power BI | Scala | Django,Foundit,Cure.fit,Media & Entertainment,Marketing Analyst,Internship,Nagpur,2023-04-10,Applied,Not Available,12,Not Available,1159,66,Not Available,No,4,3
4999,Ojaswi Kumar,Female,23,2021,Pune University,M.Tech,VLSI,6.84,1,No,No,1,1,SQL | Deep Learning | JavaScript,Internshala,Practo,EdTech,Digital Marketing Executive,Full-time,Bhopal,2024-01-19,Applied,Not Available,21,Not Available,399,84,Not Available,Yes,2,3
5000,Shivam Sharma,Male,25,2020,Jadavpur University Kolkata,MBA,Operations,7.2,0,No,Yes,4,1,Hadoop | Django | Docker,Unstop,Cure.fit,E-commerce,Sales Executive,Full-time,Mumbai,2022-03-27,Technical Interview,3.0,14,Not Available,2586,87,Not Available,Yes,5,2
